"","Astrocytes1","Astrocytes2","Astrocytes3","Astrocytes4","Astrocytes5","Endothelial","ExNeuron1","ExNeuron10","ExNeuron11","ExNeuron12","ExNeuron13","ExNeuron14","ExNeuron2","ExNeuron3","ExNeuron4","ExNeuron5","ExNeuron6","ExNeuron7","ExNeuron8","ExNeuron9","Fibroblast","InhNeuron1","InhNeuron2","InhNeuron3","InhNeuron4","InhNeuron5","Microglia1","Microglia2","Microglia3","Microglia4","Microglia5","OPC1","OPC2","OPC3","Oligodendrocytes1","Oligodendrocytes2","Oligodendrocytes3","Oligodendrocytes4","Oligodendrocytes5","Oligodendrocytes6","Oligodendrocytes7","Oligodendrocytes8","Pericytes","SMC","VLMC1","VLMC2"
"Astrocytes1",0.367953916204123,0.155532811085305,0.282592169778723,0.438841431676923,-0.0453411014447112,-0.131045764498506,0.655884912980532,0.0935313851819776,0.0864316113144992,0.0584821565256947,0.0385772459070888,0.0815660442554904,0.0354944954008057,0.0839612119303494,0.060534407572159,-0.00500290866783013,0.0218880534670008,0.148245832731917,0.282749631495843,0.0150979543098584,0.0541852012229527,0.00989996807026292,0.0730806072773557,0.136158021581003,0.130636364033994,0.0226106277911183,-0.00651104200291304,-0.136994318256374,-0.0275251829398977,-0.0614336889343778,-0.0695097254480005,0.0179427626658269,0.0741425990805985,0.0175228647535068,-0.0681870470241922,-0.230428602046128,-0.111016634080839,-0.0300480695630875,0.0920232518468947,-0.199643086774528,-0.291810678528783,-0.117675515140381,0.010718768999287,-0.231873750694362,0.00490143333901945,-0.0187003284826377
"Astrocytes2",0.112026138645042,-0.0593027070293535,0.0360438618360911,0.251659690237811,-0.210077549895682,-0.354149772336601,0.730708971381333,-0.159322389743993,-0.207570409444204,-0.189513049639806,-0.249364248317128,-0.165109982635472,-0.230076937544559,-0.20643318593167,-0.163288675440783,-0.291242066772516,-0.235514615509104,-0.110418279555783,0.0695709605602138,-0.235742060211611,-0.251070083585928,-0.250179550096883,-0.20801130225214,-0.148670979368141,-0.144965380291916,-0.234792041184987,-0.258266084058313,-0.382366912044509,-0.289048100180644,-0.315144755431336,-0.346619603108994,-0.25463221754211,-0.225517546046617,-0.266877490410144,-0.290481001806436,-0.319635913518526,-0.32662896333329,-0.264013436733194,-0.144988124762167,-0.39026624152003,-0.407354336976822,-0.272595100316236,-0.272077226224374,-0.462152764109226,-0.248778140814514,-0.280658889807416
"Astrocytes3",0.191360600454015,0.225003171104025,0.28628377225787,0.277124749045388,0.126538860239604,0.0322367874310558,-0.0743105582455265,0.0641927681332476,0.141634190187511,0.134299973318987,0.0764205452549349,0.0241397560218172,0.035440258587131,0.083469581458008,0.0887200549366435,0.0565978646441584,0.100303988592773,0.172068040957542,0.103061318217008,0.0783818184203965,0.1435009863227,0.0744557729402039,0.0619060740857379,0.11973301491075,0.125819785064756,0.0646651532846077,0.0691738071181444,0.134431191416587,0.066638673472512,0.0572434576843505,0.114869197426376,0.121039947162846,0.133372698762613,0.166341683178277,0.129467648178037,0.229450589825349,0.365700464074672,0.10652197684438,0.305053208938577,0.15645308734314,0.134737366977654,0.348720842245229,0.121613807643017,0.0795680300227007,0.0965738954716634,0.150548272951139
"Astrocytes4",0.274607111146103,0.0990477940050825,0.199515367826197,0.342093453529111,-0.0755387596390627,-0.113656742204552,0.750041771094403,0.159201669094201,0.104300017058353,0.0725102459464543,0.0748669229793506,0.167625870960123,0.0935576288014976,0.130160479733365,0.111677973292743,0.0360211173658404,0.0624484422224847,0.185107620709715,0.310937028434962,0.0700695893310939,0.0657971280732372,0.0420379045344601,0.127544865654538,0.13204827076417,0.169646629663163,0.081552047658413,0.037405030901862,-0.140253775800758,0.0108009990071164,-0.0313672488376263,-0.0510394660298215,-0.0184536384591496,0.0408359467604439,0.00841807835470001,-0.104866879239985,-0.377567828821618,-0.198647578807402,-0.0561569718362223,-0.0360666063063418,-0.251867889619336,-0.328422277333823,-0.240415174060806,-0.0133641258469035,-0.257401794188788,0.0369938808627153,-0.0245946454268306
"Astrocytes5",0.302981712571131,0.330796450113066,0.413442856705463,0.411740520585933,0.269370634264544,0.0911029755890599,-0.0203519269377633,0.129602365424906,0.206844335970817,0.22274796939994,0.14859924680812,0.0968275837936902,0.132769095513653,0.156885232277902,0.155903720907854,0.105881632528092,0.180651454115218,0.238516885582193,0.217016362896771,0.160811277758095,0.207601901787628,0.136898091651467,0.130396672309045,0.194856250574079,0.196166681975445,0.136493939910859,0.138784133107638,0.182871664326611,0.154196136064419,0.13509602977776,0.180231556202898,0.208849348502145,0.235413140180294,0.211790383463021,0.197783288937877,0.240425671508614,0.324088580963753,0.171697131134993,0.32163567732595,0.153891710077987,0.177227536555175,0.320092552498174,0.203511396291777,0.127926272924895,0.196698552664383,0.225842966928665
"Endothelial",9.01030936853477e-05,0.0222239717968569,0.043498799354407,0.0310208330599623,0.0438434655574363,0.238683095172486,-0.161831279770106,0.0039304194167793,0.0262130019638975,0.0365267444352592,0.0444715628512818,-0.0260835334409322,0.0347649227781496,0.0331413175171786,0.0212004706355767,0.0267326256303936,0.0527715449181418,0.0138557563192449,0.0317119150406557,-0.0372335725876646,0.0761091209699642,0.0476050510219703,-0.0093715965305935,-0.0681030674417282,-0.0758046949835321,0.0761248671416762,-0.0261272728067988,0.112374303997341,0.0494281077912932,0.0171694506773041,0.11694769209236,0.0660175744772052,0.0867027953828725,0.0797954747252074,-0.00532657997524352,0.0820191840858691,0.0914511409413586,0.020768325700814,-0.0111631609564925,-0.0318973699519304,0.0472516369457676,0.100694143736304,0.130193721651423,0.270336399462881,0.100909341416368,0.125261670756297
"ExNeuron1",0.119820493642483,-0.106123073827676,0.0219055492133475,0.200650841764096,-0.228222388431812,-0.262283107419509,0.849011709028243,-0.00291566612867247,-0.0800194202784448,-0.0765237701583802,-0.0457592497823966,0.0136090662957568,-0.0575251392005319,-0.0451958867500339,-0.0621020264448206,-0.142606953684385,-0.117042169122632,0.0574534066405105,0.225339089433881,-0.0851264286370376,-0.116331841820957,-0.0983322179795037,-0.0515853333158376,-0.0188805346700084,0.0157347994768772,-0.0642015160064209,-0.110232824644508,-0.270327651589707,-0.138303000083105,-0.209550927930647,-0.220104362126958,-0.200923775407104,-0.11426734375205,-0.173089792544188,-0.262321598061471,-0.493550630502959,-0.302976463847227,-0.209312985780332,-0.190169140127806,-0.360355513565764,-0.445979696186365,-0.327346288933503,-0.182656466646547,-0.390836602850932,-0.151716988807096,-0.230752273353541
"ExNeuron10",0.330152606647509,0.406190869844769,0.421937041556772,0.303545075603494,0.375755269500103,0.394283264881226,-0.270406382448267,0.358081066540697,0.409151150126625,0.368617004990662,0.376890743438002,0.326034107957503,0.352979306906008,0.386159989852467,0.367707226180635,0.396764161713183,0.421735840473785,0.349513399554733,0.296464547056997,0.371194128427526,0.446891224571026,0.40429433094079,0.329321558696042,0.340900243628268,0.350773093291693,0.301839240334694,0.370142634072091,0.408064664278497,0.354286239158105,0.372604285583068,0.44797596084452,0.443925695565266,0.450668556207272,0.456690592099796,0.328814182051989,0.179094332690365,0.34690303419981,0.346852296535405,0.32702261762609,0.318052548474152,0.244110275689223,0.274005257471777,0.452106706556968,0.426877840325071,0.398267046324362,0.471969627384342
"ExNeuron11",0.345195449356375,0.263988942688309,0.326901896976298,0.394027826984564,0.190506808032297,0.258577508343284,0.160590831354127,0.300679272351909,0.390987066269513,0.252747925660574,0.306844773364476,0.349049762276546,0.33876401299934,0.299869219296059,0.277395933113762,0.32843977308017,0.406999173325985,0.296448800885285,0.36991343979495,0.329241078262847,0.317779614831144,0.304638559750161,0.3307527107472,0.304573825488678,0.331576760400128,0.285011831498467,0.327418021493524,0.280683383852301,0.313953295105128,0.286691423147747,0.317714880569661,0.292234075590372,0.34115218237566,0.265022941297397,0.164497631513338,-0.0932759472853163,0.144260301714146,0.194735529924287,0.170671880399078,0.113411801755698,0.0347911663976696,0.0970182874288688,0.293352053781924,0.253501992328115,0.33471899644399,0.303293136856102
"ExNeuron12",0.349569385943043,0.208599159329388,0.339794512459158,0.461983055369663,0.085686292520131,0.0385562510114728,0.58804865567059,0.248552445686642,0.188024161625705,0.193318374470207,0.200950019026624,0.263149146863669,0.159320640169359,0.261193122422111,0.207190751748481,0.145166581374903,0.151603266455843,0.323745664335358,0.365338302125296,0.183545250560957,0.190356344613716,0.136791367598753,0.202115235733312,0.213162049976599,0.264372099533301,0.159691549991908,0.147476019892664,0.0142634072091223,0.133042029156661,0.08737288246795,0.10236848666168,0.134147760325771,0.205731606503169,0.136602413538209,0.0380068845761874,-0.19569254724945,0.026925078840207,0.121731029143539,0.149292078363448,-0.0374592677155367,-0.163572106531599,-0.0247940969351826,0.140266022823201,-0.0863458821574005,0.147218832421368,0.0781963635091218
"ExNeuron13",0.391651904630687,0.285288264290744,0.392372729380169,0.4678038901792,0.169396440490406,0.0930834940755029,0.423947302812004,0.304853757430225,0.262263862098527,0.268469603327691,0.308834039724092,0.350080261736365,0.232288399882778,0.340280894207596,0.282560677435299,0.218216571096152,0.248664418463261,0.354223254471257,0.364757443346586,0.284184282696269,0.264779750423178,0.223332327327918,0.292757198406137,0.253540482970078,0.333097140757653,0.225720496704239,0.240789583032625,0.137587424057526,0.24368162990373,0.207029790882092,0.19855310177713,0.229690281550298,0.299673266936976,0.231492343424005,0.145931145490253,-0.125167193726025,0.105166056502513,0.160951243728868,0.2078275969155,0.0681730504271149,-0.0599010615544096,0.0593971840596255,0.223732979919257,0.0295599382400154,0.221687727171331,0.178737419464893
"ExNeuron14",0.260148626365215,0.114027652027101,0.242446430211655,0.355168024773977,-0.0240207849466598,-0.0909595104690172,0.570607146137595,0.146377287022093,0.108189321471217,0.116366833313651,0.116485804388808,0.171775861993553,0.0725434878645129,0.151242854081102,0.118142651567838,0.0409321733653505,0.060345453511615,0.223976170793476,0.258346564491508,0.124964243068404,0.0755265126166201,0.0723265406098142,0.122635559229662,0.126916768360692,0.184598494491027,0.0746972142397879,0.0654507122955731,-0.0381451009723261,0.0593202027757002,0.00991921339124425,-0.01653435508492,0.0154741128563118,0.0828834739553946,0.0572067166170225,-0.0342697931565388,-0.225011918977199,-0.00985622870439624,0.0136510560869889,0.07074667471471,-0.0761668569329082,-0.199284423974421,-0.0454198323032713,0.0206546033495606,-0.200304425986432,0.0233664440332944,-0.00979324401754823
"ExNeuron2",0.393436470758047,0.444319349858066,0.45598376394739,0.341489850280151,0.405303835504993,0.463757124049216,-0.232115191993946,0.404474537128161,0.491633096703364,0.395168549646367,0.437426025797478,0.405910937903222,0.433708179698811,0.439789701128913,0.378969238103986,0.451053462626899,0.491928774816623,0.387255223573769,0.342676061882455,0.419442148127736,0.490649835758681,0.488144444881838,0.398818162334282,0.408573790497185,0.41432989104524,0.390455195580574,0.434054595476475,0.479109641468418,0.412195409990946,0.410452833654818,0.49357337497321,0.479426314477293,0.506926128584988,0.47074667471471,0.331368561018602,0.140035078971425,0.346845298236866,0.406166375799884,0.330077374938218,0.344765053996247,0.241282963079601,0.22784273073609,0.495868816893893,0.479216365521133,0.458574883981332,0.522878750103881
"ExNeuron3",0.0329313685610186,-0.172578916750865,-0.0789976686917993,0.122212162168073,-0.287935370712995,-0.343027726384023,0.911135605155996,-0.0732940553827851,-0.153225122142179,-0.159394122304015,-0.129518385842442,-0.0338813875876428,-0.124731549641993,-0.113205351948807,-0.138003822820577,-0.21870295284459,-0.194501086923242,-0.0466322875250955,0.122399366653982,-0.165561372891216,-0.206081521430102,-0.184372799363155,-0.132639626990688,-0.0982709828672904,-0.0759849011709028,-0.154306359266403,-0.169022031518587,-0.393432971608778,-0.195284896359573,-0.288283536065294,-0.326076097748735,-0.263002182594357,-0.183314306709181,-0.266737524439371,-0.360861140635183,-0.561896014031589,-0.428783127102223,-0.279885577818893,-0.294674732205732,-0.430298258735845,-0.540103312382177,-0.448663543675944,-0.256261071526985,-0.468220288942251,-0.228791000188079,-0.312779330525266
"ExNeuron4",0.0426555043804975,-0.168231223783718,-0.0594759149181855,0.13659541523967,-0.283549187103885,-0.333996422119872,0.912153857593373,-0.064437708582101,-0.16023566770329,-0.156363859036772,-0.137568178736545,-0.0479917070162317,-0.137389722123809,-0.10757172162518,-0.125978996356511,-0.215574713397805,-0.215975365989144,-0.0330853311288693,0.127191451578335,-0.175971341967484,-0.197536598914389,-0.184386795960232,-0.150336574420344,-0.0848989839345309,-0.0749614000096226,-0.163068229036815,-0.189483306871017,-0.395905120567562,-0.213758654927021,-0.287772660271971,-0.313872814671933,-0.260216859775967,-0.185356060307838,-0.258028141907999,-0.361791914340826,-0.542718926461004,-0.405204109750817,-0.264702769139253,-0.266461091647093,-0.420570623767097,-0.538362485620683,-0.428296745353786,-0.247507949629746,-0.473483009443329,-0.22734060281594,-0.319210766882302
"ExNeuron5",0.455437896661374,0.389972312981406,0.46378861639264,0.485019704584323,0.316262733622888,0.362437507381018,0.122080944070473,0.409037427775372,0.486697546658969,0.350928805434179,0.416704063824483,0.448289134704125,0.427483193148666,0.424843085024953,0.374971460063772,0.422857317814606,0.497432936617285,0.395873628224138,0.455677588386324,0.419667843255608,0.417015488109453,0.411952219116727,0.424706618203449,0.4113048765019,0.429909853166949,0.386389184129608,0.402576248649547,0.38716949441667,0.381537613667677,0.369129630358619,0.408395333884449,0.401391786621878,0.455009250875881,0.370891452015729,0.255699458069257,-0.0488420002886798,0.216243050908248,0.320577184671977,0.272435889024481,0.197632825519296,0.08317040419548,0.107536730132487,0.404619751822838,0.321105556211646,0.415411128169464,0.406876703101558
"ExNeuron6",0.170566905920998,-0.0784657980028605,0.0553679136759875,0.258425295350068,-0.184542508102717,-0.201681341223915,0.794998840906805,0.00913190480564413,0.0155930839314692,-0.056195462478185,-0.0282407589654765,0.0723650312517769,0.0273537246257004,-0.0259715606643135,-0.0450821643987805,-0.0997178810901599,0.0116880333468925,0.0195471226058165,0.238243951939185,-0.031290267553701,-0.0902421848688038,-0.0484990836602851,-0.020558376744654,0.00350527278055523,0.0366702095553019,-0.035513740721787,-0.0463785992030687,-0.191504065574057,-0.0738801628853985,-0.158808014801401,-0.158912989279481,-0.114961924882013,-0.0268638437279936,-0.133901070302283,-0.237519628040433,-0.509417522864754,-0.302252139948475,-0.190186635874153,-0.192321116928447,-0.35633149190603,-0.441500785121617,-0.37660906192182,-0.103078813963355,-0.28205155121661,-0.0957026073035993,-0.155851233668814
"ExNeuron7",0.237260690994502,0.041838453026108,0.187074142599081,0.336816736430955,-0.0265016817786176,-0.122880499678516,0.694840941796026,0.134935068911371,0.0770836340414737,0.087708800797806,0.116118393715528,0.153134144261176,0.0851124320399603,0.109793681411207,0.0922629435718441,0.0376289764550993,0.0228870605833957,0.268035708818294,0.35916930196346,0.114158870124701,0.0556093549755716,0.0484903357871118,0.118532806711368,0.142463488564343,0.157327874660473,0.0674154846103041,0.0468457356305248,-0.0668258779584213,0.0192689402389044,-0.0442266224024284,-0.03725806663255,-0.0435740310636976,0.054398649328382,-0.00878723860261474,-0.0691580609464324,-0.284530698473933,-0.0895808456568997,0.0212809510687714,0.033202552629392,-0.119043682504691,-0.198126205566272,-0.122392368355444,0.000188079273226697,-0.243158507087964,0.0130684477336448,-0.0452028850485726
"ExNeuron8",0.343899014552087,0.15931364187082,0.296760225170255,0.416390889964877,0.0702655416901766,0.035408766243707,0.64509878535781,0.250155056051997,0.191901219016127,0.179620954655399,0.203306696059521,0.267185415545845,0.190554046547433,0.224539533825839,0.193010449334506,0.126260677872692,0.161374640790458,0.299744999496997,0.45703350872819,0.200470635576725,0.166679351082768,0.182985386677864,0.197652070840277,0.251395504467976,0.270399384149729,0.174436965012881,0.135633149190603,0.0778167058133991,0.125916011669663,0.0750628753384333,0.0773145778932497,0.107841156118919,0.190389586531774,0.134796852515232,0.0347509261810722,-0.250749911427784,-0.0579310405157746,0.0912481902837372,0.0949310448897112,-0.054167705476606,-0.186209852729555,-0.137359979355019,0.126467127679583,-0.0947578370008791,0.150004155239757,0.0745257559255906
"ExNeuron9",0.337100167521771,0.111100613663303,0.253953382583859,0.363158332130501,0.0585766335559667,0.000532745476256085,0.593404103627306,0.225421319441711,0.183508509493629,0.166534136388091,0.184649232155432,0.249049324882888,0.194732030775018,0.19818919025312,0.183298560537469,0.127406649258399,0.169324707930384,0.270527103098059,0.435965130977531,0.210493948658732,0.17378437367415,0.162872276677733,0.211300502565314,0.245849352876082,0.242495418301425,0.181354783118354,0.13144466751521,0.0580955005314333,0.106546470889265,0.0479917070162317,0.0924536472070228,0.087735044417326,0.165228953710629,0.131581134336714,0.0145993255389783,-0.258325569595892,-0.101890852786416,0.0524863642526911,0.0366457155104165,-0.0903174165780944,-0.158911239704847,-0.143870146570615,0.0849969601140723,-0.0807140014084076,0.123818271682697,0.0671512988404694
"Fibroblast",0.196066956221269,0.247842118384968,0.152733491669838,0.0568533025408198,0.383374667034077,0.408047168532151,-0.175275011262887,0.391599417391647,0.36852252796039,0.383269692555997,0.437957896486417,0.41590450821644,0.453424136256873,0.403260332331702,0.383873295804957,0.397885639054005,0.417731064135032,0.277465916099148,0.273756817873654,0.408253618339041,0.371286855883163,0.440916427193638,0.394493213837386,0.330654734567658,0.332470793038443,0.41419867294764,0.48579476614748,0.382499879716744,0.441313580635708,0.397848897986677,0.388915569902067,0.387715361702686,0.366195593696283,0.372247372357596,0.285321506208803,-0.0865733268599072,-0.0454985631618313,0.290545736067918,0.0782873413901245,0.165813311638608,0.171873838173094,-0.191693019634601,0.396281279114015,0.400711202088992,0.421214467232654,0.390259243221492
"InhNeuron1",0.443495300205138,0.376427106159815,0.417230685789517,0.397586461791477,0.231798518985072,0.26188245482817,0.287422745345038,0.347142725924759,0.367577757657669,0.293150852698938,0.301443836467259,0.379723304771527,0.322732660621886,0.372660271971377,0.287120068933241,0.33437433024096,0.342298153761367,0.330096620259199,0.387435429761139,0.278949555389346,0.333999921269141,0.405135876340065,0.345562860029655,0.324601206331711,0.322485970598398,0.328166839437162,0.263177140057823,0.18584069248164,0.287114820209337,0.220781447510574,0.291800181080975,0.292186837075236,0.346101729017133,0.295694734217743,0.145864661654135,-0.122857755208265,0.0283789753616152,0.256617984752457,0.267799516242614,0.0537862982062486,-0.109830422478535,-0.0270388011914603,0.33576874122479,0.18931184855682,0.297318339478714,0.314815835400018
"InhNeuron2",0.33983650225039,0.202603367056384,0.257541760159561,0.292729205211983,0.0876318195138807,0.194277141370004,0.236548614118192,0.260311336806239,0.318946581112467,0.24593858118245,0.257053628836489,0.347373669776536,0.26731838321808,0.282940335131021,0.245237001753949,0.287448988964558,0.330423790715882,0.242136755501319,0.325507485992468,0.299193883487077,0.276920048813132,0.266641297834464,0.340408613155926,0.240112497649009,0.280797106203554,0.295441045895717,0.259821455908532,0.15907744929514,0.197753546169088,0.203819321427478,0.256290814295774,0.264701019564618,0.302022945671334,0.250588950561395,0.101673905531718,-0.190986191482196,0.119244883587678,0.163376154172517,0.131595130933792,0.0108919768881191,-0.116653763553736,-0.0192776881120777,0.2090085597939,0.116690504621064,0.197708057228586,0.181601473141842
"InhNeuron3",0.383276690854536,0.334411071308288,0.409333105888631,0.399232811522699,0.22277421301946,0.27322669675935,0.222371810853486,0.358187790593412,0.383539127049736,0.330296071767551,0.326942137192895,0.380781797425501,0.334953439445035,0.381597099205256,0.328854422268586,0.370324589834097,0.370760233918129,0.368707982871664,0.420617862282233,0.328011127294676,0.362360526097093,0.413705292900663,0.367766711718213,0.414797027472696,0.336092412532203,0.346180459875693,0.255834175316126,0.248587437179336,0.276939294134114,0.254735442445555,0.304621064003814,0.306878015282534,0.386361190935454,0.354643152383577,0.181071352027538,-0.0588110765570121,0.152212118428707,0.30784727963014,0.288761169940558,0.135669890257931,-0.00466873991260875,0.0675624488796161,0.31323072078101,0.145913649743906,0.303613309014246,0.320939346621353
"InhNeuron4",0.407970187248225,0.290570230112804,0.356550188735364,0.439989152637265,0.157074186338446,0.178529220083367,0.392510945776308,0.317720129293565,0.307675821315943,0.263504310514506,0.255207827596915,0.35504555454955,0.265619546247818,0.300784246829989,0.276918299238498,0.231655053865029,0.282165273567864,0.280758615561592,0.413301141160055,0.270086210290123,0.2737288246795,0.275334934194124,0.296228354481317,0.329942657691349,0.381492124727176,0.245317482187143,0.22707816662074,0.127466134795978,0.216832657560131,0.221719219514755,0.20165334802976,0.216795916492803,0.316031789771112,0.208931578509975,0.121654047859614,-0.156428593298254,0.0391213636184703,0.164683086424613,0.216414509222445,0.016408385711224,-0.128855297055903,-0.0573571800356038,0.235099966320688,0.0712907924260914,0.220286317888963,0.187882446080297
"InhNeuron5",0.435504992848614,0.322262025045161,0.393333245854602,0.427010807997306,0.171233493856806,0.157107428256505,0.395464227759626,0.345757062814103,0.319796874384915,0.308492872670332,0.328452020102613,0.408120650666807,0.288783914410809,0.374019691462513,0.321689914139625,0.295649245277242,0.285113306827278,0.354585416420633,0.352088773416963,0.300157899110779,0.313260463549799,0.310618605851452,0.332418305799403,0.304628062302353,0.33552904949984,0.30752885704663,0.27107471995871,0.137809620036129,0.248025823721608,0.236718322857755,0.250968608257117,0.271790295984289,0.351325958876248,0.286733412938979,0.157653295542521,-0.152350334824846,0.0754792741014841,0.208104029707777,0.199496122505216,0.0734637641223477,-0.101357232522843,-0.0241065141037585,0.258157610430964,0.0502399104217787,0.238522134306097,0.233135194005957
"Microglia1",0.170972807236241,0.187112633241043,0.222499529801817,0.0922909367659988,0.246321738027442,0.415404129870925,-0.384669352263731,0.195304141680554,0.317134021790952,0.26789574284752,0.295642246978703,0.255339045694515,0.269435368526027,0.250959860383944,0.263212131550517,0.297897448682789,0.328158091563988,0.247716149011272,0.145248811382733,0.242003787829084,0.288745423768846,0.291870164066361,0.263957450344885,0.165997016975248,0.207852090960385,0.253587721485214,0.368494534766235,0.357606931814703,0.379639325189063,0.302211899731878,0.425425693378297,0.278874323680055,0.314787842205864,0.341628066676289,0.219360792907224,-0.00111360425496551,0.284081057792824,0.185245837105854,0.213459477664493,0.200442642382571,0.224294593376985,0.2434681817983,0.356044561665945,0.452209931460414,0.321964597357267,0.40508163952639
"Microglia2",0.111058623872071,0.0244476811575186,0.111231831760903,0.0683969959803523,-0.031410988203493,0.0763540614188176,-0.024771352464932,-0.0531739470841152,-0.018640842945059,0.0136458073630848,0.071129831559702,0.108035358903367,-0.0488927379530852,0.0484990836602851,-0.0162561727180079,0.00622061261355833,0.000569486543584091,0.0603804450043083,0.0579380388143133,0.0126083096047273,0.0162579222926426,-0.0130911922038954,0.0641665245137276,-0.0229133042029157,0.00525309784058751,0.000221321191285369,0.0278750978668311,0.0756384853932388,0.15204066011451,0.0458537268126687,0.0559015339395609,0.0124910881042047,0.0563354284489583,0.0222834573344356,0.00955180271796419,-0.0297541410244634,0.144118586168738,0.00444304478473671,0.0673874914161494,0.0548552883080301,0.0285311883548312,0.146319551059149,0.0410493948658732,0.0828887226792986,0.0193529198213684,0.0802766077497408
"Microglia3",0.333721738902229,0.223008656020505,0.285085313633123,0.284584935287608,0.1679023037524,0.231473098103024,0.305520345366033,0.33897046280623,0.325290538737769,0.26266976341377,0.354107782545369,0.415498606901197,0.31971989310099,0.367962664077296,0.294258333442682,0.293329309311674,0.321367992406846,0.35330997651196,0.36392289624585,0.330868182673088,0.275021760334519,0.306283159906748,0.356767135990062,0.270639075874678,0.345977509218071,0.293336307610212,0.328997887388629,0.157693535759119,0.360072082474948,0.24559741412869,0.284291006748984,0.223421555634286,0.32665170780354,0.234835780550854,0.104345505998854,-0.293719464455204,-0.0310663220004636,0.16023566770329,0.0514366194718909,0.0169017657582,-0.0635261801974395,-0.106004102752518,0.221243335214126,0.147017631338381,0.297379574590928,0.275268450358007
"Microglia4",-0.020799818044238,0.0949030516955565,0.106016349774961,-0.0398299413455104,0.0760041464918842,0.135416201935904,-0.484134419819181,0.00176444601906162,0.105355010563057,0.0886920617424889,0.0778377007090151,0.00992796126441759,0.012295135745122,0.0558472971258863,0.0585241463169267,0.10636101597799,0.089836283553561,0.0807332467293889,-0.0861079400070858,0.0760653816040975,0.12892528004129,0.0795452855524501,0.0783363294798952,0.0305117068412742,0.0494071128956772,0.076982158712663,0.0846243007168882,0.21554672020365,0.106145818297926,0.115887449863752,0.195242906568341,0.0821066628176025,0.0751136130028387,0.149402301565432,0.1312119740888,0.288425251610702,0.435461253482747,0.121480839970782,0.217789674885293,0.274409409212385,0.280308974880482,0.44053851907255,0.118273869665438,0.229497828340485,0.081321103806637,0.202368924055339
"Microglia5",0.212731654616471,0.262363587852703,0.256430780266548,0.163815297405818,0.315043280102525,0.465860112760085,-0.390101781504372,0.342760041464919,0.455138719398846,0.329809690019114,0.357913107375769,0.320827373844734,0.386760093952158,0.348591373722264,0.34485253272798,0.406495295831201,0.454466882739134,0.292522755405092,0.240798330905798,0.34900602291068,0.391868851885385,0.392801375165663,0.329956654288426,0.277444921203532,0.324506729301439,0.37146181334663,0.38465010694275,0.402210587550902,0.403473780437131,0.368403556885232,0.526104965730207,0.339927480131393,0.386742598205811,0.36773172022552,0.258213596819273,-0.0308073849545329,0.289980623460921,0.297283347986021,0.18014232789653,0.211946095605506,0.222497780227182,0.208739125300161,0.417694323067704,0.469506226298731,0.416448625927821,0.459185485528831
"OPC1",0.171229994707537,0.22723912748713,0.268525589716,0.184960656440403,0.166416914887568,0.218248063439576,-0.248814881881842,0.126066475088244,0.250898625271731,0.219297808220376,0.13126446132784,0.145007370083149,0.120973463326729,0.154264369475171,0.154976446351481,0.181583977395496,0.253869403001395,0.106287533843334,0.0875268450358007,0.135976065818998,0.217864906594584,0.182488507481619,0.143299785239714,0.1479169127006,0.0969867950854448,0.15989100150026,0.115889199438387,0.158575321374991,0.160293403666234,0.152313593757518,0.22237705957739,0.352401947276568,0.310833803531516,0.324716678257599,0.151783472643214,0.123230414605449,0.267381367904928,0.180336530680978,0.261291098601652,0.0914091511501266,0.0789241865571433,0.252705935869342,0.215880888958872,0.231926237933402,0.144424761729804,0.244230996339015
"OPC2",0.141964859793463,0.204802582372161,0.248499958447602,0.152285600563363,0.12133387570147,0.145268056703714,-0.234711560751792,0.128673341293898,0.215242294217218,0.18739256518259,0.14174266381486,0.108724691309425,0.0985194224654131,0.148322814015842,0.135662891959392,0.170463681017553,0.213006337834114,0.167017018987259,0.0577858258210972,0.131350190484938,0.211323247035564,0.151307588342584,0.138414972859723,0.149440792207395,0.146658968538274,0.143224553530423,0.100779872893403,0.194319131161236,0.137863856849803,0.129611113298079,0.217584974653037,0.221271328408281,0.216949879060653,0.256845429454964,0.143124827776247,0.181779929754578,0.362073595857007,0.167557637549371,0.278667873873165,0.191850481351721,0.127863288238047,0.350089009609539,0.187649752653886,0.196590079037034,0.136957577189046,0.225368832202671
"OPC3",0.235537359979355,0.27323019590862,0.316719372602536,0.231364624475674,0.211666163663959,0.291502753393081,-0.182969640506152,0.242400941271153,0.362554728881541,0.304682299116027,0.236202198340528,0.264407091025994,0.240182480634396,0.273251190804236,0.276223718108535,0.297220363299173,0.361846151154501,0.21074063868222,0.197778040213973,0.23721870120327,0.309530370428689,0.266126922891872,0.251045589541043,0.250590700136029,0.229331618750191,0.256523507722185,0.228505819522629,0.232104694546138,0.254205321331251,0.2472280176882,0.322723912748713,0.420481395460729,0.389573409964702,0.403505272780555,0.193204652118954,0.0454810674154846,0.288556469708302,0.230328876291952,0.294524268787151,0.146903908987127,0.0734095273086731,0.237342921002331,0.306284909481382,0.294576756026191,0.247065307247175,0.317795361002856
"Oligodendrocytes1",-0.179580714438802,-0.0510622105000722,-0.0428794499337349,-0.134854588478176,-0.0721620805941555,-0.0609735508054604,-0.488224925315033,-0.187380318160147,-0.106849147301062,-0.0939460343703937,-0.137834114081014,-0.227251374509572,-0.199555608042795,-0.168327450388624,-0.139357993587809,-0.117029922100189,-0.120261386450419,-0.115177122562077,-0.268887751665376,-0.123632816771422,-0.0733727862413451,-0.128857046630538,-0.133983300310112,-0.142318273869665,-0.144743184313314,-0.118873973765128,-0.141975357241271,0.0491446767004772,-0.108894400048988,-0.0903436601976144,-0.0343607710375415,-0.0915368700984573,-0.125298411823625,-0.0311607990307356,0.0223376941481102,0.366414290525616,0.381196446613917,-0.0250512844064787,0.140166297069025,0.17848897986677,0.220321309381657,0.467511711215211,-0.0858210097670004,0.0363920271883898,-0.124278409811615,-0.0309158585818823
"Oligodendrocytes2",-0.290439012015204,-0.204568139371115,-0.185466283509822,-0.202085492964523,-0.255751945308297,-0.3896136501813,-0.195540334256234,-0.432940116434192,-0.438918412960849,-0.33222235344032,-0.41002243829469,-0.465116543540352,-0.48621816320907,-0.400394529080117,-0.363013117435823,-0.414996478981048,-0.465508448258517,-0.298836970261605,-0.369297589523547,-0.359293521762521,-0.389788607644766,-0.42627773622538,-0.399915145630219,-0.360973113411802,-0.354765622608003,-0.379562343905138,-0.436271306538598,-0.260253600843295,-0.392327240439668,-0.307184190843601,-0.390294234714185,-0.345330166603245,-0.410372353221623,-0.314028526814418,-0.121939228525065,0.464736885844629,0.180362774300498,-0.21124276660237,-0.00241528778315772,0.0475368176112183,0.155532811085305,0.348180223683117,-0.380820288067464,-0.325138325744553,-0.377182922401991,-0.368788463304859
"Oligodendrocytes3",0.179687438491517,0.231376871498117,0.222956168781465,0.13572587664624,0.206944061724993,0.289300038928036,-0.186857195344382,0.321264767503401,0.367743967247963,0.310531127119719,0.338351113385558,0.326004365188713,0.307891018996007,0.352944315413315,0.330234836655338,0.377322888372764,0.3614524968617,0.346969518035928,0.19312067253649,0.33440407300975,0.376460348077874,0.295978165308559,0.33503391987823,0.292108106216676,0.316854089849405,0.326252804786836,0.330077374938218,0.307583093860305,0.336592790877718,0.316257484898984,0.408552795601569,0.236860038403163,0.284647919974456,0.340371872088598,0.246780126581725,0.0662327721572693,0.390231250027337,0.284838623609635,0.237880040415174,0.324665940593193,0.240068758283142,0.345100972326103,0.278758851754167,0.258019394034825,0.318468947237203,0.36909638844056
"Oligodendrocytes4",0.118933459302707,0.175938100049425,0.171760115821841,0.0794892991641407,0.129140477721354,0.248204280334344,-0.217364528249069,0.258439291947145,0.2900401089985,0.22697319214266,0.271613588946187,0.237526626338971,0.230906235921392,0.2660324458616,0.235187445052422,0.289366522764153,0.282753130645112,0.254642714989918,0.124822527522996,0.250128812432477,0.304913242967803,0.259810958460724,0.273195204415926,0.200890533489045,0.257305567583881,0.258453288544223,0.233336395088944,0.264400092727456,0.243242486670428,0.22789521797513,0.336300611913728,0.188860458301076,0.211774637291309,0.276291951519287,0.163811798256549,0.0358671547979897,0.312735591159399,0.190111404164862,0.158925236301924,0.206776102560065,0.14715234858525,0.263534053283295,0.208583413157676,0.22973227134153,0.230573816740805,0.275709343165943
"Oligodendrocytes5",0.21226626776365,0.282977076198349,0.280244240618999,0.178006097267602,0.269914751975926,0.372791490068977,-0.223920184405166,0.379922756279879,0.435198817287547,0.360442992297498,0.390540924737673,0.381885779019976,0.381805298586781,0.410279625765986,0.373363600974513,0.438913164236945,0.44568926679701,0.370842463925958,0.245501187523783,0.404485034575969,0.431893870802661,0.39620429783009,0.392348235335284,0.34293674850302,0.383918784745459,0.376602063623282,0.394666421726218,0.407506549970039,0.385510897663006,0.37203917297607,0.458429669286655,0.314926058602002,0.348804821827693,0.380452877394183,0.276909551365324,0.0613951982924152,0.369603765084614,0.346556618422146,0.293203339937978,0.346649345877783,0.229769012408858,0.319385724345768,0.352045034051096,0.32673393781137,0.386910557370739,0.429500452702437
"Oligodendrocytes6",-0.0566276074129477,0.0976673796183303,0.0685911987648003,-0.0650605571520424,0.0513141492474642,0.072847913850945,-0.478411561189186,0.0168195357503707,0.0802941034960875,0.0679928442397442,0.0638183591614289,-0.0344202565751202,0.000882660403189474,0.0423178364760068,0.0382868165177341,0.112753961693063,0.0655976765648852,0.0656869048712532,-0.114120379482738,0.0645514309333543,0.129110734952565,0.0342872889028855,0.0701745638091739,0.0140272146334422,0.0441059017526364,0.0472358907740556,0.0466952722119435,0.160935497557156,0.0414465483079426,0.130643362332533,0.16882432958487,0.0727201949026143,0.0306061838715462,0.127798553976564,0.147539004579512,0.352986305204547,0.428545184951908,0.0990477940050825,0.177405993167911,0.277768592510946,0.297572027800741,0.493356427718511,0.0449421984280072,0.150460794219405,0.0739991339605558,0.134009543929632
"Oligodendrocytes7",-0.173702143666321,-0.0174966211339868,-0.031169546903909,-0.141377002716215,-0.0197080834722058,-0.00614013218036365,-0.491034742178308,-0.116494552261981,-0.0263722132556522,-0.0217725815411128,-0.0343782667838882,-0.121272640589257,-0.113343568344946,-0.0623539651922126,-0.0476260459175863,-0.00567474532754224,-0.0503028951086267,-0.018462386332323,-0.202040004024022,-0.0315841960923251,7.78560712426791e-05,-0.0731540894120117,-0.0461441562020234,-0.0869827273244193,-0.0729388917319477,-0.0488559968857571,-0.0426292607609775,0.0946878540154925,-0.0377444483809874,0.014443613396493,0.0485988094144611,-0.0517445446075923,-0.0658146238195839,0.00190441198983497,0.0747776946729826,0.353512927169582,0.469301526066475,0.0341700674023628,0.146480511925538,0.2669509725448,0.315505167806077,0.504571201126726,-0.0327651589707252,0.062782610977706,-0.0378844143517607,0.0397179685688917
"Oligodendrocytes8",-0.00337755383222454,-0.0794840504402367,0.0561412256645103,0.11208912333189,-0.212215530099245,-0.205862824600769,0.247905103071816,-0.0672632716170881,-0.107820161223303,-0.0802906043468182,-0.0713275334934194,-0.0938847992581803,-0.15894623119754,-0.0957061064528686,-0.079104392744514,-0.118849479720243,-0.141084823752225,0.03316056283816,0.0173374098422321,-0.102114798339654,-0.075321812384364,-0.132144497369077,-0.0661487925748052,-0.104223035774427,-0.0569512787203611,-0.0844738372983068,-0.169707864775376,-0.161698312097871,-0.134194998840907,-0.145694952914573,-0.138250512844065,-0.175684411727399,-0.191143653199316,-0.079225113394306,-0.107377518840732,-0.0154671145577731,0.108138583806812,-0.107071343279665,0.0330590875093493,-0.0553801606984302,-0.0991090291172959,0.202375922353878,-0.195510591487445,-0.290559732664996,-0.146216326155703,-0.189988933940436
"Pericytes",0.215697183622232,0.244472437638599,0.253669951493043,0.1757299006679,0.244533672750812,0.369895944048603,-0.0753305602575374,0.160552340712164,0.228957209778373,0.210179025224492,0.160501603047759,0.165745078227856,0.174288251168935,0.190653772301609,0.212624930563757,0.211095802333058,0.240905054958513,0.176249524334396,0.215887887257411,0.11960179681315,0.224499293609241,0.217117838225581,0.169662375834875,0.0969570523166555,0.10993714653125,0.209089040227095,0.183081613282771,0.23493550630503,0.246398719311367,0.148732214480354,0.281932580141453,0.275261452059468,0.256222580885022,0.276659362192567,0.150791463825357,0.0118175018698579,0.0434095710480389,0.142809904342007,0.18145450887253,0.0413205789342466,0.039826442196241,0.0948435661579778,0.350582389656515,0.443495300205138,0.249313510652723,0.309791057049255
"SMC",0.335002427534806,0.272530366054753,0.282861604272461,0.304545832294523,0.230724280159386,0.302556565934907,0.299671517362341,0.404329322433483,0.390313480035166,0.350522904118936,0.378918500439581,0.43043122640808,0.370210867482843,0.404450043083275,0.363697201117978,0.369881947451526,0.399932641376565,0.358542954244249,0.376965975147292,0.342900007435692,0.392255507879647,0.366206091144091,0.370709496253723,0.316647640042515,0.368674740953606,0.343321654922647,0.333525786543147,0.241442174371356,0.370226613654555,0.279281974569933,0.347226705507224,0.331860191490944,0.364626225248986,0.338631045327105,0.161673818052986,-0.173061799350033,-0.0441094009019057,0.187912188849086,0.125739304631561,0.0269425745865536,-0.0388361829530195,-0.00153000301801624,0.331426296981546,0.292660971801231,0.355227510311555,0.35738123668683
"VLMC1",0.286855883163406,0.369719237010502,0.36791542556216,0.269407375331872,0.371486307391515,0.519738263634654,-0.33970878330206,0.278489417260429,0.448948724341394,0.367231341880005,0.31170509169958,0.319418966263827,0.349852817033859,0.319460956055059,0.321252520480958,0.372899963696326,0.467424232483477,0.327197575089556,0.241195484347868,0.327654214069204,0.396155309740319,0.394958600690207,0.317814606323838,0.285318007059534,0.238422408551921,0.36956877359192,0.355454955014062,0.443171628897724,0.427194513333946,0.324681686764905,0.471150826455318,0.409924462115148,0.431085567321445,0.422454915648633,0.31383782317924,0.200199451508352,0.320064559304019,0.354015055089731,0.35754219755322,0.289032354008932,0.251395504467976,0.272084224522913,0.495749845818735,0.641045020929287,0.446665529443154,0.570467180166822
"VLMC2",0.10457644985063,0.184880176007208,0.233717802359301,0.138518197763169,0.137394970847713,0.162916016043599,-0.312751337331111,-0.0424770477677615,0.0869687307273419,0.0795855257690474,0.00606140132180364,-0.0344447506200055,-0.0392088423502036,0.00340729660101388,0.0539175163038486,0.0516920573685523,0.0462456315308341,0.0501944214812774,0.00964278059896687,0.0145503374492077,0.101477953172635,0.0689008734751363,0.029440967164858,-0.0119574678406312,0.00219484137918968,0.0699051293154352,0.0210762508365154,0.177523214668434,0.0825318094538265,0.0360211173658404,0.148765456398413,0.121787015531849,0.0973104663928582,0.168897811719526,0.0946721078437805,0.31210224514165,0.371195878002161,0.101883854487878,0.275474900164897,0.200344666203029,0.222056887419246,0.435615216050598,0.183293311813565,0.265581055605856,0.125900265497951,0.216260546654595
