gene,panel,category,headline,source,agora_id,ensembl_gene_id,total_nominations,initial_nomination,nominating_teams,cohort_studies,input_data,programs,pharos_class
APOE,AGORA_High_Nomination,AGORA nominations: 5,TRUE,AGORA AD Knowledge Portal,6a4fe61059f5a283d2b79224,ENSG00000130203,5,2018,ASU; Duke; Emory-Sage-SGC; MSSM - Roussos Lab; Mayo-UFL-ISB,APP Mice; Banner; Emory; HBI_scRNAseq; MSBB; ROSMAP; VirusResilience,Genetics; Metabolomics; Phenomics; Protein; RNA,AMP-AD; TREAT-AD,Tbio
MSN,AGORA_High_Nomination,AGORA nominations: 5,TRUE,AGORA AD Knowledge Portal,6a4fe61059f5a283d2b792c1,ENSG00000147065,5,2018,Chang Lab; Emory; Emory-Sage-SGC; MSSM - Zhang Lab,ACT; BLSA; Banner; Kronos; MSBB; ROSMAP,Genetics; Protein; RNA,AMP-AD; Community; TREAT-AD,Tbio
PLEC,AGORA_High_Nomination,AGORA nominations: 5,TRUE,AGORA AD Knowledge Portal,6a4fe61059f5a283d2b793d4,ENSG00000178209,5,2018,Chang Lab; Columbia-Rush; Emory; Emory-Sage-SGC; MSSM - Zhang Lab,ACT; BLSA; Banner; MSBB; ROSMAP,Clinical; Genetics; Protein,AMP-AD; Community; TREAT-AD,Tbio
PRDX1,AGORA_High_Nomination,AGORA nominations: 5,TRUE,AGORA AD Knowledge Portal,6a4fe61059f5a283d2b791db,ENSG00000117450,5,2018,Chang Lab; Columbia-Rush; Emory; Emory-Sage-SGC; MSSM - Zhang Lab,ACT; BLSA; Banner; Kronos; MSBB; ROSMAP,Clinical; Genetics; Protein; RNA,AMP-AD; Community; TREAT-AD,Tchem
BIN1,AGORA_High_Nomination,AGORA nominations: 4,TRUE,AGORA AD Knowledge Portal,6a4fe61059f5a283d2b79266,ENSG00000136717,4,2018,ASU; Duke; Emory-Sage-SGC; Mayo-UFL-ISB,ADNI; Mayo; VirusResilience,Genetics; Metabolomics; Protein; RNA,AMP-AD; TREAT-AD,Tbio
CLU,AGORA_High_Nomination,AGORA nominations: 4,TRUE,AGORA AD Knowledge Portal,6a4fe61059f5a283d2b791f1,ENSG00000120885,4,2018,Columbia-Rush; Duke; MSSM - Roussos Lab; Mayo-UFL-ISB,ADNI; APP Mice; FreshMicro; ROSMAP,Clinical; Genetics; Metabolomics; Protein; RNA,AMP-AD,Tbio
COL25A1,AGORA_High_Nomination,AGORA nominations: 4,TRUE,AGORA AD Knowledge Portal,6a4fe61059f5a283d2b7941a,ENSG00000188517,4,2018,Emory; Emory-Sage-SGC; Mayo-UFL-ISB,APP Mice; Banner; Emory; MSBB; ROSMAP,Protein,AMP-AD; TREAT-AD,Tbio
HTRA1,AGORA_High_Nomination,AGORA nominations: 4,TRUE,AGORA AD Knowledge Portal,6a4fe61059f5a283d2b7935c,ENSG00000166033,4,2018,Emory; Emory-Sage-SGC; MSSM - Roussos Lab; Mayo-UFL-ISB,APP Mice; Banner; Emory; HBI_scRNAseq; MSBB; ROSMAP,Protein; RNA,AMP-AD; TREAT-AD,Tchem
INPP5D,AGORA_High_Nomination,AGORA nominations: 4,TRUE,AGORA AD Knowledge Portal,6a4fe61059f5a283d2b79380,ENSG00000168918,4,2018,Duke; IUSM-Purdue; MSSM - Zhang Lab; Mayo-UFL-ISB,ABA; ADNI; GSE33000; GSE44772; GSE48350; GSE5281; MSBB; Mayo; ROSMAP,Genetics; Metabolomics; RNA,AMP-AD; TREAT-AD,Tbio
NRN1,AGORA_High_Nomination,AGORA nominations: 4,TRUE,AGORA AD Knowledge Portal,6a4fe61059f5a283d2b79209,ENSG00000124785,4,2018,Columbia-Rush; Emory-Sage-SGC; MSSM - Zhang Lab,MSBB; ROSMAP,Clinical; Genetics; Protein; RNA,AMP-AD; TREAT-AD,Tbio
PDHB,AGORA_High_Nomination,AGORA nominations: 4,TRUE,AGORA AD Knowledge Portal,6a4fe61059f5a283d2b79379,ENSG00000168291,4,2018,Chang Lab; Columbia-Rush; Emory; Emory-Sage-SGC,ACT; BLSA; Banner; MSBB; ROSMAP,Clinical; Genetics; Protein; RNA,AMP-AD; Community; TREAT-AD,Tbio
PRDX6,AGORA_High_Nomination,AGORA nominations: 4,TRUE,AGORA AD Knowledge Portal,6a4fe61059f5a283d2b791dc,ENSG00000117592,4,2018,Chang Lab; Emory; Emory-Sage-SGC; MSSM - Zhang Lab,ACT; BLSA; Banner; Kronos; MSBB; Rush,Genetics; Protein; RNA,AMP-AD; Community; TREAT-AD,Tbio
RPH3A,AGORA_High_Nomination,AGORA nominations: 4,TRUE,AGORA AD Knowledge Portal,6a4fe61059f5a283d2b79130,ENSG00000089169,4,2018,Chang Lab; Columbia-Rush; Emory; MSSM - Zhang Lab,ACT; BLSA; Banner; MSBB; ROSMAP,Clinical; Genetics; Protein,AMP-AD; Community,Tbio
VGF,AGORA_High_Nomination,AGORA nominations: 4,TRUE,AGORA AD Knowledge Portal,6a4fe61059f5a283d2b79219,ENSG00000128564,4,2018,Columbia-Rush; Emory; MSSM - Zhang Lab; Mayo-UFL-ISB,ACT; BLSA; Banner; MSBB; Mayo; ROSMAP,Clinical; Genetics; Protein; RNA,AMP-AD,Tbio
ACE,AGORA_High_Nomination,AGORA nominations: 3,FALSE,AGORA AD Knowledge Portal,6a4fe61059f5a283d2b79318,ENSG00000159640,3,2018,Duke; Emory,ADNI; Banner; ROSMAP; https://doi.org/10.1038/s41588-018-0311-9; https://doi.org/10.1038/s41588-019-0358-2,Genetics; Metabolomics; Protein,AMP-AD,Tclin
CTSH,AGORA_High_Nomination,AGORA nominations: 3,FALSE,AGORA AD Knowledge Portal,6a4fe61059f5a283d2b79162,ENSG00000103811,3,2020,Emory; Emory-Sage-SGC,Banner; ROSMAP; https://doi.org/10.1038/s41588-018-0311-9; https://doi.org/10.1038/s41588-019-0358-2,Genetics; Protein,AMP-AD; TREAT-AD,Tchem
DBI,AGORA_High_Nomination,AGORA nominations: 3,FALSE,AGORA AD Knowledge Portal,6a4fe61059f5a283d2b792fe,ENSG00000155368,3,2018,Columbia-Rush; Emory; MSSM - Zhang Lab,ACT; BLSA; Banner; MSBB; ROSMAP,Clinical; Genetics; Protein,AMP-AD,Tbio
DNM1,AGORA_High_Nomination,AGORA nominations: 3,FALSE,AGORA AD Knowledge Portal,6a4fe61059f5a283d2b79180,ENSG00000106976,3,2018,Chang Lab; Emory; MSSM - Zhang Lab,ACT; BLSA; Banner; Kronos; MSBB; Mayo; ROSMAP,Genetics; Protein; RNA,AMP-AD; Community,Tbio
ERBB3,AGORA_High_Nomination,AGORA nominations: 3,FALSE,AGORA AD Knowledge Portal,6a4fe61059f5a283d2b790f8,ENSG00000065361,3,2018,ASU; Columbia-Rush; Mayo-UFL-ISB,Mayo; ROSMAP; VirusResilience,Clinical; Genetics; Protein; RNA,AMP-AD,Tclin
GSN,AGORA_High_Nomination,AGORA nominations: 3,FALSE,AGORA AD Knowledge Portal,6a4fe61059f5a283d2b792c9,ENSG00000148180,3,2018,Chang Lab; Columbia-Rush; MSSM - Zhang Lab,Kronos; MSBB; ROSMAP; Rush,Clinical; Genetics; Protein; RNA,AMP-AD; Community,Tbio
MDK,AGORA_High_Nomination,AGORA nominations: 3,FALSE,AGORA AD Knowledge Portal,6a4fe61059f5a283d2b791a1,ENSG00000110492,3,2018,Emory; Emory-Sage-SGC; Mayo-UFL-ISB,Banner; Emory; MSBB; Mayo; ROSMAP,Protein; RNA,AMP-AD; TREAT-AD,Tchem
NDUFA10,AGORA_High_Nomination,AGORA nominations: 3,FALSE,AGORA AD Knowledge Portal,6a4fe61059f5a283d2b79227,ENSG00000130414,3,2018,Chang Lab; Emory; MSSM - Zhang Lab,ACT; BLSA; Banner; MSBB,Genetics; Protein,AMP-AD; Community,Tclin
PAK1,AGORA_High_Nomination,AGORA nominations: 3,FALSE,AGORA AD Knowledge Portal,6a4fe61059f5a283d2b792cf,ENSG00000149269,3,2018,Chang Lab; Emory-Sage-SGC; MSSM - Zhang Lab,Banner; Emory; Kronos; MSBB; ROSMAP,Genetics; Protein; RNA,AMP-AD; Community; TREAT-AD,Tchem
PDHA1,AGORA_High_Nomination,AGORA nominations: 3,FALSE,AGORA AD Knowledge Portal,6a4fe61059f5a283d2b79232,ENSG00000131828,3,2018,Columbia-Rush; Emory-Sage-SGC; MSSM - Zhang Lab,MSBB; ROSMAP,Clinical; Genetics; Protein; RNA,AMP-AD; TREAT-AD,Tbio
PTN,AGORA_High_Nomination,AGORA nominations: 3,FALSE,AGORA AD Knowledge Portal,6a4fe61059f5a283d2b7917a,ENSG00000105894,3,2018,Emory; Emory-Sage-SGC; Mayo-UFL-ISB,Banner; Emory; MSBB; Mayo; ROSMAP,Protein; RNA,AMP-AD; TREAT-AD,Tchem
RABEP1,AGORA_High_Nomination,AGORA nominations: 3,FALSE,AGORA AD Knowledge Portal,6a4fe61059f5a283d2b790dd,ENSG00000029725,3,2018,Duke; Emory-Sage-SGC; MSSM - Roussos Lab,ADNI; Banner; FreshMicro; ROSMAP,Genetics; Metabolomics; Protein; RNA,AMP-AD; TREAT-AD,Tbio
RUFY3,AGORA_High_Nomination,AGORA nominations: 3,FALSE,AGORA AD Knowledge Portal,6a4fe61059f5a283d2b790cf,ENSG00000018189,3,2018,Duke; Emory; MSSM - Roussos Lab,ACT; ADNI; BLSA; Banner; HBI_scRNAseq,Genetics; Metabolomics; Protein; RNA,AMP-AD,Tbio
SEPTIN5,AGORA_High_Nomination,AGORA nominations: 3,FALSE,AGORA AD Knowledge Portal,6a4fe61059f5a283d2b793ff,ENSG00000184702,3,2018,ASU; Emory; MSSM - Zhang Lab,ACT; BLSA; Banner; MSBB; VirusResilience,Protein; RNA,AMP-AD,Tbio
SFRP1,AGORA_High_Nomination,AGORA nominations: 3,FALSE,AGORA AD Knowledge Portal,6a4fe61059f5a283d2b79177,ENSG00000104332,3,2018,Emory; Emory-Sage-SGC; Mayo-UFL-ISB,APP Mice; Banner; Emory; MSBB; ROSMAP,Protein,AMP-AD; TREAT-AD,Tchem
SLC25A11,AGORA_High_Nomination,AGORA nominations: 3,FALSE,AGORA AD Knowledge Portal,6a4fe61059f5a283d2b7918c,ENSG00000108528,3,2018,Chang Lab; Columbia-Rush; Emory,ACT; BLSA; Banner; MSBB; ROSMAP,Clinical; Genetics; Protein; RNA,AMP-AD; Community,Tbio
SLIT2,AGORA_High_Nomination,AGORA nominations: 3,FALSE,AGORA AD Knowledge Portal,6a4fe61059f5a283d2b792b2,ENSG00000145147,3,2018,Duke; Emory; Emory-Sage-SGC,ADNI; Banner; Emory; MSBB; ROSMAP,Genetics; Metabolomics; Protein,AMP-AD; TREAT-AD,Tbio
SNX32,AGORA_High_Nomination,AGORA nominations: 3,FALSE,AGORA AD Knowledge Portal,6a4fe61059f5a283d2b793b4,ENSG00000172803,3,2020,Emory; Emory-Sage-SGC,Banner; ROSMAP; https://doi.org/10.1038/s41588-018-0311-9; https://doi.org/10.1038/s41588-019-0358-2,Genetics; Protein,AMP-AD; TREAT-AD,Tdark
SPON1,AGORA_High_Nomination,AGORA nominations: 3,FALSE,AGORA AD Knowledge Portal,6a4fe61059f5a283d2b7947a,ENSG00000262655,3,2020,Emory; Emory-Sage-SGC; MSSM - Roussos Lab,Banner; Emory; FreshMicro; MSBB; ROSMAP,Protein; RNA,AMP-AD; TREAT-AD,Tbio
SYK,AGORA_High_Nomination,AGORA nominations: 3,FALSE,AGORA AD Knowledge Portal,6a4fe61059f5a283d2b79353,ENSG00000165025,3,2018,Emory-Sage-SGC; IUSM-Purdue; MSSM - Zhang Lab,ABA; Banner; GSE33000; GSE44772; GSE48350; GSE5281; MSBB; Mayo; ROSMAP,Genetics; Protein; RNA,AMP-AD; TREAT-AD,Tclin
SYNGAP1,AGORA_High_Nomination,AGORA nominations: 3,FALSE,AGORA AD Knowledge Portal,6a4fe61059f5a283d2b7942f,ENSG00000197283,3,2018,Chang Lab; Emory; MSSM - Zhang Lab,ACT; BLSA; Banner; MSBB,Genetics; Protein,AMP-AD; Community,Tbio
SYT1,AGORA_High_Nomination,AGORA nominations: 3,FALSE,AGORA AD Knowledge Portal,6a4fe61059f5a283d2b790ff,ENSG00000067715,3,2018,Chang Lab; Emory; MSSM - Zhang Lab,ACT; BLSA; Banner; Kronos; MSBB; Mayo; ROSMAP; Rush,Genetics; Protein; RNA,AMP-AD; Community,Tbio
TNFRSF1A,AGORA_High_Nomination,AGORA nominations: 3,FALSE,AGORA AD Knowledge Portal,6a4fe61059f5a283d2b790fe,ENSG00000067182,3,2018,Chang Lab; IUSM-Purdue; MSSM - Zhang Lab,GSE15222; GSE33000; GSE48350; GSE5281; GSE84422; Kronos; MSBB; Mayo; Mayo Clinic; ROSMAP; Rush,Genetics; RNA,AMP-AD; Community; TREAT-AD,Tchem
TYROBP,AGORA_High_Nomination,AGORA nominations: 3,FALSE,AGORA AD Knowledge Portal,6a4fe61059f5a283d2b790c8,ENSG00000011600,3,2018,IUSM-Purdue; MSSM - Zhang Lab; Mayo-UFL-ISB,ABA; GSE33000; GSE44772; GSE48350; GSE5281; HBTRC; MSBB; Mayo; ROSMAP,Genetics; RNA,AMP-AD; TREAT-AD,Tbio
