method,lineage,n_comparable,method_fraction_nonzero,spearman_rho,pearson_r,mean_abs_difference,mean_comparison_method,mean_baseline
DWLS,OPC,190,0.9947368421052631,0.473105101322241,0.4018699667792031,0.0075167810319572695,0.010397536347621984,0.015130762643736842
DWLS,VLMC,190,1,0.33616239551758975,0.13617606430855794,0.016290027711963286,0.024522979852852005,0.017118112285894736
DWLS,Pericytes,190,0.9947368421052631,0.32692289187191365,0.21339197587654263,0.011134967204137963,0.011548730356991043,0.01207553852863158
DWLS,Astrocytes,190,1,0.30495873190830475,0.38350582744851386,0.06049999872065841,0.11223113862942662,0.054868536416473684
DWLS,Microglia,190,1,0.28423676993530944,0.18339510101831166,0.09032556315393621,0.15194000762754747,0.06653787762831578
DWLS,SMC,190,1,0.2762342155563428,0.26466807818375243,0.04591011319811293,0.05468860962891395,0.008784478186
DWLS,Excitatory neurons,190,1,0.24077558643554783,0.35993520193142237,0.2666935097804892,0.3990397559801048,0.13300341079994737
DWLS,Endothelial,190,1,0.024089018357411854,0.07274096019435926,0.09375190367618941,0.10879989190611992,0.01822111767242105
DWLS,Oligodendrocytes,190,1,0.0017224562278296087,-0.1537540003287609,0.1294690293438193,0.04006118395434501,0.15991494215378949
DWLS,Fibroblast,190,1,-0.3290118839857059,-0.464105324526103,0.46879938834862955,0.023397973072423105,0.49219736142105264
DWLS,Inhibitory neurons,190,1,-0.3435980877149242,-0.3934476304624995,0.06134745946936708,0.06337219264365405,0.02214786783594737
SpatialDecon,Excitatory neurons,177,0.6779661016949152,0.9009653490950245,0.9000389241632635,0.20971929819459037,0.31451907601890405,0.13300341079994737
SpatialDecon,Oligodendrocytes,177,0.8983050847457628,0.8969357288498969,0.8838857876235119,0.21488469454244258,0.3740569614892641,0.15991494215378949
SpatialDecon,Astrocytes,177,0.7627118644067796,0.7543589270657062,0.45792202336083565,0.04785648243589436,0.08247573624740089,0.054868536416473684
SpatialDecon,Endothelial,177,0.8135593220338984,0.6526591552593739,0.7115991466648214,0.11857244793761976,0.13625603325619093,0.01822111767242105
SpatialDecon,Microglia,177,0.6949152542372882,0.5982321618852113,0.5742799985116919,0.0494226078641347,0.06748350012044889,0.06653787762831578
SpatialDecon,SMC,177,0.15819209039548024,0.3180490215927285,0.20995888314596078,0.016391343121630087,0.011009046177909133,0.008784478186
SpatialDecon,Pericytes,177,0.0847457627118644,0.29973402048454656,0.19225573819179043,0.012875904807467212,0.0024162888458470386,0.01207553852863158
SpatialDecon,Fibroblast,177,0.03389830508474576,0.25331109583077177,0.2545896075848083,0.46799031405937586,0.0034276809688727067,0.49219736142105264
SpatialDecon,VLMC,177,0.02824858757062147,0.1755514210540919,-0.007963959841215264,0.022729371000010122,0.006203904362093907,0.017118112285894736
SpatialDecon,OPC,177,0.005649717514124294,0.1239216650531758,0.20945797950394207,0.015453127243009677,1.8561906199362373e-5,0.015130762643736842
SpatialDecon,Inhibitory neurons,177,0.011299435028248588,-0.06883142724564785,-0.0335033630269763,0.02412867412737752,0.0021332106068690454,0.02214786783594737
