"celltype","region","contrast","type","log2_OR","odds.ratio","SE","p.value","p_adj","estimate"
"Astrocytes1","Arteries","Amyloid_effect","Amyloid",0.573534026853257,1.48816451829353,0.265587284005456,0.0259102446808269,0.0884908555757001,NA
"Astrocytes2","Arteries","Amyloid_effect","Amyloid",0.596359606842335,1.51189673744213,0.319925005391305,0.0507634608221929,0.129728844323382,NA
"Astrocytes3","Arteries","Amyloid_effect","Amyloid",-0.525663430853113,0.694639602812216,0.114395541361798,0.0269319995230392,0.0884908555757001,NA
"Astrocytes4","Arteries","Amyloid_effect","Amyloid",0.420858569230646,1.3387240122992,0.24056846081019,0.10451314221276,0.17805942747359,NA
"Astrocytes5","Arteries","Amyloid_effect","Amyloid",-0.0637105420773738,0.95680010828383,0.219456486281101,0.847323201092199,0.893022508602118,NA
"Endothelial","Arteries","Amyloid_effect","Amyloid",0.153440706707677,1.11221886025385,0.241998629375877,0.624973573383719,0.68449486608693,NA
"ExNeuron1","Arteries","Amyloid_effect","Amyloid",0.211232137045053,1.15767647809833,0.256117200064448,0.508092417575979,0.584306280212376,NA
"ExNeuron10","Arteries","Amyloid_effect","Amyloid",-0.0376381789953064,0.974248574781737,0.138310101770207,0.854195443010722,0.893022508602118,NA
"ExNeuron11","Arteries","Amyloid_effect","Amyloid",0.330675090167066,1.25760171503796,0.171313633434104,0.0924546142768841,0.170116490269467,NA
"ExNeuron12","Arteries","Amyloid_effect","Amyloid",0.404820073265282,1.32392378600534,0.189173786651101,0.0495573441121911,0.129728844323382,NA
"ExNeuron13","Arteries","Amyloid_effect","Amyloid",0.346238858972826,1.27124214435609,0.166425420303762,0.0667728087137955,0.140948487085914,NA
"ExNeuron14","Arteries","Amyloid_effect","Amyloid",0.19199957491614,1.14234591026121,0.143503202744185,0.289415654238597,0.403427881665924,NA
"ExNeuron2","Arteries","Amyloid_effect","Amyloid",0.147026661730133,1.10728504747992,0.142456818804988,0.428283507767473,0.532460577224426,NA
"ExNeuron3","Arteries","Amyloid_effect","Amyloid",0.318368547228774,1.24691968854458,0.318725923299583,0.387956186830522,0.495721794283444,NA
"ExNeuron4","Arteries","Amyloid_effect","Amyloid",0.273311918674507,1.20857911665695,0.305589026373194,0.453712140192176,0.535147652534362,NA
"ExNeuron5","Arteries","Amyloid_effect","Amyloid",0.449536450160737,1.36560140723752,0.188306250049148,0.0238402615066344,0.0884908555757001,NA
"ExNeuron6","Arteries","Amyloid_effect","Amyloid",0.594269085907253,1.50970752707951,0.367638382085391,0.090734976968473,0.170116490269467,NA
"ExNeuron7","Arteries","Amyloid_effect","Amyloid",0.250456504628221,1.18958346928116,0.206697879552689,0.317737652562964,0.429880353467539,NA
"ExNeuron8","Arteries","Amyloid_effect","Amyloid",0.435518789424591,1.35239706410364,0.225995310929629,0.070840804815461,0.141681609630922,NA
"ExNeuron9","Arteries","Amyloid_effect","Amyloid",0.373530934359624,1.29551968265934,0.211457466446336,0.112681457365536,0.180743765671554,NA
"Fibroblast","Arteries","Amyloid_effect","Amyloid",0.370943671711343,1.29319843952771,0.103049792354524,0.00125249802254674,0.0288074545185751,NA
"InhNeuron1","Arteries","Amyloid_effect","Amyloid",0.480236675049763,1.39497249371545,0.198335809659384,0.0192199852539695,0.0884119321682596,NA
"InhNeuron2","Arteries","Amyloid_effect","Amyloid",0.337630914446511,1.26367976912863,0.214125284668134,0.167236855219766,0.248157914197072,NA
"InhNeuron3","Arteries","Amyloid_effect","Amyloid",0.38463047545488,1.30552535365925,0.165327586687069,0.0352672489710683,0.108152896844609,NA
"InhNeuron4","Arteries","Amyloid_effect","Amyloid",0.34060052069345,1.26628357384211,0.163457457125631,0.0674101459976112,0.140948487085914,NA
"InhNeuron5","Arteries","Amyloid_effect","Amyloid",0.630939658791534,1.54857328475006,0.185215712797786,0.000255668601219165,0.0117607556560816,NA
"Microglia1","Arteries","Amyloid_effect","Amyloid",-0.00521666325086576,0.996390614125439,0.152230522687092,0.981118100910958,0.981118100910958,NA
"Microglia2","Arteries","Amyloid_effect","Amyloid",-0.171478722375323,0.887932108823357,0.119897837172688,0.378726001957472,0.495721794283444,NA
"Microglia3","Arteries","Amyloid_effect","Amyloid",0.398528939441908,1.31816314510539,0.194798079280834,0.0615865866350342,0.140948487085914,NA
"Microglia4","Arteries","Amyloid_effect","Amyloid",-0.870908033989885,0.546802584098288,0.109991769209345,0.0026908153949173,0.0309443770415489,NA
"Microglia5","Arteries","Amyloid_effect","Amyloid",-0.0233041263483691,0.983976573655664,0.143000796701586,0.911498390018634,0.931753909796825,NA
"Oligodendrocytes1","Arteries","Amyloid_effect","Amyloid",-1.06720197134114,0.477243690249378,0.113834269221926,0.00192694021123992,0.0295464165723454,NA
"Oligodendrocytes2","Arteries","Amyloid_effect","Amyloid",-0.880298718570767,0.543254935458305,0.126139301152146,0.00859138351801531,0.049400455228588,NA
"Oligodendrocytes3","Arteries","Amyloid_effect","Amyloid",-0.31010837499447,0.806581166712746,0.117507265885165,0.140093595377618,0.214810179579015,NA
"Oligodendrocytes4","Arteries","Amyloid_effect","Amyloid",-0.312837515896938,0.805056802358166,0.139336394367244,0.210252774081114,0.302238362741601,NA
"Oligodendrocytes5","Arteries","Amyloid_effect","Amyloid",-0.21678005916783,0.860483802545104,0.167552421244336,0.440304464742415,0.533000141530292,NA
"Oligodendrocytes6","Arteries","Amyloid_effect","Amyloid",-0.728866927476041,0.603377612147608,0.134016146426729,0.022929704405702,0.0884908555757001,NA
"Oligodendrocytes7","Arteries","Amyloid_effect","Amyloid",-0.995726955670349,0.501483119618429,0.122576656811293,0.00474769202410067,0.0363989721847718,NA
"Oligodendrocytes8","Arteries","Amyloid_effect","Amyloid",-0.356570796648456,0.781018811998272,0.116902857935939,0.0986915977390835,0.174608211384532,NA
"OPC1","Arteries","Amyloid_effect","Amyloid",-0.565739141341887,0.675609190448584,0.0977022690856155,0.00669505619431072,0.0439960835626133,NA
"OPC2","Arteries","Amyloid_effect","Amyloid",-0.54355995881617,0.686075874655283,0.0885268629613611,0.00350128515193729,0.0322118233978231,NA
"OPC3","Arteries","Amyloid_effect","Amyloid",-0.400145232939348,0.757781995167209,0.102345637954316,0.0400134155918039,0.115038569826436,NA
"Pericytes","Arteries","Amyloid_effect","Amyloid",0.466002820116133,1.38127714820038,0.282257824579031,0.113947156619023,0.180743765671554,NA
"SMC","Arteries","Amyloid_effect","Amyloid",0.450613076519173,1.36662088201002,0.226042415572064,0.0589761371768513,0.140948487085914,NA
"VLMC1","Arteries","Amyloid_effect","Amyloid",-0.154171377337689,0.898648370083516,0.170867250113869,0.574094983177249,0.644106566491548,NA
"VLMC2","Arteries","Amyloid_effect","Amyloid",-0.613697176397457,0.653519787221128,0.116385366594148,0.0169135856857564,0.0864472157271992,NA
"Astrocytes1","Capillaries","Amyloid_effect","Amyloid",-0.420671593932868,0.747076769080605,0.230718260882207,0.345080879614518,0.547369671112684,NA
"Astrocytes2","Capillaries","Amyloid_effect","Amyloid",-0.758854572559338,0.590965341319847,0.216282096186024,0.150653418596133,0.346502862771107,NA
"Astrocytes3","Capillaries","Amyloid_effect","Amyloid",0.233057224033565,1.17532294630088,0.278015149399067,0.494650487203207,0.669233012098456,NA
"Astrocytes4","Capillaries","Amyloid_effect","Amyloid",0.102352886687671,1.07352284055825,0.23147097026196,0.742130254649508,0.884970702692789,NA
"Astrocytes5","Capillaries","Amyloid_effect","Amyloid",0.107002172307905,1.076987997844,0.327363495112313,0.807226971619617,0.903712626746032,NA
"Endothelial","Capillaries","Amyloid_effect","Amyloid",0.348352396870108,1.2731058698274,0.298960396059386,0.303836245531887,0.517646936832104,NA
"ExNeuron1","Capillaries","Amyloid_effect","Amyloid",-0.351245401848692,0.783907100450509,0.218580279174939,0.382580368112009,0.586623231105081,NA
"ExNeuron10","Capillaries","Amyloid_effect","Amyloid",1.00869701766306,2.01209304024006,0.408560116001652,0.000574603742219729,0.00652013199206251,NA
"ExNeuron11","Capillaries","Amyloid_effect","Amyloid",0.69173187124047,1.61522133408577,0.327098269054414,0.0179015829642039,0.0748611651230344,NA
"ExNeuron12","Capillaries","Amyloid_effect","Amyloid",0.338131199877669,1.26411805316472,0.227645441666112,0.193092275498506,0.386184550997013,NA
"ExNeuron13","Capillaries","Amyloid_effect","Amyloid",0.623894186460312,1.54102918677745,0.308771435843723,0.0309051572527868,0.109356710279092,NA
"ExNeuron14","Capillaries","Amyloid_effect","Amyloid",0.314234382412876,1.24335164928121,0.20027261184954,0.176300744153628,0.372635532788521,NA
"ExNeuron2","Capillaries","Amyloid_effect","Amyloid",1.11780305487382,2.17016247041161,0.437108630603061,0.000119696471049403,0.00275301883413626,NA
"ExNeuron3","Capillaries","Amyloid_effect","Amyloid",-0.550767771747837,0.68265673623303,0.229310665302123,0.255744447156587,0.47056978276812,NA
"ExNeuron4","Capillaries","Amyloid_effect","Amyloid",-0.501834097155539,0.706208408021804,0.224439587708382,0.273732120690952,0.484295290453222,NA
"ExNeuron5","Capillaries","Amyloid_effect","Amyloid",0.973671182852584,1.96383154562443,0.39140920571378,0.00070870999913723,0.00652013199206251,NA
"ExNeuron6","Capillaries","Amyloid_effect","Amyloid",-0.0459098200594256,0.968678737477199,0.275018956226804,0.910755868917094,0.930994888226362,NA
"ExNeuron7","Capillaries","Amyloid_effect","Amyloid",0.102992419012011,1.07399882802021,0.261698370108299,0.769539741471991,0.884970702692789,NA
"ExNeuron8","Capillaries","Amyloid_effect","Amyloid",0.454350443161572,1.37016576471593,0.320522778301089,0.178216993942336,0.372635532788521,NA
"ExNeuron9","Capillaries","Amyloid_effect","Amyloid",-0.117553147292275,0.92174963983206,0.25545218534142,0.768749757986692,0.884970702692789,NA
"Fibroblast","Capillaries","Amyloid_effect","Amyloid",0.404612389685507,1.323733213893,0.20633813422795,0.0719830124752761,0.206951160866419,NA
"InhNeuron1","Capillaries","Amyloid_effect","Amyloid",0.469904816925394,1.38501808730964,0.269063988266216,0.0936163712340306,0.239241837598078,NA
"InhNeuron2","Capillaries","Amyloid_effect","Amyloid",0.253412157716205,1.1920230701882,0.216599281956168,0.333706451829181,0.547369671112684,NA
"InhNeuron3","Capillaries","Amyloid_effect","Amyloid",0.639037380603342,1.55728973138214,0.272425305740431,0.0113395143125409,0.057957517597431,NA
"InhNeuron4","Capillaries","Amyloid_effect","Amyloid",0.42540203634832,1.34294669007975,0.247658028257986,0.109834572759701,0.265915281418224,NA
"InhNeuron5","Capillaries","Amyloid_effect","Amyloid",0.492070160658346,1.4064615968157,0.244512589813943,0.0497729302456261,0.163539627949914,NA
"Microglia1","Capillaries","Amyloid_effect","Amyloid",0.821320238803408,1.76702229000775,0.33604398145776,0.00275768668469133,0.0181219410708287,NA
"Microglia2","Capillaries","Amyloid_effect","Amyloid",0.04375806310808,1.03079544209497,0.169243193246719,0.853438345635342,0.912980555795947,NA
"Microglia3","Capillaries","Amyloid_effect","Amyloid",0.456847541467106,1.37253937884179,0.177160586435526,0.0141543785715399,0.0651101414290834,NA
"Microglia4","Capillaries","Amyloid_effect","Amyloid",0.271030558547977,1.20666947860576,0.312485048469487,0.468180801157086,0.669233012098456,NA
"Microglia5","Capillaries","Amyloid_effect","Amyloid",0.920551942053603,1.89283931187954,0.393674834587724,0.00215524649618987,0.016523556470789,NA
"Oligodendrocytes1","Capillaries","Amyloid_effect","Amyloid",-0.264436376253845,0.832523916811218,0.260950912394813,0.558702856027724,0.734295182207866,NA
"Oligodendrocytes2","Capillaries","Amyloid_effect","Amyloid",-0.846083815399048,0.556292740743825,0.191771540426203,0.0889034448048967,0.239241837598078,NA
"Oligodendrocytes3","Capillaries","Amyloid_effect","Amyloid",0.627332868778669,1.54470663068292,0.30313033188348,0.0267018601116491,0.102357130427988,NA
"Oligodendrocytes4","Capillaries","Amyloid_effect","Amyloid",0.133558069126953,1.09699585089417,0.3182463515637,0.749644922646169,0.884970702692789,NA
"Oligodendrocytes5","Capillaries","Amyloid_effect","Amyloid",0.675406704191153,1.59704692615251,0.395313758911229,0.0585807340663407,0.179647584470111,NA
"Oligodendrocytes6","Capillaries","Amyloid_effect","Amyloid",0.0641703400482696,1.04548353391605,0.320622287841969,0.884680477044931,0.924893226001519,NA
"Oligodendrocytes7","Capillaries","Amyloid_effect","Amyloid",-0.0283435298097465,0.980545491912663,0.308509177521606,0.950210591374336,0.950210591374336,NA
"Oligodendrocytes8","Capillaries","Amyloid_effect","Amyloid",-0.111083485430872,0.925892441719299,0.186096233347057,0.701654930943051,0.884970702692789,NA
"OPC1","Capillaries","Amyloid_effect","Amyloid",0.0735590327463335,1.05230946168035,0.242831357989833,0.825128920072464,0.903712626746032,NA
"OPC2","Capillaries","Amyloid_effect","Amyloid",0.219866426634983,1.16462575343503,0.235224092324223,0.450518049718953,0.668510654421672,NA
"OPC3","Capillaries","Amyloid_effect","Amyloid",0.208031774393744,1.15511122482589,0.24281624714268,0.492735937794918,0.669233012098456,NA
"Pericytes","Capillaries","Amyloid_effect","Amyloid",0.744382151307759,1.67525667013336,0.327570376316135,0.00832124665385388,0.0478471682596598,NA
"SMC","Capillaries","Amyloid_effect","Amyloid",0.949598739621779,1.93133541599368,0.281501708163913,6.30547749872331e-06,0.000290051964941272,NA
"VLMC1","Capillaries","Amyloid_effect","Amyloid",1.05184757404757,2.07318315116476,0.414938452430694,0.000269715364599552,0.00413563559052647,NA
"VLMC2","Capillaries","Amyloid_effect","Amyloid",0.404671328198253,1.32378729355527,0.291675287295286,0.202999250903036,0.389081897564153,NA
"Astrocytes1","Parenchyma","Amyloid_effect","Amyloid",0.058237921992911,1.04119329187485,0.202280849016412,0.835399186764273,0.893682850957129,NA
"Astrocytes2","Parenchyma","Amyloid_effect","Amyloid",0.435923859001195,1.35277683377332,0.270205097619469,0.130341794491313,0.333095697033355,NA
"Astrocytes3","Parenchyma","Amyloid_effect","Amyloid",-0.655129866058919,0.635018326701066,0.0887426254331091,0.00115637568620862,0.0106386563131193,NA
"Astrocytes4","Parenchyma","Amyloid_effect","Amyloid",0.206692893934321,1.1540397312727,0.180274040588517,0.359066029917001,0.61924719576674,NA
"Astrocytes5","Parenchyma","Amyloid_effect","Amyloid",-0.649518331058492,0.63749311634682,0.135414858894918,0.0340512700348412,0.1423962201457,NA
"Endothelial","Parenchyma","Amyloid_effect","Amyloid",0.177933079681792,1.131261987329,0.175776438787807,0.427339973695728,0.640043108495649,NA
"ExNeuron1","Parenchyma","Amyloid_effect","Amyloid",0.384459744991274,1.30537086518153,0.260572425531377,0.181875814590199,0.363751629180398,NA
"ExNeuron10","Parenchyma","Amyloid_effect","Amyloid",-0.485607384534946,0.714196325002153,0.102422907292706,0.0189202688656859,0.087033236782155,NA
"ExNeuron11","Parenchyma","Amyloid_effect","Amyloid",0.13735393347097,1.09988594902485,0.115676693876817,0.365333162895249,0.61924719576674,NA
"ExNeuron12","Parenchyma","Amyloid_effect","Amyloid",0.0688172387579308,1.04885644956243,0.125252621130251,0.689568767384104,0.79300408249172,NA
"ExNeuron13","Parenchyma","Amyloid_effect","Amyloid",-0.126314085406861,0.916169166142012,0.115203260792266,0.486249257661557,0.646399101662122,NA
"ExNeuron14","Parenchyma","Amyloid_effect","Amyloid",0.0206667063116265,1.01442816471048,0.126773180671199,0.908740000734571,0.928934222973117,NA
"ExNeuron2","Parenchyma","Amyloid_effect","Amyloid",-0.279346523994452,0.823964151478779,0.117534418581582,0.174650037387276,0.363751629180398,NA
"ExNeuron3","Parenchyma","Amyloid_effect","Amyloid",0.640624403025053,1.5590037551352,0.358733165163829,0.0536358818147263,0.18226589330792,NA
"ExNeuron4","Parenchyma","Amyloid_effect","Amyloid",0.532929135182992,1.44686381453892,0.308676794615196,0.0833653940888876,0.239675508005552,NA
"ExNeuron5","Parenchyma","Amyloid_effect","Amyloid",-0.019964810189709,0.986256760696545,0.107764818768993,0.899217780674934,0.928934222973117,NA
"ExNeuron6","Parenchyma","Amyloid_effect","Amyloid",0.493622373820489,1.40797564031702,0.25557130555237,0.0594345304264956,0.18226589330792,NA
"ExNeuron7","Parenchyma","Amyloid_effect","Amyloid",0.182435499194715,1.13479798907752,0.208755790484369,0.491825403438571,0.646399101662122,NA
"ExNeuron8","Parenchyma","Amyloid_effect","Amyloid",0.150212554759077,1.10973295890301,0.151362918276389,0.44524737982306,0.640043108495649,NA
"ExNeuron9","Parenchyma","Amyloid_effect","Amyloid",0.121337009984419,1.08774245511982,0.210152937035034,0.663329627824462,0.782388791792955,NA
"Fibroblast","Parenchyma","Amyloid_effect","Amyloid",0.134865894433364,1.09799074542834,0.0736638893834473,0.16350291319404,0.358149238425041,NA
"InhNeuron1","Parenchyma","Amyloid_effect","Amyloid",0.252389048975269,1.19117802889237,0.147687386181986,0.158242482975757,0.358149238425041,NA
"InhNeuron2","Parenchyma","Amyloid_effect","Amyloid",0.00752881132777111,1.00523221482153,0.112702965317545,0.962875022843455,0.962875022843455,NA
"InhNeuron3","Parenchyma","Amyloid_effect","Amyloid",-0.130637656354361,0.913427635384609,0.11855349173505,0.485379986086584,0.646399101662122,NA
"InhNeuron4","Parenchyma","Amyloid_effect","Amyloid",0.0951680003682872,1.06818979041887,0.130263413183216,0.58855471044368,0.712460965273929,NA
"InhNeuron5","Parenchyma","Amyloid_effect","Amyloid",0.0914741457732864,1.06545831172197,0.110777979876272,0.541976232181534,0.692525185565294,NA
"Microglia1","Parenchyma","Amyloid_effect","Amyloid",-0.315640097003027,0.803494416092339,0.10489114588191,0.0937475298031517,0.253669786526175,NA
"Microglia2","Parenchyma","Amyloid_effect","Amyloid",0.0628730019138857,1.04454380933298,0.167298671250774,0.785547401562097,0.881345865167231,NA
"Microglia3","Parenchyma","Amyloid_effect","Amyloid",0.420690465700605,1.33856803261173,0.12245115672616,0.00143452035322607,0.0109979893747332,NA
"Microglia4","Parenchyma","Amyloid_effect","Amyloid",-0.867261117189451,0.548186567578478,0.0793262636839622,3.26436779582447e-05,0.000750804593039628,NA
"Microglia5","Parenchyma","Amyloid_effect","Amyloid",-0.188141794282586,0.877735525741956,0.147075148372232,0.436404751741789,0.640043108495649,NA
"Oligodendrocytes1","Parenchyma","Amyloid_effect","Amyloid",-1.13365898868163,0.455758355661398,0.0934658542386389,0.000127269726357585,0.00195146913748297,NA
"Oligodendrocytes2","Parenchyma","Amyloid_effect","Amyloid",-0.472884554666005,0.720522528762824,0.163068764243923,0.147534245184348,0.357188172551579,NA
"Oligodendrocytes3","Parenchyma","Amyloid_effect","Amyloid",-0.142665901809993,0.905843733313765,0.116043756184357,0.440156694555842,0.640043108495649,NA
"Oligodendrocytes4","Parenchyma","Amyloid_effect","Amyloid",-0.429490385810598,0.74252402642875,0.117048314088039,0.0589546198943339,0.18226589330792,NA
"Oligodendrocytes5","Parenchyma","Amyloid_effect","Amyloid",-0.18221126869568,0.881351083138845,0.192670356555553,0.563437605387173,0.700489995886756,NA
"Oligodendrocytes6","Parenchyma","Amyloid_effect","Amyloid",-0.85135322464972,0.554264600888272,0.099496495255547,0.00101138693387932,0.0106386563131193,NA
"Oligodendrocytes7","Parenchyma","Amyloid_effect","Amyloid",-0.608492598846352,0.655881642534492,0.141880919464971,0.0512041497178356,0.18226589330792,NA
"Oligodendrocytes8","Parenchyma","Amyloid_effect","Amyloid",-0.169834938542314,0.888944381150047,0.118437818946479,0.376933075684102,0.61924719576674,NA
"OPC1","Parenchyma","Amyloid_effect","Amyloid",-0.629089760262324,0.646584236113804,0.0940276551123613,0.00271290453302882,0.0178276583599037,NA
"OPC2","Parenchyma","Amyloid_effect","Amyloid",-0.634641433644982,0.644100879217551,0.0621017390938017,5.05452205581114e-06,0.000232508014567313,NA
"OPC3","Parenchyma","Amyloid_effect","Amyloid",-0.482440535371248,0.71576577396071,0.0979709400087807,0.01456132480182,0.0744245489870801,NA
"Pericytes","Parenchyma","Amyloid_effect","Amyloid",-0.0424528773415401,0.971002639623263,0.126386994421099,0.821143866985643,0.893682850957129,NA
"SMC","Parenchyma","Amyloid_effect","Amyloid",0.226239198694025,1.16978159764675,0.14585682730519,0.208506268906053,0.399637015403268,NA
"VLMC1","Parenchyma","Amyloid_effect","Amyloid",-0.178983443995046,0.883325188240701,0.114739923681835,0.33953209484693,0.61924719576674,NA
"VLMC2","Parenchyma","Amyloid_effect","Amyloid",-0.476932463759329,0.718503722479662,0.0843404363471412,0.0048583604488365,0.0279355725808099,NA
"Astrocytes1","Arteries","Disease_effect","Disease",0.660379167298479,1.58049795363303,0.432536721035392,0.0944078216415174,0.114283152513416,NA
"Astrocytes2","Arteries","Disease_effect","Disease",0.523133010510134,1.43707266258677,0.367124685871592,0.155784407834555,0.174782506350964,NA
"Astrocytes3","Arteries","Disease_effect","Disease",1.40915862850568,2.65582231608092,0.605517539192421,1.83496381695858e-05,4.44254397789972e-05,NA
"Astrocytes4","Arteries","Disease_effect","Disease",0.607473528353343,1.52358873731711,0.341823533757634,0.0605451443682582,0.0773632400261077,NA
"Astrocytes5","Arteries","Disease_effect","Disease",0.893678191648538,1.85790687654486,0.504426152801851,0.0225149971802446,0.0323653084466017,NA
"Endothelial","Arteries","Disease_effect","Disease",0.709168977917911,1.63486213155257,0.528272532401862,0.128199130279779,0.147428999821745,NA
"ExNeuron1","Arteries","Disease_effect","Disease",0.392167305369714,1.31236343694033,0.345754331364735,0.30217938421638,0.323261666836127,NA
"ExNeuron10","Arteries","Disease_effect","Disease",1.41138566347284,2.65992517664973,0.567209604644236,4.48110770095243e-06,1.47236395888437e-05,NA
"ExNeuron11","Arteries","Disease_effect","Disease",1.05091982373645,2.07185038300883,0.3251223015586,3.45025392935668e-06,1.22085908269544e-05,NA
"ExNeuron12","Arteries","Disease_effect","Disease",0.762533644306822,1.69646732638836,0.362149985826049,0.0132882975016585,0.0197181188734288,NA
"ExNeuron13","Arteries","Disease_effect","Disease",0.869408480656488,1.82691369405812,0.377752215913156,0.00356287271484787,0.00585329088867864,NA
"ExNeuron14","Arteries","Disease_effect","Disease",0.840545031019846,1.7907265267748,0.299250587110264,0.000489517116183893,0.000900711493778362,NA
"ExNeuron2","Arteries","Disease_effect","Disease",1.4367803025556,2.70716027313508,0.504946402517092,9.33049414726772e-08,8.5840546154863e-07,NA
"ExNeuron3","Arteries","Disease_effect","Disease",0.11144536511306,1.08031000392009,0.316473390574943,0.792016457543379,0.792016457543379,NA
"ExNeuron4","Arteries","Disease_effect","Disease",0.111153700908975,1.08009162380467,0.30916624243177,0.787803031333283,0.792016457543379,NA
"ExNeuron5","Arteries","Disease_effect","Disease",1.16402690251188,2.24082021347019,0.354150452732661,3.30548995831934e-07,2.53420896804483e-06,NA
"ExNeuron6","Arteries","Disease_effect","Disease",0.247480348464115,1.18713199005109,0.313001558285634,0.515300252313608,0.538722991055136,NA
"ExNeuron7","Arteries","Disease_effect","Disease",0.583867567026528,1.49886200658979,0.333669138394402,0.0690695425358819,0.085870242071637,NA
"ExNeuron8","Arteries","Disease_effect","Disease",0.614201416946759,1.53071045982475,0.336918805376113,0.053087067879219,0.0718236800718846,NA
"ExNeuron9","Arteries","Disease_effect","Disease",0.650524935818803,1.56973925373967,0.324915675509863,0.0293730480146276,0.0409442487476627,NA
"Fibroblast","Arteries","Disease_effect","Disease",-2.16933054741553,0.222313806452107,0.0268948661990246,1.81112444159508e-35,8.33117243133736e-34,NA
"InhNeuron1","Arteries","Disease_effect","Disease",1.13982160557219,2.20353773954378,0.365821797649822,1.94580263522215e-06,7.45891010168492e-06,NA
"InhNeuron2","Arteries","Disease_effect","Disease",1.11248999302211,2.16218503803404,0.38553721815737,1.52793839746991e-05,3.90473146020089e-05,NA
"InhNeuron3","Arteries","Disease_effect","Disease",1.055672479609,2.07868691361943,0.303861273504472,5.56474926481759e-07,2.88408123073033e-06,NA
"InhNeuron4","Arteries","Disease_effect","Disease",1.06195695455384,2.08776156172808,0.344483434287573,8.15284140406923e-06,2.5002046972479e-05,NA
"InhNeuron5","Arteries","Disease_effect","Disease",0.916596954892863,1.88765741057298,0.301749292766313,7.05319093535795e-05,0.000147475810466575,NA
"Microglia1","Arteries","Disease_effect","Disease",1.49162095641014,2.81204748510227,0.594683127552739,1.01344087179667e-06,4.23802546387697e-06,NA
"Microglia2","Arteries","Disease_effect","Disease",1.00816633255843,2.01135304224302,0.355884467725499,7.83300660512017e-05,0.000156660132102403,NA
"Microglia3","Arteries","Disease_effect","Disease",0.751740411815468,1.68382290495696,0.31267566442693,0.00501526230115736,0.00769006886177462,NA
"Microglia4","Arteries","Disease_effect","Disease",1.57351206475587,2.97628372837654,0.732182481978805,9.26987239365021e-06,2.66508831317443e-05,NA
"Microglia5","Arteries","Disease_effect","Disease",1.73069492333303,3.31887644847505,0.795795439544075,5.64276762534194e-07,2.88408123073033e-06,NA
"Oligodendrocytes1","Arteries","Disease_effect","Disease",1.28254982840057,2.43268551537514,0.687258030204193,0.00165081274877744,0.00292066870937548,NA
"Oligodendrocytes2","Arteries","Disease_effect","Disease",0.968921216403162,1.95737640823609,0.689546471097288,0.0565922358413314,0.0743783671057498,NA
"Oligodendrocytes3","Arteries","Disease_effect","Disease",1.44558640593763,2.72373511271708,0.543309201879939,5.07965917235596e-07,2.88408123073033e-06,NA
"Oligodendrocytes4","Arteries","Disease_effect","Disease",1.66520983617726,3.17159781340725,0.735590050828254,6.4695703671292e-07,2.97600236887943e-06,NA
"Oligodendrocytes5","Arteries","Disease_effect","Disease",1.39433192514496,2.62866797020077,0.694000850001266,0.000251500448891718,0.00048204252704246,NA
"Oligodendrocytes6","Arteries","Disease_effect","Disease",1.39997823721155,2.63897601277939,0.891836533544891,0.00408630417954351,0.00648172387100005,NA
"Oligodendrocytes7","Arteries","Disease_effect","Disease",1.22411927613896,2.3361279227663,0.664548090716166,0.00285654893969069,0.00486671300836191,NA
"Oligodendrocytes8","Arteries","Disease_effect","Disease",1.14601845119265,2.21302300922268,0.434420704397669,5.19623655521344e-05,0.000119513440769909,NA
"OPC1","Arteries","Disease_effect","Disease",1.73840261894757,3.33665521972583,0.711024675775592,1.5620253001137e-08,1.79632909513075e-07,NA
"OPC2","Arteries","Disease_effect","Disease",1.77182608242875,3.41485916985877,0.613472317150224,8.12355267049543e-12,1.86841711421395e-10,NA
"OPC3","Arteries","Disease_effect","Disease",1.77016080729227,3.41091973764422,0.650212253800983,1.22203068130661e-10,1.87378037800347e-09,NA
"Pericytes","Arteries","Disease_effect","Disease",0.388337685851337,1.30888440093361,0.325382468205847,0.278903963291356,0.30546624550958,NA
"SMC","Arteries","Disease_effect","Disease",0.456590669349401,1.37229501970737,0.26894254722368,0.106336514467362,0.125422555525606,NA
"VLMC1","Arteries","Disease_effect","Disease",1.2593767445841,2.39392299256783,0.520489082443663,5.94594682748228e-05,0.000130244549554374,NA
"VLMC2","Arteries","Disease_effect","Disease",1.44172183250304,2.7164487573557,0.616276563547819,1.05848793952242e-05,2.86414383635479e-05,NA
"Astrocytes1","Capillaries","Disease_effect","Disease",1.35241140409771,2.55338556644512,0.859045706962175,0.00533066070757019,0.0272455991720254,NA
"Astrocytes2","Capillaries","Disease_effect","Disease",1.16792057908575,2.24687611126859,0.768993734822191,0.0180131220044506,0.0517877257627956,NA
"Astrocytes3","Capillaries","Disease_effect","Disease",1.03614962065683,2.05074714596463,0.593021842866159,0.0130045714476562,0.040260585798945,NA
"Astrocytes4","Capillaries","Disease_effect","Disease",1.16231597701532,2.23816434796516,0.539061901795196,0.000822668488002355,0.0101764464459665,NA
"Astrocytes5","Capillaries","Disease_effect","Disease",0.874509096070669,1.83338413706991,0.675595208306206,0.099976998582244,0.148352965638169,NA
"Endothelial","Capillaries","Disease_effect","Disease",0.421838956486695,1.33963405494189,0.362728470388905,0.280194311599651,0.314364349599609,NA
"ExNeuron1","Capillaries","Disease_effect","Disease",1.136881719905,2.19905200082889,0.694644146194485,0.0126072769867022,0.040260585798945,NA
"ExNeuron10","Capillaries","Disease_effect","Disease",0.406113161474543,1.3251109514348,0.333513618319757,0.263380761239653,0.302887875425601,NA
"ExNeuron11","Capillaries","Disease_effect","Disease",0.633611492990122,1.55144386003505,0.552270606256105,0.21729027608825,0.277648686112764,NA
"ExNeuron12","Capillaries","Disease_effect","Disease",0.989850392979628,1.98597903479641,0.486107453545619,0.00506151797987671,0.0272455991720254,NA
"ExNeuron13","Capillaries","Disease_effect","Disease",0.734421535809503,1.66373024501877,0.439099361600111,0.0537536147416909,0.109782018424708,NA
"ExNeuron14","Capillaries","Disease_effect","Disease",0.931188588959831,1.90684633705876,0.413359929465528,0.00290618362383045,0.0190977780994573,NA
"ExNeuron2","Capillaries","Disease_effect","Disease",0.195888292813351,1.14542920451087,0.279365948416331,0.577725844066677,0.590564196157047,NA
"ExNeuron3","Capillaries","Disease_effect","Disease",0.772905499618697,1.70870755320182,0.609669730802966,0.133226619303837,0.185709832968985,NA
"ExNeuron4","Capillaries","Disease_effect","Disease",1.08073022299472,2.11510637557737,0.707995480553921,0.0252262963148638,0.0580204815241867,NA
"ExNeuron5","Capillaries","Disease_effect","Disease",0.213504921908207,1.15950168932652,0.284405015789491,0.546277568456781,0.571108367022998,NA
"ExNeuron6","Capillaries","Disease_effect","Disease",0.475723032486154,1.39061497685993,0.52313187503067,0.380732571197317,0.407295308722711,NA
"ExNeuron7","Capillaries","Disease_effect","Disease",1.31828090566198,2.493687884677,0.72893640893175,0.00177214991257535,0.0135864826630777,NA
"ExNeuron8","Capillaries","Disease_effect","Disease",0.564519539589883,1.47889491118357,0.42974945535595,0.178121274876719,0.234102246980831,NA
"ExNeuron9","Capillaries","Disease_effect","Disease",0.471832424731033,1.38686986884154,0.468499347196723,0.332972448885023,0.364684110683597,NA
"Fibroblast","Capillaries","Disease_effect","Disease",-2.14614258743539,0.225915852399179,0.0406563653511425,1.38378573323462e-16,6.36541437287927e-15,NA
"InhNeuron1","Capillaries","Disease_effect","Disease",0.774964513951549,1.71114796164801,0.4947262957801,0.0631786518946784,0.11909700472722,NA
"InhNeuron2","Capillaries","Disease_effect","Disease",1.00912989354911,2.0126968526982,0.44960292434239,0.00174046695197668,0.0135864826630777,NA
"InhNeuron3","Capillaries","Disease_effect","Disease",0.674434737320011,1.5959713322949,0.405309548664717,0.0656527139967114,0.11909700472722,NA
"InhNeuron4","Capillaries","Disease_effect","Disease",0.821752230176795,1.76755147508167,0.386585775691751,0.00920596510387903,0.0352895328982029,NA
"InhNeuron5","Capillaries","Disease_effect","Disease",0.795953594836686,1.73622460758358,0.424332223755875,0.023981604657665,0.0580204815241867,NA
"Microglia1","Capillaries","Disease_effect","Disease",0.569186517920978,1.48368673894903,0.379881294935238,0.123341198621994,0.177302973019117,NA
"Microglia2","Capillaries","Disease_effect","Disease",0.814741364912209,1.75898278689551,0.376044387497622,0.00825144812865983,0.0345060558107593,NA
"Microglia3","Capillaries","Disease_effect","Disease",0.924432396353628,1.89793738404477,0.365780557269683,0.000884908386605785,0.0101764464459665,NA
"Microglia4","Capillaries","Disease_effect","Disease",0.872612608761161,1.83097565480406,0.658210397020589,0.0924646413096491,0.146668051732547,NA
"Microglia5","Capillaries","Disease_effect","Disease",0.493970091262609,1.40831503060944,0.404738317817226,0.233503039085843,0.290301075620237,NA
"Oligodendrocytes1","Capillaries","Disease_effect","Disease",0.821988401588077,1.76784084967895,0.593849673940261,0.0898622560658431,0.146668051732547,NA
"Oligodendrocytes2","Capillaries","Disease_effect","Disease",0.268115742434906,1.20423398888532,0.457636071738436,0.624818142033185,0.624818142033185,NA
"Oligodendrocytes3","Capillaries","Disease_effect","Disease",0.853401263539652,1.80675547180098,0.430903395615194,0.0131284518909603,0.040260585798945,NA
"Oligodendrocytes4","Capillaries","Disease_effect","Disease",0.697746440848622,1.62196921883044,0.528865786815486,0.138002677539145,0.186709504905902,NA
"Oligodendrocytes5","Capillaries","Disease_effect","Disease",0.782319625837641,1.71989396891595,0.535774850544259,0.0817325885201616,0.13924811377509,NA
"Oligodendrocytes6","Capillaries","Disease_effect","Disease",0.773614528866159,1.70954752378028,0.816451058903968,0.261523877364416,0.302887875425601,NA
"Oligodendrocytes7","Capillaries","Disease_effect","Disease",0.793241310938193,1.73296355096899,0.576342217945072,0.0982790277103015,0.148352965638169,NA
"Oligodendrocytes8","Capillaries","Disease_effect","Disease",1.42184772107648,2.67928438689075,0.644149554280654,4.14385585825901e-05,0.000953086847399572,NA
"OPC1","Capillaries","Disease_effect","Disease",0.750295788784083,1.68213767570426,0.45569845874997,0.0548910092123542,0.109782018424708,NA
"OPC2","Capillaries","Disease_effect","Disease",0.995277147810988,1.99346344162177,0.50018572451987,0.00596946198614849,0.027459525136283,NA
"OPC3","Capillaries","Disease_effect","Disease",0.796948148064314,1.73742192445767,0.427612403925464,0.0248032649294319,0.0580204815241867,NA
"Pericytes","Capillaries","Disease_effect","Disease",0.5308931901665,1.44482342655537,0.273090474552293,0.0515482334915467,0.109782018424708,NA
"SMC","Capillaries","Disease_effect","Disease",0.725058791985074,1.65296799585904,0.354945998194168,0.01926010651601,0.0521155823374388,NA
"VLMC1","Capillaries","Disease_effect","Disease",0.443713600516595,1.36010082247667,0.36892051952025,0.256845546440186,0.302887875425601,NA
"VLMC2","Capillaries","Disease_effect","Disease",0.718018837271258,1.64492161502864,0.447465702256358,0.0673156983240809,0.11909700472722,NA
"Astrocytes1","Parenchyma","Disease_effect","Disease",1.25516205634288,2.38693959329716,0.684261799121245,0.00240615391613141,0.00381665793593257,NA
"Astrocytes2","Parenchyma","Disease_effect","Disease",0.943009117078238,1.92253400614871,0.560346492717056,0.0249203182351996,0.0293931958671585,NA
"Astrocytes3","Parenchyma","Disease_effect","Disease",1.44410109153164,2.72093235742727,0.642296696821105,2.23138435941801e-05,7.31262125839772e-05,NA
"Astrocytes4","Parenchyma","Disease_effect","Disease",0.92963210790034,1.90479020622665,0.469712295741016,0.00897317322686028,0.0121401755422227,NA
"Astrocytes5","Parenchyma","Disease_effect","Disease",1.23036136434178,2.34625751234042,0.712607013853287,0.00498636136445797,0.00709398096656149,NA
"Endothelial","Parenchyma","Disease_effect","Disease",0.882690838773522,1.84381107540725,0.340324570820844,0.000917090548552005,0.00162254481666893,NA
"ExNeuron1","Parenchyma","Disease_effect","Disease",0.938140514090011,1.91605704546096,0.51720413462166,0.015995568745687,0.0204387822861556,NA
"ExNeuron10","Parenchyma","Disease_effect","Disease",1.23956860517224,2.36127914733698,0.484873869850706,2.8614604924165e-05,7.31262125839772e-05,NA
"ExNeuron11","Parenchyma","Disease_effect","Disease",1.06041106148853,2.08552565775254,0.311576376245232,8.6616257851012e-07,5.08983105469903e-06,NA
"ExNeuron12","Parenchyma","Disease_effect","Disease",0.919152034624141,1.89100350143432,0.430070886809661,0.0050891602586202,0.00709398096656149,NA
"ExNeuron13","Parenchyma","Disease_effect","Disease",1.1956470848041,2.29047542634686,0.450517428497477,2.51448857307935e-05,7.31262125839772e-05,NA
"ExNeuron14","Parenchyma","Disease_effect","Disease",1.06558124526512,2.09301296062703,0.488066215093314,0.00153799770001346,0.0026202923778007,NA
"ExNeuron2","Parenchyma","Disease_effect","Disease",1.17999932767388,2.26576671469658,0.473327604533405,9.03069297305921e-05,0.000207705938380362,NA
"ExNeuron3","Parenchyma","Disease_effect","Disease",0.497301241588632,1.41157055528695,0.418537574041916,0.245010495035695,0.250455172703155,NA
"ExNeuron4","Parenchyma","Disease_effect","Disease",0.495828323972066,1.41013014958856,0.411587635966976,0.239003832912625,0.249867643499562,NA
"ExNeuron5","Parenchyma","Disease_effect","Disease",1.21874051516121,2.32743441604502,0.38890833429233,4.29191395342147e-07,3.94856083714776e-06,NA
"ExNeuron6","Parenchyma","Disease_effect","Disease",0.870635348391208,1.82846796208242,0.488125124900001,0.023785900472424,0.0287934584666185,NA
"ExNeuron7","Parenchyma","Disease_effect","Disease",0.743607987971811,1.67435795325444,0.46650069288399,0.0643173591031406,0.0688046167149876,NA
"ExNeuron8","Parenchyma","Disease_effect","Disease",0.761119262512195,1.69480496765238,0.409973620477713,0.0291884967160687,0.032748069486321,NA
"ExNeuron9","Parenchyma","Disease_effect","Disease",0.753485340517284,1.68586070808548,0.464072576051088,0.0577883287985263,0.0632919791602908,NA
"Fibroblast","Parenchyma","Disease_effect","Disease",-1.35388807351112,0.391236242397236,0.0575862339248932,1.82116018395635e-10,4.18866842309962e-09,NA
"InhNeuron1","Parenchyma","Disease_effect","Disease",1.04035871462516,2.05673898149836,0.356408199477435,3.16294533604737e-05,7.65765712937783e-05,NA
"InhNeuron2","Parenchyma","Disease_effect","Disease",1.05871949457605,2.0830818018294,0.401824266233369,0.000142196805669309,0.000311478717180391,NA
"InhNeuron3","Parenchyma","Disease_effect","Disease",0.988546096437379,1.98418438314837,0.468732934983197,0.00372519615870126,0.00552771042904058,NA
"InhNeuron4","Parenchyma","Disease_effect","Disease",0.953963134184715,1.93718687604007,0.4309215131752,0.00295329026822257,0.0045283784112746,NA
"InhNeuron5","Parenchyma","Disease_effect","Disease",1.13561334563543,2.1971195097925,0.346868266609699,6.16685625497968e-07,4.72792312881776e-06,NA
"Microglia1","Parenchyma","Disease_effect","Disease",1.63702406094571,3.11023601491937,0.799239352843423,1.00695708361731e-05,4.551360844493e-05,NA
"Microglia2","Parenchyma","Disease_effect","Disease",0.650232834254581,1.56942146178564,0.321297317776532,0.0276977237210279,0.0318523822791821,NA
"Microglia3","Parenchyma","Disease_effect","Disease",0.79174561600666,1.73116785500582,0.283331330761884,0.000798913205737847,0.00147000029855764,NA
"Microglia4","Parenchyma","Disease_effect","Disease",1.87117266935897,3.65829817623802,0.788389775391671,1.76203840276738e-09,2.02634416318249e-08,NA
"Microglia5","Parenchyma","Disease_effect","Disease",1.39011969992149,2.62100426253615,0.725603618132026,0.00050041431737202,0.00100082863474404,NA
"Oligodendrocytes1","Parenchyma","Disease_effect","Disease",1.43483020201027,2.70350345849717,0.76406728339094,0.000433149860304226,0.000905676980636109,NA
"Oligodendrocytes2","Parenchyma","Disease_effect","Disease",-0.413484957743161,0.75080753927576,0.236534771534695,0.362957966763114,0.362957966763114,NA
"Oligodendrocytes3","Parenchyma","Disease_effect","Disease",1.27478842541068,2.41963330755545,0.484048710819772,1.00095954588215e-05,4.551360844493e-05,NA
"Oligodendrocytes4","Parenchyma","Disease_effect","Disease",1.47571420688086,2.781212939755,0.661411652155751,1.69871987849265e-05,6.51175953422183e-05,NA
"Oligodendrocytes5","Parenchyma","Disease_effect","Disease",0.999754454657922,1.99965963084296,0.543796768951841,0.010827171561916,0.0142299969099467,NA
"Oligodendrocytes6","Parenchyma","Disease_effect","Disease",1.54636875037506,2.92081048005128,0.746143119293712,2.71852308776791e-05,7.31262125839772e-05,NA
"Oligodendrocytes7","Parenchyma","Disease_effect","Disease",1.01203859714701,2.01675886443304,0.61345081509887,0.021099520135233,0.0262318358438032,NA
"Oligodendrocytes8","Parenchyma","Disease_effect","Disease",1.11732150100058,2.16943821773134,0.39945876458439,2.59822478503019e-05,7.31262125839772e-05,NA
"OPC1","Parenchyma","Disease_effect","Disease",1.39307663735266,2.62638176307627,0.57652920724666,1.08836889759615e-05,4.551360844493e-05,NA
"OPC2","Parenchyma","Disease_effect","Disease",1.66203875876192,3.16463422316449,0.507697428536659,6.92013583547924e-13,3.18326248432045e-11,NA
"OPC3","Parenchyma","Disease_effect","Disease",1.45746484539238,2.74625358010248,0.564402831403576,8.85188009512875e-07,5.08983105469903e-06,NA
"Pericytes","Parenchyma","Disease_effect","Disease",0.958051175297066,1.94268390076942,0.413283478018113,0.00179910607372818,0.00295567426398201,NA
"SMC","Parenchyma","Disease_effect","Disease",1.11942314545591,2.17260084755053,0.402595402759406,2.82330957304217e-05,7.31262125839772e-05,NA
"VLMC1","Parenchyma","Disease_effect","Disease",1.05267741633275,2.07437599503243,0.437926841736201,0.000547722280487504,0.00104980103760105,NA
"VLMC2","Parenchyma","Disease_effect","Disease",1.47547519057047,2.78075220469088,0.471123861954999,1.5750147933822e-09,2.02634416318249e-08,NA
"Astrocytes1","Arteries","AD_overall_vs_Control","Overall",1.01044025096313,NA,0.238107241021601,0.00326665105175459,0.0048472886574423,0.70038381107938
"Astrocytes2","Arteries","AD_overall_vs_Control","Overall",0.815297741432829,NA,0.255314422656324,0.0268678178165565,0.0316902466554256,0.565121330791057
"Astrocytes3","Arteries","AD_overall_vs_Control","Overall",1.249873834397,NA,0.202426751617769,1.87059206224631e-05,5.37795217895814e-05,0.866346524367931
"Astrocytes4","Arteries","AD_overall_vs_Control","Overall",0.782709892450161,NA,0.214568213958717,0.0114555000922884,0.0159682728559171,0.542533155148207
"Astrocytes5","Arteries","AD_overall_vs_Control","Overall",0.847933817336764,NA,0.250298940857731,0.0188662179168205,0.0241068340048261,0.587742934788409
"Endothelial","Arteries","AD_overall_vs_Control","Overall",0.62869147698534,NA,0.240636621773785,0.0701519149715799,0.0806747022173169,0.435775724714456
"ExNeuron1","Arteries","AD_overall_vs_Control","Overall",0.525227316921558,NA,0.234631584948216,0.12075238495762,0.132252612096441,0.364059833877243
"ExNeuron10","Arteries","AD_overall_vs_Control","Overall",1.44322627452217,NA,0.19271319831238,2.0920254720756e-07,1.37475959593539e-06,1.00036822309508
"ExNeuron11","Arteries","AD_overall_vs_Control","Overall",1.13902350572425,NA,0.179800988497072,1.12816712391659e-05,4.32464064168024e-05,0.789510931584272
"ExNeuron12","Arteries","AD_overall_vs_Control","Overall",0.939815290328317,NA,0.188672836492919,0.000555010059025429,0.000945572693154434,0.651430318738199
"ExNeuron13","Arteries","AD_overall_vs_Control","Overall",1.09754827180092,NA,0.174648166291713,1.32477822962199e-05,4.35284275447226e-05,0.76076249012725
"ExNeuron14","Arteries","AD_overall_vs_Control","Overall",0.938448242656546,NA,0.152976738951859,2.11711191140072e-05,5.72865576026077e-05,0.65048275349882
"ExNeuron2","Arteries","AD_overall_vs_Control","Overall",1.46873526310924,NA,0.180731790201828,1.77172341109947e-08,2.03748192276439e-07,1.01804970661314
"ExNeuron3","Arteries","AD_overall_vs_Control","Overall",0.262391371270801,NA,0.273779882820662,0.506489292035835,0.517744609636631,0.181875839199613
"ExNeuron4","Arteries","AD_overall_vs_Control","Overall",0.236066425674986,NA,0.26177135573401,0.531916702560296,0.531916702560296,0.163628777381481
"ExNeuron5","Arteries","AD_overall_vs_Control","Overall",1.19771007788395,NA,0.190288344694532,1.28410257214958e-05,4.35284275447226e-05,0.83018936361349
"ExNeuron6","Arteries","AD_overall_vs_Control","Overall",0.482787050187155,NA,0.269328959937503,0.214050429266024,0.223779994232662,0.334642482648079
"ExNeuron7","Arteries","AD_overall_vs_Control","Overall",0.690607587865358,NA,0.209050175777486,0.0220302472742576,0.0266681940688382,0.478692702402178
"ExNeuron8","Arteries","AD_overall_vs_Control","Overall",0.774593342430981,NA,0.21101506125337,0.0109464952963239,0.0157355869884655,0.536907191386538
"ExNeuron9","Arteries","AD_overall_vs_Control","Overall",0.831550276460849,NA,0.192141708016426,0.0027015677690683,0.00414240391257139,0.576386729622681
"Fibroblast","Arteries","AD_overall_vs_Control","Overall",-1.60771261748504,NA,0.135151467201952,1.64572376122643e-16,7.57032930164158e-15,-1.11438146796041
"InhNeuron1","Arteries","AD_overall_vs_Control","Overall",1.1964260656116,NA,0.196529431009533,2.44604911041269e-05,6.25101439327687e-05,0.829299354127106
"InhNeuron2","Arteries","AD_overall_vs_Control","Overall",1.11521414322035,NA,0.204682572745742,0.000158973351005159,0.000330832692999101,0.773007539093763
"InhNeuron3","Arteries","AD_overall_vs_Control","Overall",1.15554024864362,NA,0.170146422771418,2.50808120754048e-06,1.15371735546862e-05,0.800959465370861
"InhNeuron4","Arteries","AD_overall_vs_Control","Overall",1.13145790890112,NA,0.176538603643628,8.89334203241792e-06,3.71903394082931e-05,0.78426685947706
"InhNeuron5","Arteries","AD_overall_vs_Control","Overall",1.03451914446007,NA,0.175752440337746,4.5031212623671e-05,0.00010902293582573,0.717074028217788
"Microglia1","Arteries","AD_overall_vs_Control","Overall",1.4463276654619,NA,0.2090118730193,1.61490891197574e-06,8.25397888343156e-06,1.00251794348076
"Microglia2","Arteries","AD_overall_vs_Control","Overall",0.914285956217206,NA,0.168519059910681,0.000169498429031491,0.000330832692999101,0.63373473277751
"Microglia3","Arteries","AD_overall_vs_Control","Overall",0.93183992018599,NA,0.176255381876493,0.000247743333991707,0.000455847734544741,0.645902213410123
"Microglia4","Arteries","AD_overall_vs_Control","Overall",1.32672068789636,NA,0.244701483300078,0.000171208294213336,0.000330832692999101,0.919612704205916
"Microglia5","Arteries","AD_overall_vs_Control","Overall",1.66941237674069,NA,0.215925610882231,8.36771345363889e-08,6.41524698112315e-07,1.15714848212969
"Oligodendrocytes1","Arteries","AD_overall_vs_Control","Overall",0.879139635231449,NA,0.254730079933583,0.0167463049440923,0.0224066895893965,0.609373159479178
"Oligodendrocytes2","Arteries","AD_overall_vs_Control","Overall",-0.437897039786843,NA,0.239230812437922,0.20452576148377,0.218795000657056,-0.303527098503796
"Oligodendrocytes3","Arteries","AD_overall_vs_Control","Overall",1.38188572533344,NA,0.198500878809413,1.39708240730943e-06,8.03322384202924e-06,0.957850194370906
"Oligodendrocytes4","Arteries","AD_overall_vs_Control","Overall",1.38948032750985,NA,0.224983760279274,1.86208191328152e-05,5.37795217895814e-05,0.963114371456959
"Oligodendrocytes5","Arteries","AD_overall_vs_Control","Overall",1.24451998935487,NA,0.248119806690571,0.000507645382545615,0.000898141830657627,0.862635521771824
"Oligodendrocytes6","Arteries","AD_overall_vs_Control","Overall",1.19251366736505,NA,0.261189777668696,0.00155242524844828,0.00246246763546968,0.826587486313282
"Oligodendrocytes7","Arteries","AD_overall_vs_Control","Overall",0.878803782057682,NA,0.263469541201048,0.0207779375422092,0.0258320304578818,0.609140363798699
"Oligodendrocytes8","Arteries","AD_overall_vs_Control","Overall",1.00767960806105,NA,0.176359124605699,7.47930529794256e-05,0.000172024021852679,0.698470279235264
"OPC1","Arteries","AD_overall_vs_Control","Overall",1.5394855608893,NA,0.192304913404476,2.87392681429508e-08,2.64401266915147e-07,1.06709007604316
"OPC2","Arteries","AD_overall_vs_Control","Overall",1.50036209609473,NA,0.173677717758985,2.12515399997051e-09,3.25856946662146e-08,1.03997175672707
"OPC3","Arteries","AD_overall_vs_Control","Overall",1.59833916120037,NA,0.179879459282593,7.31885298426517e-10,1.68333618638099e-08,1.10788428316459
"Pericytes","Arteries","AD_overall_vs_Control","Overall",0.58814118405437,NA,0.231024463424909,0.0776290970048604,0.0870960600542336,0.407668403498474
"SMC","Arteries","AD_overall_vs_Control","Overall",0.652122470771704,NA,0.189472561903276,0.0170485681658452,0.0224066895893965,0.452016851995192
"VLMC1","Arteries","AD_overall_vs_Control","Overall",1.12559320398203,NA,0.232124859240673,0.000776243685013227,0.00127525748252173,0.780201755797578
"VLMC2","Arteries","AD_overall_vs_Control","Overall",1.15140150145072,NA,0.212480739541269,0.000172608361564748,0.000330832692999101,0.798090704423058
"Astrocytes1","Capillaries","AD_overall_vs_Control","Overall",1.24392366397662,NA,0.299730308936025,0.0040190842621168,0.00806717866835976,0.862222180517191
"Astrocytes2","Capillaries","AD_overall_vs_Control","Overall",0.722984325715982,NA,0.290644638609692,0.0846686017294737,0.0885171745353589,0.501134546959066
"Astrocytes3","Capillaries","AD_overall_vs_Control","Overall",1.06205838702323,NA,0.263937303909119,0.00528453179538083,0.00934955625336608,0.736162776555198
"Astrocytes4","Capillaries","AD_overall_vs_Control","Overall",1.14697027702776,NA,0.240124645722726,0.000930095502801253,0.00272978238618345,0.795019213707852
"Astrocytes5","Capillaries","AD_overall_vs_Control","Overall",0.898801001587661,NA,0.309779572620826,0.04431364012692,0.05662298460662,0.623001380134942
"Endothelial","Capillaries","AD_overall_vs_Control","Overall",0.597524740176047,NA,0.235164951579508,0.078204503205663,0.0856525511300119,0.414172588967841
"ExNeuron1","Capillaries","AD_overall_vs_Control","Overall",1.06110700950763,NA,0.283245226953021,0.00941236553536682,0.0144322938208958,0.735503331912612
"ExNeuron10","Capillaries","AD_overall_vs_Control","Overall",0.961106079268677,NA,0.231675420769273,0.00403358933417988,0.00806717866835976,0.666187969064107
"ExNeuron11","Capillaries","AD_overall_vs_Control","Overall",0.973041470655122,NA,0.22545455518087,0.00277555493938889,0.00638377636059444,0.6744609519525
"ExNeuron12","Capillaries","AD_overall_vs_Control","Overall",1.22930431639939,NA,0.224083830187266,0.000143217312009884,0.000893398457020364,0.852088820962409
"ExNeuron13","Capillaries","AD_overall_vs_Control","Overall",1.08515661581063,NA,0.226842505475624,0.000913684181757482,0.00272978238618345,0.752173248715109
"ExNeuron14","Capillaries","AD_overall_vs_Control","Overall",1.1244244726496,NA,0.187366037213662,3.18627546218427e-05,0.00042205634561551,0.779391652969674
"ExNeuron2","Capillaries","AD_overall_vs_Control","Overall",0.840509074772338,NA,0.225963300543493,0.00992937115817582,0.0147339055895512,0.582596495413495
"ExNeuron3","Capillaries","AD_overall_vs_Control","Overall",0.578003674899005,NA,0.321221774004441,0.212308400772952,0.217026365234573,0.400641617609533
"ExNeuron4","Capillaries","AD_overall_vs_Control","Overall",0.839425582179655,NA,0.309146440312885,0.0598220177140969,0.0687953203712114,0.581845475577718
"ExNeuron5","Capillaries","AD_overall_vs_Control","Overall",0.902932641027964,NA,0.222433099272952,0.00489713469833946,0.00901072784494461,0.625865214364078
"ExNeuron6","Capillaries","AD_overall_vs_Control","Overall",0.768951067355394,NA,0.280848901055109,0.057721860822535,0.0680821948163233,0.532996264325952
"ExNeuron7","Capillaries","AD_overall_vs_Control","Overall",1.36755309254564,NA,0.271023770151328,0.000469576179183553,0.00196368220385849,0.947915570364042
"ExNeuron8","Capillaries","AD_overall_vs_Control","Overall",1.16537407650839,NA,0.217467439348529,0.000203631964341108,0.00104078559552122,0.80777575542944
"ExNeuron9","Capillaries","AD_overall_vs_Control","Overall",0.93093862046368,NA,0.323491713844753,0.0460727222536753,0.0572796006397044,0.645277480048765
"Fibroblast","Capillaries","AD_overall_vs_Control","Overall",-1.61135197686254,NA,0.22649656449549,8.17182084817759e-07,3.75903759016169e-05,-1.11690407965196
"InhNeuron1","Capillaries","AD_overall_vs_Control","Overall",1.06099647095337,NA,0.222513974935852,0.000949489525629025,0.00272978238618345,0.735426712425379
"InhNeuron2","Capillaries","AD_overall_vs_Control","Overall",1.11367675584288,NA,0.209932821755392,0.000235909719300192,0.00108518470878088,0.771941903367639
"InhNeuron3","Capillaries","AD_overall_vs_Control","Overall",1.25747599479764,NA,0.217621919118159,6.19690903971798e-05,0.000475096359711712,0.871615940415795
"InhNeuron4","Capillaries","AD_overall_vs_Control","Overall",0.996093785914891,NA,0.207243441485116,0.000863672101182709,0.00272978238618345,0.690439599280188
"InhNeuron5","Capillaries","AD_overall_vs_Control","Overall",1.12287226955563,NA,0.205777357426378,0.000155373644699194,0.000893398457020364,0.778315747771435
"Microglia1","Capillaries","AD_overall_vs_Control","Overall",0.949875137713256,NA,0.221778798295316,0.00299024876030352,0.00655006871304581,0.658403273589933
"Microglia2","Capillaries","AD_overall_vs_Control","Overall",0.842618675837991,NA,0.193742172179642,0.00257302575324948,0.00638377636059444,0.584058759444258
"Microglia3","Capillaries","AD_overall_vs_Control","Overall",1.11519404364294,NA,0.182244234302097,2.22005442659923e-05,0.00042205634561551,0.772993607128349
"Microglia4","Capillaries","AD_overall_vs_Control","Overall",0.920339760239681,NA,0.265350652248624,0.0162121025961723,0.0225986884673917,0.637930909967351
"Microglia5","Capillaries","AD_overall_vs_Control","Overall",0.934105974988829,NA,0.256807825990222,0.0116943666364175,0.0168106520398501,0.647472922907706
"Oligodendrocytes1","Capillaries","AD_overall_vs_Control","Overall",0.760220674983106,NA,0.301909253750394,0.0809196411407925,0.0865651974994524,0.526944817467918
"Oligodendrocytes2","Capillaries","AD_overall_vs_Control","Overall",0.0487611074511091,NA,0.336266133557363,0.919938228208504,0.919938228208504,0.0337986241507168
"Oligodendrocytes3","Capillaries","AD_overall_vs_Control","Overall",1.11724769495518,NA,0.22669967538062,0.000635369258794355,0.0024355821587117,0.774417089745281
"Oligodendrocytes4","Capillaries","AD_overall_vs_Control","Overall",0.836213906224682,NA,0.287445335554673,0.0437528817955651,0.05662298460662,0.579619311444657
"Oligodendrocytes5","Capillaries","AD_overall_vs_Control","Overall",1.07858039319518,NA,0.265617252972926,0.00488330388480754,0.00901072784494461,0.747614958550476
"Oligodendrocytes6","Capillaries","AD_overall_vs_Control","Overall",0.826835263003164,NA,0.30022820129668,0.0562694416794828,0.0680821948163233,0.573118531338184
"Oligodendrocytes7","Capillaries","AD_overall_vs_Control","Overall",0.776095220178263,NA,0.304840193948251,0.0776160060011163,0.0856525511300119,0.537948213712613
"Oligodendrocytes8","Capillaries","AD_overall_vs_Control","Overall",1.3616001957664,NA,0.228668459155957,3.6700551792653e-05,0.00042205634561551,0.943789336745348
"OPC1","Capillaries","AD_overall_vs_Control","Overall",0.811192187474398,NA,0.241242106451566,0.0197664283400989,0.026742814813075,0.562275577640134
"OPC2","Capillaries","AD_overall_vs_Control","Overall",1.05940954276474,NA,0.224264575839432,0.0010589528132718,0.00286540173002958,0.73432673762568
"OPC3","Capillaries","AD_overall_vs_Control","Overall",0.889947981508098,NA,0.226639064135485,0.00649285248327074,0.0110618968233502,0.616864934227352
"Pericytes","Capillaries","AD_overall_vs_Control","Overall",0.821858157215119,NA,0.210919299513841,0.00691553519772169,0.0113612363962571,0.569668664493852
"SMC","Capillaries","AD_overall_vs_Control","Overall",1.12953566900632,NA,0.195156574966816,6.02505850394176e-05,0.000475096359711712,0.782934464313625
"VLMC1","Capillaries","AD_overall_vs_Control","Overall",1.02227460079887,NA,0.235708649550788,0.00264537100895467,0.00638377636059444,0.708586757301778
"VLMC2","Capillaries","AD_overall_vs_Control","Overall",0.867786677959877,NA,0.229768082204606,0.00884794684688739,0.0140346743088559,0.60150388915537
"Astrocytes1","Parenchyma","AD_overall_vs_Control","Overall",1.2602519006478,NA,0.267234887597656,0.00108000827927665,0.00160259293053954,0.873540051729333
"Astrocytes2","Parenchyma","AD_overall_vs_Control","Overall",1.203799714256,NA,0.265822874859517,0.00169542045968221,0.00236331336804187,0.834410377895415
"Astrocytes3","Parenchyma","AD_overall_vs_Control","Overall",1.14097788440414,NA,0.207633810838321,0.000139561434533558,0.00027332957581325,0.790865603655978
"Astrocytes4","Parenchyma","AD_overall_vs_Control","Overall",1.14011696140671,NA,0.222942802956851,0.000393036745908259,0.000623437596957928,0.790268857307635
"Astrocytes5","Parenchyma","AD_overall_vs_Control","Overall",0.989138255117932,NA,0.263522229487004,0.00927500194248904,0.0115310834960675,0.685618392718979
"Endothelial","Parenchyma","AD_overall_vs_Control","Overall",0.911838435214063,NA,0.2258884931876,0.00514185364288435,0.00675786478779086,0.63203824049482
"ExNeuron1","Parenchyma","AD_overall_vs_Control","Overall",1.04749698987156,NA,0.259398351797962,0.00512528157319611,0.00675786478779086,0.7260695851745
"ExNeuron10","Parenchyma","AD_overall_vs_Control","Overall",0.997314079718566,NA,0.190307049933559,0.000280716687373955,0.000461177414971498,0.691285442489661
"ExNeuron11","Parenchyma","AD_overall_vs_Control","Overall",1.07019321423817,NA,0.168598442535094,1.08344823666418e-05,4.15321824054603e-05,0.741801409103572
"ExNeuron12","Parenchyma","AD_overall_vs_Control","Overall",1.09509549170351,NA,0.180891681389904,2.71399599369813e-05,7.80273848188213e-05,0.759062352518194
"ExNeuron13","Parenchyma","AD_overall_vs_Control","Overall",1.1573800848498,NA,0.180408829954829,8.71751981622046e-06,3.76461303386735e-05,0.802234742649868
"ExNeuron14","Parenchyma","AD_overall_vs_Control","Overall",1.16752793186102,NA,0.188664138407971,1.79102001044919e-05,6.33745542158943e-05,0.809268694194448
"ExNeuron2","Parenchyma","AD_overall_vs_Control","Overall",1.04880417533945,NA,0.188997079990959,0.000119821297540593,0.000260084593437855,0.72697565709604
"ExNeuron3","Parenchyma","AD_overall_vs_Control","Overall",0.848407356390008,NA,0.28824753976357,0.0413343693947,0.0442181626082837,0.588071167048051
"ExNeuron4","Parenchyma","AD_overall_vs_Control","Overall",0.763189184798353,NA,0.27695520299506,0.0561248485227134,0.0586759780010186,0.529002431676821
"ExNeuron5","Parenchyma","AD_overall_vs_Control","Overall",1.17288074348853,NA,0.173956562710191,2.96167881966508e-06,1.94624608149419e-05,0.81297898048213
"ExNeuron6","Parenchyma","AD_overall_vs_Control","Overall",1.28811426261937,NA,0.281818673779966,0.00153395609394007,0.00220506188503886,0.892852769373672
"ExNeuron7","Parenchyma","AD_overall_vs_Control","Overall",0.878592367159131,NA,0.239116049869768,0.0108698699258633,0.012820872220249,0.60899382215784
"ExNeuron8","Parenchyma","AD_overall_vs_Control","Overall",0.977572004784821,NA,0.204759067715116,0.000935424581737008,0.00143431769199674,0.677601278910932
"ExNeuron9","Parenchyma","AD_overall_vs_Control","Overall",0.803689552156679,NA,0.248191194018123,0.024797656407577,0.0271593379702034,0.557075147122887
"Fibroblast","Parenchyma","AD_overall_vs_Control","Overall",-0.977062725419297,NA,0.125846816440256,7.38558637212942e-08,1.69868486558977e-06,-0.677248273354601
"InhNeuron1","Parenchyma","AD_overall_vs_Control","Overall",1.11252364897441,NA,0.180939450417815,2.02712259653163e-05,6.66054567431822e-05,0.771142630592875
"InhNeuron2","Parenchyma","AD_overall_vs_Control","Overall",1.18830983461253,NA,0.185518517493076,9.00233551576975e-06,3.76461303386735e-05,0.823673611493327
"InhNeuron3","Parenchyma","AD_overall_vs_Control","Overall",1.04689049047869,NA,0.190779431251502,0.000142606735206913,0.00027332957581325,0.725649191830325
"InhNeuron4","Parenchyma","AD_overall_vs_Control","Overall",1.23930803772766,NA,0.202391941983679,2.19224895194086e-05,6.72289678595197e-05,0.859022872196203
"InhNeuron5","Parenchyma","AD_overall_vs_Control","Overall",1.16429247671583,NA,0.155170693185862,1.98334120888001e-07,3.04112318694934e-06,0.807026047582735
"Microglia1","Parenchyma","AD_overall_vs_Control","Overall",1.56394860044441,NA,0.230389970783214,2.53532644086114e-06,1.94624608149419e-05,1.08404656293871
"Microglia2","Parenchyma","AD_overall_vs_Control","Overall",0.82665906575404,NA,0.221333410834151,0.00963003160204238,0.0116574066761566,0.572996400711731
"Microglia3","Parenchyma","AD_overall_vs_Control","Overall",1.13162989482223,NA,0.1935866119861,5.08118195943759e-05,0.000123018089544278,0.784386071033374
"Microglia4","Parenchyma","AD_overall_vs_Control","Overall",1.23584890808489,NA,0.206575403917031,3.37166430593434e-05,9.12332694546939e-05,0.856625186237129
"Microglia5","Parenchyma","AD_overall_vs_Control","Overall",1.3600933108955,NA,0.250754667756122,0.000170164640914492,0.000304870299452424,0.942744843745654
"Oligodendrocytes1","Parenchyma","AD_overall_vs_Control","Overall",0.828300257844652,NA,0.247358782905895,0.0202837341630907,0.0227573602805408,0.574133988382096
"Oligodendrocytes2","Parenchyma","AD_overall_vs_Control","Overall",-0.633303819896493,NA,0.279928814976874,0.116844141310758,0.116844141310758,-0.438972757199098
"Oligodendrocytes3","Parenchyma","AD_overall_vs_Control","Overall",1.25244103169274,NA,0.194816758434207,8.34580936082301e-06,3.76461303386735e-05,0.868125969935411
"Oligodendrocytes4","Parenchyma","AD_overall_vs_Control","Overall",1.1858109711562,NA,0.21935854376385,0.000178945610548162,0.000304870299452424,0.82194153133397
"Oligodendrocytes5","Parenchyma","AD_overall_vs_Control","Overall",0.909224091604667,NA,0.250439500534819,0.0118533464527534,0.0136313484206664,0.630226115592952
"Oligodendrocytes6","Parenchyma","AD_overall_vs_Control","Overall",0.915382738602225,NA,0.230008229374134,0.00580539717639769,0.00741800750317482,0.634494964395373
"Oligodendrocytes7","Parenchyma","AD_overall_vs_Control","Overall",0.624005062639126,NA,0.258067656352793,0.093733670711802,0.0958166411720642,0.432527349823442
"Oligodendrocytes8","Parenchyma","AD_overall_vs_Control","Overall",1.03594411452673,NA,0.176047642651767,4.52702883764231e-05,0.00011569073696197,0.71806174220187
"OPC1","Parenchyma","AD_overall_vs_Control","Overall",1.12480866771811,NA,0.194266580649381,5.98654322843129e-05,0.00013769049425392,0.779657956698198
"OPC2","Parenchyma","AD_overall_vs_Control","Overall",1.34445235513396,NA,0.146807652309576,2.18437583051784e-10,1.0048128820382e-08,0.931903359358282
"OPC3","Parenchyma","AD_overall_vs_Control","Overall",1.22075718217295,NA,0.189906163535339,8.36209118863658e-06,3.76461303386735e-05,0.846164398971487
"Pericytes","Parenchyma","AD_overall_vs_Control","Overall",1.02720979752184,NA,0.185548512688766,0.000124388283818104,0.000260084593437855,0.712007574995816
"SMC","Parenchyma","AD_overall_vs_Control","Overall",1.21531720507489,NA,0.179500221422786,2.69233687931563e-06,1.94624608149419e-05,0.842393694183653
"VLMC1","Parenchyma","AD_overall_vs_Control","Overall",1.01657702722663,NA,0.187587954321585,0.000172440777638676,0.000304870299452424,0.704637500244147
"VLMC2","Parenchyma","AD_overall_vs_Control","Overall",1.19737375109601,NA,0.166778288741434,6.47761857863138e-07,7.44926136542608e-06,0.829956239648686
"Astrocytes1","Arteries","AD_Amyloid_vs_Control","MaxPathology",1.34548004009814,NA,0.253273723256503,0.000231189803961513,0.000462379607923026,0.93261569629371
"Astrocytes2","Arteries","AD_Amyloid_vs_Control","MaxPathology",1.10526062059711,NA,0.274722454361667,0.00529261426175348,0.00737758351638364,0.766108282950824
"Astrocytes3","Arteries","AD_Amyloid_vs_Control","MaxPathology",1.16613092345406,NA,0.164321680980908,8.69820262984421e-07,4.00117320972834e-06,0.808300361755947
"Astrocytes4","Arteries","AD_Amyloid_vs_Control","MaxPathology",1.07514388362239,NA,0.214302548802541,0.000506149715406593,0.000895495650334741,0.745232951629133
"Astrocytes5","Arteries","AD_Amyloid_vs_Control","MaxPathology",0.888248045459901,NA,0.295893820338256,0.0374550735850374,0.0441777791003005,0.615686628348412
"Endothelial","Arteries","AD_Amyloid_vs_Control","MaxPathology",0.691406654584626,NA,0.268575607754133,0.0743585346331834,0.0834266486128399,0.479246573245717
"ExNeuron1","Arteries","AD_Amyloid_vs_Control","MaxPathology",0.784958479090711,NA,0.235662176436966,0.0209558779319912,0.0253676417071473,0.544091756638349
"ExNeuron10","Arteries","AD_Amyloid_vs_Control","MaxPathology",1.53540066439209,NA,0.183717644802327,6.91797401076349e-09,7.92884368333352e-08,1.06425864155325
"ExNeuron11","Arteries","AD_Amyloid_vs_Control","MaxPathology",1.28645342345709,NA,0.193811170943778,4.20713685287686e-06,1.38719746935623e-05,0.891701563390971
"ExNeuron12","Arteries","AD_Amyloid_vs_Control","MaxPathology",1.1700850360716,NA,0.176307613201715,4.22190534151896e-06,1.38719746935623e-05,0.811041143768409
"ExNeuron13","Arteries","AD_Amyloid_vs_Control","MaxPathology",1.36050612185252,NA,0.131782800336935,8.30961071651e-13,3.8224209295946e-11,0.943030982496623
"ExNeuron14","Arteries","AD_Amyloid_vs_Control","MaxPathology",1.07825897833129,NA,0.132952202913693,1.89295270851574e-08,1.4512637431954e-07,0.747392170743784
"ExNeuron2","Arteries","AD_Amyloid_vs_Control","MaxPathology",1.53293958141357,NA,0.202964059335691,1.64826948641926e-07,9.47754954691074e-07,1.06255274882556
"ExNeuron3","Arteries","AD_Amyloid_vs_Control","MaxPathology",0.423869533476447,NA,0.290414829459986,0.3116958616057,0.318622436308049,0.293803972054459
"ExNeuron4","Arteries","AD_Amyloid_vs_Control","MaxPathology",0.384725221715437,NA,0.287029372744562,0.352851323972942,0.352851323972942,0.266671202722355
"ExNeuron5","Arteries","AD_Amyloid_vs_Control","MaxPathology",1.35864523785327,NA,0.209687900736886,7.08375736100179e-06,2.17235225737388e-05,0.941741115999193
"ExNeuron6","Arteries","AD_Amyloid_vs_Control","MaxPathology",0.746542643345266,NA,0.306995687465487,0.0918778934395861,0.100628169005261,0.51746392840254
"ExNeuron7","Arteries","AD_Amyloid_vs_Control","MaxPathology",0.837439565259425,NA,0.192096482463878,0.00251312278164603,0.00385345493185725,0.580468873548917
"ExNeuron8","Arteries","AD_Amyloid_vs_Control","MaxPathology",1.0511489837309,NA,0.187225852728269,9.96010600603202e-05,0.000208256761944306,0.728600954421527
"ExNeuron9","Arteries","AD_Amyloid_vs_Control","MaxPathology",1.02640402121105,NA,0.197516062953932,0.000315801773902358,0.000605286733312853,0.711449053417829
"Fibroblast","Arteries","AD_Amyloid_vs_Control","MaxPathology",-1.33940940305614,NA,0.161212066764173,8.46523905214224e-09,7.92884368333352e-08,-0.928407851343842
"InhNeuron1","Arteries","AD_Amyloid_vs_Control","MaxPathology",1.37952320530012,NA,0.214537232407038,8.30781637022558e-06,2.38849720643985e-05,0.956212620270795
"InhNeuron2","Arteries","AD_Amyloid_vs_Control","MaxPathology",1.21501282287121,NA,0.237838934023749,0.000398645040490121,0.000733506874501822,0.842182712517359
"InhNeuron3","Arteries","AD_Amyloid_vs_Control","MaxPathology",1.2365083007763,NA,0.195932376544644,1.21779304918217e-05,3.29520472131647e-05,0.857082242422063
"InhNeuron4","Arteries","AD_Amyloid_vs_Control","MaxPathology",1.25763458641409,NA,0.18737941675645,3.28417888541355e-06,1.25893523940853e-05,0.871725867747598
"InhNeuron5","Arteries","AD_Amyloid_vs_Control","MaxPathology",1.33291223180426,NA,0.165208557595871,2.24014490112352e-08,1.47209522073831e-07,0.923904355408985
"Microglia1","Arteries","AD_Amyloid_vs_Control","MaxPathology",1.35948701346475,NA,0.22535162625618,2.89497493725641e-05,6.65844235568975e-05,0.942324590390951
"Microglia2","Arteries","AD_Amyloid_vs_Control","MaxPathology",0.768504972662086,NA,0.175934342713709,0.00246373256202571,0.00385345493185725,0.532687055047023
"Microglia3","Arteries","AD_Amyloid_vs_Control","MaxPathology",1.13484851480483,NA,0.184604661790606,2.03432430940408e-05,5.19882879069933e-05,0.786617048399612
"Microglia4","Arteries","AD_Amyloid_vs_Control","MaxPathology",1.03948878134119,NA,0.246209517100117,0.00342859641502602,0.00508759468036119,0.720518718010337
"Microglia5","Arteries","AD_Amyloid_vs_Control","MaxPathology",1.59587024390791,NA,0.215763106393539,2.94717964359665e-07,1.50633626228273e-06,1.10617296010428
"Oligodendrocytes1","Arteries","AD_Amyloid_vs_Control","MaxPathology",0.609949620268835,NA,0.259495411876673,0.10325850803507,0.107952076582119,0.422784859572952
"Oligodendrocytes2","Arteries","AD_Amyloid_vs_Control","MaxPathology",-1.0314500426692,NA,0.295197569851763,0.0154384912023469,0.0197269609807766,-0.714946688964594
"Oligodendrocytes3","Arteries","AD_Amyloid_vs_Control","MaxPathology",1.20308541242041,NA,0.203479604556981,4.16241593701664e-05,9.11767300489359e-05,0.833915261592007
"Oligodendrocytes4","Arteries","AD_Amyloid_vs_Control","MaxPathology",1.10836294192964,NA,0.241865197565059,0.00149119366485292,0.00249660648006118,0.768258648235653
"Oligodendrocytes5","Arteries","AD_Amyloid_vs_Control","MaxPathology",0.963437522017021,NA,0.271369153405874,0.0138600870721975,0.0182161144377453,0.667804002031759
"Oligodendrocytes6","Arteries","AD_Amyloid_vs_Control","MaxPathology",0.898140828119681,NA,0.268058639532602,0.0202105247003336,0.0251265982760904,0.622543782756932
"Oligodendrocytes7","Arteries","AD_Amyloid_vs_Control","MaxPathology",0.618316953689707,NA,0.258935929858149,0.0978887108147462,0.10471815575531,0.428584653142435
"Oligodendrocytes8","Arteries","AD_Amyloid_vs_Control","MaxPathology",0.945606919876556,NA,0.15557055303373,2.51814375633834e-05,6.09655856797703e-05,0.655444770430409
"OPC1","Arteries","AD_Amyloid_vs_Control","MaxPathology",1.40464829022469,NA,0.164955998633392,3.58360376109328e-09,7.92884368333352e-08,0.973628002047592
"OPC2","Arteries","AD_Amyloid_vs_Control","MaxPathology",1.24356543314408,NA,0.176413009488106,1.02846259864487e-06,4.30084359433309e-06,0.861973873825624
"OPC3","Arteries","AD_Amyloid_vs_Control","MaxPathology",1.43682382400143,NA,0.173027841965894,8.61830835144948e-09,7.92884368333352e-08,0.995930382567952
"Pericytes","Arteries","AD_Amyloid_vs_Control","MaxPathology",0.78010939717066,NA,0.261648037583422,0.038768691042483,0.0445839946988555,0.540730629177162
"SMC","Arteries","AD_Amyloid_vs_Control","MaxPathology",0.874310290735943,NA,0.210529543297879,0.00399472473519711,0.00574241680684585,0.606025712958165
"VLMC1","Arteries","AD_Amyloid_vs_Control","MaxPathology",1.02969607666539,NA,0.257779591718975,0.00562693248751047,0.00761290865957299,0.713730932374254
"VLMC2","Arteries","AD_Amyloid_vs_Control","MaxPathology",1.02085125840829,NA,0.223154350559101,0.00151967350960246,0.00249660648006118,0.70760017153678
"Astrocytes1","Capillaries","AD_Amyloid_vs_Control","MaxPathology",1.60430555130516,NA,0.332888190369536,0.000836214658384748,0.00132640945812753,1.11201986964384
"Astrocytes2","Capillaries","AD_Amyloid_vs_Control","MaxPathology",0.428241018731684,NA,0.323390650107591,0.358681297027569,0.374984992347004,0.296834054733986
"Astrocytes3","Capillaries","AD_Amyloid_vs_Control","MaxPathology",1.24146664138893,NA,0.263819848593086,0.00110719773818065,0.00169770319854367,0.860519102237962
"Astrocytes4","Capillaries","AD_Amyloid_vs_Control","MaxPathology",2.08299045668334,NA,0.269704273443814,8.63448781942178e-08,1.98593219846701e-06,1.44381896218333
"Astrocytes5","Capillaries","AD_Amyloid_vs_Control","MaxPathology",1.30595452278802,NA,0.260514044940058,0.000511347811906632,0.000904692282604041,0.905218695410022
"Endothelial","Capillaries","AD_Amyloid_vs_Control","MaxPathology",0.886042550935472,NA,0.222920571371953,0.00586827034701468,0.00771258388464787,0.614157896037064
"ExNeuron1","Capillaries","AD_Amyloid_vs_Control","MaxPathology",1.86431700784307,NA,0.240985359737162,8.21495098612391e-08,1.98593219846701e-06,1.29224607765637
"ExNeuron10","Capillaries","AD_Amyloid_vs_Control","MaxPathology",1.52710794971992,NA,0.251476567745211,2.56297209708139e-05,0.000130996351628605,1.05851056975904
"ExNeuron11","Capillaries","AD_Amyloid_vs_Control","MaxPathology",1.29257597399709,NA,0.267114717856315,0.000796064359600215,0.00130782001934321,0.895945392035611
"ExNeuron12","Capillaries","AD_Amyloid_vs_Control","MaxPathology",1.51285933993303,NA,0.217978490649379,1.50385148377782e-06,1.72942920634449e-05,1.04863418605836
"ExNeuron13","Capillaries","AD_Amyloid_vs_Control","MaxPathology",1.52090087949429,NA,0.221982894340337,2.04373084174968e-06,1.8802323744097e-05,1.05420815653261
"ExNeuron14","Capillaries","AD_Amyloid_vs_Control","MaxPathology",1.31930885060697,NA,0.206188919779639,9.20156127529168e-06,6.04674026662025e-05,0.914475210086004
"ExNeuron2","Capillaries","AD_Amyloid_vs_Control","MaxPathology",1.42502257593002,NA,0.255496421343038,0.000110632779892371,0.000258782837893675,0.987750380740162
"ExNeuron3","Capillaries","AD_Amyloid_vs_Control","MaxPathology",0.287182322412475,NA,0.370181416988295,0.590759801845753,0.603887797442325,0.199059617086864
"ExNeuron4","Capillaries","AD_Amyloid_vs_Control","MaxPathology",0.570005016697998,NA,0.355208108443541,0.266009920551077,0.284568752217431,0.395097370229242
"ExNeuron5","Capillaries","AD_Amyloid_vs_Control","MaxPathology",1.35996554119731,NA,0.266130693876643,0.000396984647180936,0.000730451750812923,0.942656280539592
"ExNeuron6","Capillaries","AD_Amyloid_vs_Control","MaxPathology",0.822669183703776,NA,0.302073526537004,0.0590632886141784,0.067451041986236,0.570230825217824
"ExNeuron7","Capillaries","AD_Amyloid_vs_Control","MaxPathology",1.56481731358905,NA,0.280950970837276,0.000113093464392051,0.000258782837893675,1.08464870900564
"ExNeuron8","Capillaries","AD_Amyloid_vs_Control","MaxPathology",1.43899188594669,NA,0.236405828413493,2.45218106180955e-05,0.000130996351628605,0.997433168592585
"ExNeuron9","Capillaries","AD_Amyloid_vs_Control","MaxPathology",1.41450558932752,NA,0.239881001821693,4.36462272881707e-05,0.000167310537937988,0.980460561128655
"Fibroblast","Capillaries","AD_Amyloid_vs_Control","MaxPathology",-1.34558192429003,NA,0.322772864870825,0.00385725280564628,0.00521863614881555,-0.932686317034062
"InhNeuron1","Capillaries","AD_Amyloid_vs_Control","MaxPathology",1.35610165081564,NA,0.235657459957542,6.64231586347657e-05,0.000190966581074952,0.939978035815546
"InhNeuron2","Capillaries","AD_Amyloid_vs_Control","MaxPathology",1.2726010586038,NA,0.22613103991026,9.58615418895918e-05,0.000244979495940068,0.882099835748825
"InhNeuron3","Capillaries","AD_Amyloid_vs_Control","MaxPathology",1.52095467472615,NA,0.260633894404718,5.23391151362742e-05,0.000173988951517392,1.0542454445459
"InhNeuron4","Capillaries","AD_Amyloid_vs_Control","MaxPathology",1.24544566776011,NA,0.225209579541892,0.000126478370347752,0.000258782837893675,0.863277153148522
"InhNeuron5","Capillaries","AD_Amyloid_vs_Control","MaxPathology",1.42708136727248,NA,0.215348057592124,4.36104769422374e-06,3.34346989890487e-05,0.98917742615455
"Microglia1","Capillaries","AD_Amyloid_vs_Control","MaxPathology",1.30222295332748,NA,0.304871326393911,0.00306941961393792,0.00427858491639831,0.902632168559388
"Microglia2","Capillaries","AD_Amyloid_vs_Control","MaxPathology",0.858854562595688,NA,0.22213965723883,0.00736436111804218,0.00941001698416501,0.595312618574247
"Microglia3","Capillaries","AD_Amyloid_vs_Control","MaxPathology",1.31550246182046,NA,0.222385918663921,4.12712403473292e-05,0.000167310537937988,0.911836822430518
"Microglia4","Capillaries","AD_Amyloid_vs_Control","MaxPathology",1.25498186207034,NA,0.255737545458647,0.00067021080219542,0.00114184062596257,0.869887139347925
"Microglia5","Capillaries","AD_Amyloid_vs_Control","MaxPathology",0.9969815150764,NA,0.367598660122027,0.0601194069877321,0.067451041986236,0.691054926245589
"Oligodendrocytes1","Capillaries","AD_Amyloid_vs_Control","MaxPathology",0.84463008076648,NA,0.294793701506323,0.0470360856929663,0.0554784600481141,0.585452959099405
"Oligodendrocytes2","Capillaries","AD_Amyloid_vs_Control","MaxPathology",-0.245317842978887,NA,0.407067602212389,0.676149885474197,0.676149885474197,-0.170041371201863
"Oligodendrocytes3","Capillaries","AD_Amyloid_vs_Control","MaxPathology",1.43078446713016,NA,0.259060299865121,0.000129064458237603,0.000258782837893675,0.991744219380237
"Oligodendrocytes4","Capillaries","AD_Amyloid_vs_Control","MaxPathology",1.33075211630659,NA,0.228194599671813,5.2953159157467e-05,0.000173988951517392,0.922407077442093
"Oligodendrocytes5","Capillaries","AD_Amyloid_vs_Control","MaxPathology",1.6070800673256,NA,0.269628476994519,3.60560960402099e-05,0.000165858041784965,1.11394301760082
"Oligodendrocytes6","Capillaries","AD_Amyloid_vs_Control","MaxPathology",1.11115198647774,NA,0.305196478950503,0.0116162147634827,0.014061733661058,0.770191866600629
"Oligodendrocytes7","Capillaries","AD_Amyloid_vs_Control","MaxPathology",0.874901115849864,NA,0.33431727805079,0.0696852326872868,0.0763219215146475,0.606435241720083
"Oligodendrocytes8","Capillaries","AD_Amyloid_vs_Control","MaxPathology",1.36135370788093,NA,0.234570088073529,5.75208130085703e-05,0.000176397159892949,0.943618484362493
"OPC1","Capillaries","AD_Amyloid_vs_Control","MaxPathology",0.928671962502751,NA,0.243280885871218,0.00814645364303468,0.0101280234480972,0.643706352473853
"OPC2","Capillaries","AD_Amyloid_vs_Control","MaxPathology",1.23682760402285,NA,0.231106793587714,0.000207623125098715,0.000397944323105871,0.857303566567152
"OPC3","Capillaries","AD_Amyloid_vs_Control","MaxPathology",1.03948208898758,NA,0.241749793040718,0.00287860563362238,0.00413799559833217,0.720514079224304
"Pericytes","Capillaries","AD_Amyloid_vs_Control","MaxPathology",1.17088578522922,NA,0.256313722713748,0.00154329273950345,0.00229004729087609,0.811596180789352
"SMC","Capillaries","AD_Amyloid_vs_Control","MaxPathology",1.61083853470009,NA,0.22371561115716,6.0090338767532e-07,9.2138519443549e-06,1.11654818866468
"VLMC1","Capillaries","AD_Amyloid_vs_Control","MaxPathology",1.53452120276092,NA,0.271565910554904,8.97599663070192e-05,0.000242879908830758,1.06364904520319
"VLMC2","Capillaries","AD_Amyloid_vs_Control","MaxPathology",1.2020276856293,NA,0.217676621497269,0.000129391418946838,0.000258782837893675,0.833182101248945
"Astrocytes1","Parenchyma","AD_Amyloid_vs_Control","MaxPathology",1.33827018156125,NA,0.266077168346808,0.000489797056782888,0.000901226584480514,0.927618203176625
"Astrocytes2","Parenchyma","AD_Amyloid_vs_Control","MaxPathology",1.47376185142576,NA,0.261872751781594,9.58441191846311e-05,0.000339140729422541,1.02153387213257
"Astrocytes3","Parenchyma","AD_Amyloid_vs_Control","MaxPathology",0.984615916004056,NA,0.193243952960267,0.000412864552062206,0.000791323724785896,0.682483746112659
"Astrocytes4","Parenchyma","AD_Amyloid_vs_Control","MaxPathology",1.33338602346453,NA,0.213191494445357,1.45612143330977e-05,7.44239843691658e-05,0.924232762762477
"Astrocytes5","Parenchyma","AD_Amyloid_vs_Control","MaxPathology",0.808180536094147,NA,0.253762771741807,0.0272772931406569,0.0313688871117554,0.560188059977083
"Endothelial","Parenchyma","AD_Amyloid_vs_Control","MaxPathology",0.995298777264284,NA,0.268517436653869,0.0101918772697022,0.0137890104237148,0.6898885412755
"ExNeuron1","Parenchyma","AD_Amyloid_vs_Control","MaxPathology",1.0834076695937,NA,0.266212903697221,0.00478885725777619,0.00688398230805328,0.750960971575897
"ExNeuron10","Parenchyma","AD_Amyloid_vs_Control","MaxPathology",0.803296419116961,NA,0.202679513599504,0.00601051233353431,0.00837828991947207,0.556802648064822
"ExNeuron11","Parenchyma","AD_Amyloid_vs_Control","MaxPathology",1.08122251795423,NA,0.196200712749102,0.000133563079783075,0.000393831339949295,0.749446339877899
"ExNeuron12","Parenchyma","AD_Amyloid_vs_Control","MaxPathology",1.19844117279351,NA,0.170165008814493,1.05170173637679e-06,2.2201376951449e-05,0.830696119988775
"ExNeuron13","Parenchyma","AD_Amyloid_vs_Control","MaxPathology",1.1654673198194,NA,0.181982582517002,9.03323689189328e-06,5.19411121283863e-05,0.807840386767575
"ExNeuron14","Parenchyma","AD_Amyloid_vs_Control","MaxPathology",1.26241092209846,NA,0.181607170659556,1.44791588813798e-06,2.2201376951449e-05,0.875036571360626
"ExNeuron2","Parenchyma","AD_Amyloid_vs_Control","MaxPathology",0.927414601207528,NA,0.207700990695511,0.00196812098926049,0.00312184708641318,0.642834816037124
"ExNeuron3","Parenchyma","AD_Amyloid_vs_Control","MaxPathology",0.954831795111752,NA,0.289326411190617,0.0221656879896373,0.0261441448082902,0.661838966690702
"ExNeuron4","Parenchyma","AD_Amyloid_vs_Control","MaxPathology",0.8625406652873,NA,0.280179192470783,0.0328529396393119,0.0367801978579708,0.597867630262191
"ExNeuron5","Parenchyma","AD_Amyloid_vs_Control","MaxPathology",1.13374124111535,NA,0.197129393548258,6.70648479183581e-05,0.000257081917020373,0.785849544763635
"ExNeuron6","Parenchyma","AD_Amyloid_vs_Control","MaxPathology",1.24647548485971,NA,0.257086970732425,0.000777465499953746,0.00129639078065539,0.863990967967597
"ExNeuron7","Parenchyma","AD_Amyloid_vs_Control","MaxPathology",1.05785762867925,NA,0.249135854206063,0.00324862131422614,0.00482053485336782,0.73325103275285
"ExNeuron8","Parenchyma","AD_Amyloid_vs_Control","MaxPathology",1.10947874160925,NA,0.201900046650006,0.000139544535621879,0.000393831339949295,0.76903206163765
"ExNeuron9","Parenchyma","AD_Amyloid_vs_Control","MaxPathology",0.895350166061573,NA,0.251598021597089,0.0136375747022742,0.0174257898973503,0.620609443219458
"Fibroblast","Parenchyma","AD_Amyloid_vs_Control","MaxPathology",-0.881428887193173,NA,0.169651686541158,0.000316677851499909,0.000643308824186433,-0.610959948022038
"InhNeuron1","Parenchyma","AD_Amyloid_vs_Control","MaxPathology",1.15713469764898,NA,0.211647580740961,0.000150875765331644,0.000393831339949295,0.802064653203478
"InhNeuron2","Parenchyma","AD_Amyloid_vs_Control","MaxPathology",1.13180598014233,NA,0.174278724309107,6.74893282817498e-06,4.43501300137213e-05,0.784508124076539
"InhNeuron3","Parenchyma","AD_Amyloid_vs_Control","MaxPathology",1.02893214219972,NA,0.196229738760806,0.000278495883690361,0.000640540532487831,0.713201413353243
"InhNeuron4","Parenchyma","AD_Amyloid_vs_Control","MaxPathology",1.27984513246001,NA,0.196534857102676,6.3673201344032e-06,4.43501300137213e-05,0.887121045118022
"InhNeuron5","Parenchyma","AD_Amyloid_vs_Control","MaxPathology",1.17771586405961,NA,0.173475152256997,2.5293623771829e-06,2.90876673376034e-05,0.816330430673636
"Microglia1","Parenchyma","AD_Amyloid_vs_Control","MaxPathology",0.970980270950662,NA,0.271365446789623,0.0131320032146311,0.0172592042249437,0.673032237188783
"Microglia2","Parenchyma","AD_Amyloid_vs_Control","MaxPathology",0.697604798838337,NA,0.207608889799689,0.0198535303622931,0.0240332209648811,0.483542799459881
"Microglia3","Parenchyma","AD_Amyloid_vs_Control","MaxPathology",1.14656652907085,NA,0.187449496458006,2.23766973831555e-05,0.000102932807962515,0.794739356949865
"Microglia4","Parenchyma","AD_Amyloid_vs_Control","MaxPathology",0.648677204285866,NA,0.211584411374552,0.0335819197833646,0.0367801978579708,0.449628775244255
"Microglia5","Parenchyma","AD_Amyloid_vs_Control","MaxPathology",1.19229138195214,NA,0.243680674659865,0.000695211551995631,0.00122998966891535,0.826433409806049
"Oligodendrocytes1","Parenchyma","AD_Amyloid_vs_Control","MaxPathology",0.297503623276837,NA,0.259021019216085,0.425957839192045,0.435423568951868,0.206213797680708
"Oligodendrocytes2","Parenchyma","AD_Amyloid_vs_Control","MaxPathology",-0.876666373585257,NA,0.345372646313612,0.0785045836373002,0.0839816476119955,-0.607658825142333
"Oligodendrocytes3","Parenchyma","AD_Amyloid_vs_Control","MaxPathology",1.07263383325415,NA,0.196377229177862,0.000153063683714461,0.000393831339949295,0.743493117293322
"Oligodendrocytes4","Parenchyma","AD_Amyloid_vs_Control","MaxPathology",0.967010271449647,NA,0.217713927771847,0.00207891266909504,0.00318766609261239,0.67028044322783
"Oligodendrocytes5","Parenchyma","AD_Amyloid_vs_Control","MaxPathology",0.915017967959055,NA,0.259721436666728,0.0146057764527281,0.0181585328871755,0.634242124652509
"Oligodendrocytes6","Parenchyma","AD_Amyloid_vs_Control","MaxPathology",0.3831878740472,NA,0.230358784724878,0.248906971074812,0.260220924305486,0.265605594520576
"Oligodendrocytes7","Parenchyma","AD_Amyloid_vs_Control","MaxPathology",0.271080912598104,NA,0.261049060457878,0.471657919000834,0.471657919000834,0.187898970270993
"Oligodendrocytes8","Parenchyma","AD_Amyloid_vs_Control","MaxPathology",0.99324061319296,NA,0.190763990512856,0.000307412596063774,0.000643308824186433,0.688461930652331
"OPC1","Parenchyma","AD_Amyloid_vs_Control","MaxPathology",0.918532107915618,NA,0.176992376130318,0.000321654412093217,0.000643308824186433,0.636677940855494
"OPC2","Parenchyma","AD_Amyloid_vs_Control","MaxPathology",1.06922754449909,NA,0.145586821745594,3.56831645471763e-07,1.64142556917011e-05,0.741132057846577
"OPC3","Parenchyma","AD_Amyloid_vs_Control","MaxPathology",1.03676010942904,NA,0.191397437490955,0.000173594880941733,0.000420282343332617,0.718627346767758
"Pericytes","Parenchyma","AD_Amyloid_vs_Control","MaxPathology",1.0882565591367,NA,0.184822246238599,4.47772774541518e-05,0.000187250432990089,0.754321965691474
"SMC","Parenchyma","AD_Amyloid_vs_Control","MaxPathology",1.29404019219681,NA,0.195601471063766,4.52571504836414e-06,4.16365784449501e-05,0.896960310752466
"VLMC1","Parenchyma","AD_Amyloid_vs_Control","MaxPathology",0.958496082105075,NA,0.197932827342793,0.000789107431703281,0.00129639078065539,0.664378856888887
"VLMC2","Parenchyma","AD_Amyloid_vs_Control","MaxPathology",0.972340781754332,NA,0.178095164670358,0.000154107915632333,0.000393831339949295,0.673975271416468
