"contrast","odds.ratio","SE","df","asymp.LCL","asymp.UCL","null","z.ratio","p.value","celltype","region","p_adj"
"Disease_effect",1.58049795363303,0.432536721035392,Inf,0.924367392878149,2.7023603392807,1,1.67259109248924,0.0944078216415174,"Astrocytes1","Arteries",0.114283152513416
"Disease_effect",1.43707266258677,0.367124685871592,Inf,0.871013321353175,2.37100603047705,1,1.41939322047638,0.155784407834555,"Astrocytes2","Arteries",0.174782506350964
"Disease_effect",2.65582231608092,0.605517539192421,Inf,1.69874523925627,4.15211887668424,1,4.28408060851028,1.83496381695858e-05,"Astrocytes3","Arteries",4.44254397789972e-05
"Disease_effect",1.52358873731711,0.341823533757634,Inf,0.981515385172336,2.36503948440091,1,1.87680267021873,0.0605451443682582,"Astrocytes4","Arteries",0.0773632400261077
"Disease_effect",1.85790687654486,0.504426152801851,Inf,1.09124104023026,3.16320394363496,1,2.28156564106275,0.0225149971802446,"Astrocytes5","Arteries",0.0323653084466017
"Disease_effect",1.63486213155257,0.528272532401862,Inf,0.867825932110483,3.07985056713464,1,1.5212419559134,0.128199130279779,"Endothelial","Arteries",0.147428999821745
"Disease_effect",1.31236343694033,0.345754331364735,Inf,0.783063846153691,2.19943469370671,1,1.03177105000858,0.30217938421638,"ExNeuron1","Arteries",0.323261666836127
"Disease_effect",2.65992517664973,0.567209604644236,Inf,1.75128533841644,4.04000524082081,1,4.58772108474268,4.48110770095243e-06,"ExNeuron10","Arteries",1.47236395888437e-05
"Disease_effect",2.07185038300883,0.3251223015586,Inf,1.52329755952351,2.81794189371417,1,4.6420164449058,3.45025392935668e-06,"ExNeuron11","Arteries",1.22085908269544e-05
"Disease_effect",1.69646732638836,0.362149985826049,Inf,1.11644400097781,2.57782870164793,1,2.47594788053957,0.0132882975016585,"ExNeuron12","Arteries",0.0197181188734288
"Disease_effect",1.82691369405812,0.377752215913156,Inf,1.21818850101707,2.73981706669413,1,2.9144750634489,0.00356287271484787,"ExNeuron13","Arteries",0.00585329088867864
"Disease_effect",1.7907265267748,0.299250587110264,Inf,1.29057692166247,2.48470388697498,1,3.48642801019766,0.000489517116183893,"ExNeuron14","Arteries",0.000900711493778362
"Disease_effect",2.70716027313508,0.504946402517092,Inf,1.87821669608009,3.90195484883939,1,5.3393023235381,9.33049414726772e-08,"ExNeuron2","Arteries",8.5840546154863e-07
"Disease_effect",1.08031000392009,0.316473390574943,Inf,0.608403360760224,1.91824993062421,1,0.263693041957051,0.792016457543379,"ExNeuron3","Arteries",0.792016457543379
"Disease_effect",1.08009162380467,0.30916624243177,Inf,0.61632818014542,1.89281936700955,1,0.269164585780672,0.787803031333283,"ExNeuron4","Arteries",0.792016457543379
"Disease_effect",2.24082021347019,0.354150452732661,Inf,1.64391310321186,3.0544651169737,1,5.10514040453492,3.30548995831934e-07,"ExNeuron5","Arteries",2.53420896804483e-06
"Disease_effect",1.18713199005109,0.313001558285634,Inf,0.708059139727009,1.99034555552239,1,0.650606935288789,0.515300252313608,"ExNeuron6","Arteries",0.538722991055136
"Disease_effect",1.49886200658979,0.333669138394402,Inf,0.968883221363579,2.31873900307262,1,1.81796460660223,0.0690695425358819,"ExNeuron7","Arteries",0.085870242071637
"Disease_effect",1.53071045982475,0.336918805376113,Inf,0.994347862738448,2.35639316945284,1,1.93421199755583,0.053087067879219,"ExNeuron8","Arteries",0.0718236800718846
"Disease_effect",1.56973925373967,0.324915675509863,Inf,1.04626051109024,2.35513172733959,1,2.17844331578416,0.0293730480146276,"ExNeuron9","Arteries",0.0409442487476627
"Disease_effect",0.222313806452107,0.0268948661990246,Inf,0.175384250759507,0.281800836307679,1,-12.4293449055523,1.81112444159508e-35,"Fibroblast","Arteries",8.33117243133736e-34
"Disease_effect",2.20353773954378,0.365821797649822,Inf,1.59150386315842,3.05093734422835,1,4.75897320291816,1.94580263522215e-06,"InhNeuron1","Arteries",7.45891010168492e-06
"Disease_effect",2.16218503803404,0.38553721815737,Inf,1.52445951871049,3.06668959150374,1,4.32462169393564,1.52793839746991e-05,"InhNeuron2","Arteries",3.90473146020089e-05
"Disease_effect",2.07868691361943,0.303861273504472,Inf,1.56084911822681,2.76832605688461,1,5.00574116356144,5.56474926481759e-07,"InhNeuron3","Arteries",2.88408123073033e-06
"Disease_effect",2.08776156172808,0.344483434287573,Inf,1.51088535200614,2.88489681420353,1,4.46113052047748,8.15284140406923e-06,"InhNeuron4","Arteries",2.5002046972479e-05
"Disease_effect",1.88765741057298,0.301749292766313,Inf,1.37992454267117,2.58220677254829,1,3.97448431694279,7.05319093535795e-05,"InhNeuron5","Arteries",0.000147475810466575
"Disease_effect",2.81204748510227,0.594683127552739,Inf,1.85786080877655,4.25629897628195,1,4.88901050693484,1.01344087179667e-06,"Microglia1","Arteries",4.23802546387697e-06
"Disease_effect",2.01135304224302,0.355884467725499,Inf,1.42193106430255,2.84510350895567,1,3.94945276387214,7.83300660512017e-05,"Microglia2","Arteries",0.000156660132102403
"Disease_effect",1.68382290495696,0.31267566442693,Inf,1.17012825781002,2.42303316438499,1,2.80605184018893,0.00501526230115736,"Microglia3","Arteries",0.00769006886177462
"Disease_effect",2.97628372837654,0.732182481978805,Inf,1.83769730584553,4.82030680657893,1,4.43353901306062,9.26987239365021e-06,"Microglia4","Arteries",2.66508831317443e-05
"Disease_effect",3.31887644847505,0.795795439544075,Inf,2.07439376703886,5.30995660287095,1,5.00305894936232,5.64276762534194e-07,"Microglia5","Arteries",2.88408123073033e-06
"Disease_effect",2.43268551537514,0.687258030204193,Inf,1.39834072284335,4.2321293516237,1,3.14677618117452,0.00165081274877744,"Oligodendrocytes1","Arteries",0.00292066870937548
"Disease_effect",1.95737640823609,0.689546471097288,Inf,0.981323590835316,3.90423957938069,1,1.90644699962388,0.0565922358413314,"Oligodendrocytes2","Arteries",0.0743783671057498
"Disease_effect",2.72373511271708,0.543309201879939,Inf,1.84235746306566,4.02676088271342,1,5.02327929277414,5.07965917235596e-07,"Oligodendrocytes3","Arteries",2.88408123073033e-06
"Disease_effect",3.17159781340725,0.735590050828254,Inf,2.01306856956971,4.99686540342726,1,4.97664533840353,6.4695703671292e-07,"Oligodendrocytes4","Arteries",2.97600236887943e-06
"Disease_effect",2.62866797020077,0.694000850001266,Inf,1.56677993132425,4.41025262030202,1,3.66072717598756,0.000251500448891718,"Oligodendrocytes5","Arteries",0.00048204252704246
"Disease_effect",2.63897601277939,0.891836533544891,Inf,1.36073522103088,5.11796438307006,1,2.87142137730968,0.00408630417954351,"Oligodendrocytes6","Arteries",0.00648172387100005
"Disease_effect",2.3361279227663,0.664548090716166,Inf,1.33770096696238,4.0797560937114,1,2.9827675085085,0.00285654893969069,"Oligodendrocytes7","Arteries",0.00486671300836191
"Disease_effect",2.21302300922268,0.434420704397669,Inf,1.50623736638306,3.25146019389318,1,4.04662057090406,5.19623655521344e-05,"Oligodendrocytes8","Arteries",0.000119513440769909
"Disease_effect",3.33665521972583,0.711024675775592,Inf,2.19747785098431,5.06638465108383,1,5.65460780761048,1.5620253001137e-08,"OPC1","Arteries",1.79632909513075e-07
"Disease_effect",3.41485916985877,0.613472317150224,Inf,2.40135417421919,4.85611963248205,1,6.83635142088826,8.12355267049543e-12,"OPC2","Arteries",1.86841711421395e-10
"Disease_effect",3.41091973764422,0.650212253800983,Inf,2.3475226368897,4.95602183928913,1,6.43657052599811,1.22203068130661e-10,"OPC3","Arteries",1.87378037800347e-09
"Disease_effect",1.30888440093361,0.325382468205847,Inf,0.804075105297636,2.13061984349481,1,1.08278477866835,0.278903963291356,"Pericytes","Arteries",0.30546624550958
"Disease_effect",1.37229501970737,0.26894254722368,Inf,0.934606729526994,2.01495833661153,1,1.61488078348355,0.106336514467362,"SMC","Arteries",0.125422555525606
"Disease_effect",2.39392299256783,0.520489082443663,Inf,1.56329558902198,3.66588848237603,1,4.01494575570826,5.94594682748228e-05,"VLMC1","Arteries",0.000130244549554374
"Disease_effect",2.7164487573557,0.616276563547819,Inf,1.74136867707599,4.23752531470239,1,4.40486701105208,1.05848793952242e-05,"VLMC2","Arteries",2.86414383635479e-05
"Disease_effect",2.55338556644512,0.859045706962175,Inf,1.32051477056903,4.93730020764615,1,2.78634194393335,0.00533066070757019,"Astrocytes1","Capillaries",0.0272455991720254
"Disease_effect",2.24687611126859,0.768993734822191,Inf,1.14882863650223,4.39443455619297,1,2.36534828467954,0.0180131220044506,"Astrocytes2","Capillaries",0.0517877257627956
"Disease_effect",2.05074714596463,0.593021842866159,Inf,1.16350201414244,3.61457376572036,1,2.48364407969423,0.0130045714476562,"Astrocytes3","Capillaries",0.040260585798945
"Disease_effect",2.23816434796516,0.539061901795196,Inf,1.3959828238528,3.5884249884084,1,3.34505299816288,0.000822668488002355,"Astrocytes4","Capillaries",0.0101764464459665
"Disease_effect",1.83338413706991,0.675595208306206,Inf,0.890407643146636,3.77500959243902,1,1.64496514769939,0.099976998582244,"Astrocytes5","Capillaries",0.148352965638169
"Disease_effect",1.33963405494189,0.362728470388905,Inf,0.787968820752059,2.27752590444788,1,1.07988293890011,0.280194311599651,"Endothelial","Capillaries",0.314364349599609
"Disease_effect",2.19905200082889,0.694644146194485,Inf,1.18400902806587,4.08428448408802,1,2.49467436021685,0.0126072769867022,"ExNeuron1","Capillaries",0.040260585798945
"Disease_effect",1.3251109514348,0.333513618319757,Inf,0.809124984561489,2.17014561052525,1,1.11843615211582,0.263380761239653,"ExNeuron10","Capillaries",0.302887875425601
"Disease_effect",1.55144386003505,0.552270606256105,Inf,0.772204150208719,3.11702294035827,1,1.23376556044286,0.21729027608825,"ExNeuron11","Capillaries",0.277648686112764
"Disease_effect",1.98597903479641,0.486107453545619,Inf,1.22921069382338,3.20865474606552,1,2.8030923113734,0.00506151797987671,"ExNeuron12","Capillaries",0.0272455991720254
"Disease_effect",1.66373024501877,0.439099361600111,Inf,0.991813176207788,2.79084649668974,1,1.92881675743728,0.0537536147416909,"ExNeuron13","Capillaries",0.109782018424708
"Disease_effect",1.90684633705876,0.413359929465528,Inf,1.24679485853303,2.91632815797186,1,2.9774908043458,0.00290618362383045,"ExNeuron14","Capillaries",0.0190977780994573
"Disease_effect",1.14542920451087,0.279365948416331,Inf,0.710171668093876,1.84745199152744,1,0.556709618618342,0.577725844066677,"ExNeuron2","Capillaries",0.590564196157047
"Disease_effect",1.70870755320182,0.609669730802966,Inf,0.849097566056731,3.43857009969792,1,1.50149871306017,0.133226619303837,"ExNeuron3","Capillaries",0.185709832968985
"Disease_effect",2.11510637557737,0.707995480553921,Inf,1.09750659328314,4.0762169515768,1,2.23791963556711,0.0252262963148638,"ExNeuron4","Capillaries",0.0580204815241867
"Disease_effect",1.15950168932652,0.284405015789491,Inf,0.716946714566304,1.87523583027273,1,0.603347457011937,0.546277568456781,"ExNeuron5","Capillaries",0.571108367022998
"Disease_effect",1.39061497685993,0.52313187503067,Inf,0.665266386974397,2.90682056350693,1,0.876547305719998,0.380732571197317,"ExNeuron6","Capillaries",0.407295308722711
"Disease_effect",2.493687884677,0.72893640893175,Inf,1.4061289583125,4.42241035534013,1,3.12597769702247,0.00177214991257535,"ExNeuron7","Capillaries",0.0135864826630777
"Disease_effect",1.47889491118357,0.42974945535595,Inf,0.836735440669257,2.61388492947699,1,1.34656220090725,0.178121274876719,"ExNeuron8","Capillaries",0.234102246980831
"Disease_effect",1.38686986884154,0.468499347196723,Inf,0.715304250722268,2.68893695397227,1,0.968144018071263,0.332972448885023,"ExNeuron9","Capillaries",0.364684110683597
"Disease_effect",0.225915852399179,0.0406563653511425,Inf,0.15876779368775,0.32146300694727,1,-8.26612920822499,1.38378573323462e-16,"Fibroblast","Capillaries",6.36541437287927e-15
"Disease_effect",1.71114796164801,0.4947262957801,Inf,0.970931460499331,3.01568902211317,1,1.85793213767304,0.0631786518946784,"InhNeuron1","Capillaries",0.11909700472722
"Disease_effect",2.0126968526982,0.44960292434239,Inf,1.29907472344491,3.1183338015529,1,3.13127905257276,0.00174046695197668,"InhNeuron2","Capillaries",0.0135864826630777
"Disease_effect",1.5959713322949,0.405309548664717,Inf,0.970187597877802,2.62539378887007,1,1.84078744083868,0.0656527139967114,"InhNeuron3","Capillaries",0.11909700472722
"Disease_effect",1.76755147508167,0.386585775691751,Inf,1.15133993605827,2.71356713965777,1,2.60430924405071,0.00920596510387903,"InhNeuron4","Capillaries",0.0352895328982029
"Disease_effect",1.73622460758358,0.424332223755875,Inf,1.0754067913549,2.80310289298139,1,2.25742382062595,0.023981604657665,"InhNeuron5","Capillaries",0.0580204815241867
"Disease_effect",1.48368673894903,0.379881294935238,Inf,0.89825912495713,2.45065847723871,1,1.54089970102544,0.123341198621994,"Microglia1","Capillaries",0.177302973019117
"Disease_effect",1.75898278689551,0.376044387497622,Inf,1.15687742244492,2.67445831733482,1,2.64160395221186,0.00825144812865983,"Microglia2","Capillaries",0.0345060558107593
"Disease_effect",1.89793738404477,0.365780557269683,Inf,1.30086972045565,2.76904462999797,1,3.32477209495139,0.000884908386605785,"Microglia3","Capillaries",0.0101764464459665
"Disease_effect",1.83097565480406,0.658210397020589,Inf,0.905080900770202,3.70405766559903,1,1.68253759431822,0.0924646413096491,"Microglia4","Capillaries",0.146668051732547
"Disease_effect",1.40831503060944,0.404738317817226,Inf,0.80180986358215,2.47359294955502,1,1.19138357209973,0.233503039085843,"Microglia5","Capillaries",0.290301075620237
"Disease_effect",1.76784084967895,0.593849673940261,Inf,0.915185627910411,3.4148933008589,1,1.696124757039,0.0898622560658431,"Oligodendrocytes1","Capillaries",0.146668051732547
"Disease_effect",1.20423398888532,0.457636071738436,Inf,0.571788082624596,2.53621847683514,1,0.489033271144846,0.624818142033185,"Oligodendrocytes2","Capillaries",0.624818142033185
"Disease_effect",1.80675547180098,0.430903395615194,Inf,1.13211743311862,2.8834158360149,1,2.48026568527531,0.0131284518909603,"Oligodendrocytes3","Capillaries",0.040260585798945
"Disease_effect",1.62196921883044,0.528865786815486,Inf,0.856044655037863,3.07318564674302,1,1.4832700454331,0.138002677539145,"Oligodendrocytes4","Capillaries",0.186709504905902
"Disease_effect",1.71989396891595,0.535774850544259,Inf,0.933982190460484,3.16712170159803,1,1.74072046909998,0.0817325885201616,"Oligodendrocytes5","Capillaries",0.13924811377509
"Disease_effect",1.70954752378028,0.816451058903968,Inf,0.670442721303662,4.35913858588913,1,1.12279662906906,0.261523877364416,"Oligodendrocytes6","Capillaries",0.302887875425601
"Disease_effect",1.73296355096899,0.576342217945072,Inf,0.903025801166539,3.32566651485208,1,1.65325475149959,0.0982790277103015,"Oligodendrocytes7","Capillaries",0.148352965638169
"Disease_effect",2.67928438689075,0.644149554280654,Inf,1.67253112470422,4.29203661432972,1,4.09930894276416,4.14385585825901e-05,"Oligodendrocytes8","Capillaries",0.000953086847399572
"Disease_effect",1.68213767570426,0.45569845874997,Inf,0.989161750461976,2.8605909586599,1,1.91973794111525,0.0548910092123542,"OPC1","Capillaries",0.109782018424708
"Disease_effect",1.99346344162177,0.50018572451987,Inf,1.21907609273682,3.25976082769461,1,2.74945411598081,0.00596946198614849,"OPC2","Capillaries",0.027459525136283
"Disease_effect",1.73742192445767,0.427612403925464,Inf,1.07252764418366,2.81450549079674,1,2.2444530744376,0.0248032649294319,"OPC3","Capillaries",0.0580204815241867
"Disease_effect",1.44482342655537,0.273090474552293,Inf,0.99753141019505,2.09268070417454,1,1.94688741723923,0.0515482334915467,"Pericytes","Capillaries",0.109782018424708
"Disease_effect",1.65296799585904,0.354945998194168,Inf,1.08513503357018,2.51793842315159,1,2.34045796238469,0.01926010651601,"SMC","Capillaries",0.0521155823374388
"Disease_effect",1.36010082247667,0.36892051952025,Inf,0.799257937937367,2.31448967785751,1,1.13387842938079,0.256845546440186,"VLMC1","Capillaries",0.302887875425601
"Disease_effect",1.64492161502864,0.447465702256358,Inf,0.965148310168378,2.80347288710105,1,1.82956040974722,0.0673156983240809,"VLMC2","Capillaries",0.11909700472722
"Disease_effect",2.38693959329716,0.684261799121245,Inf,1.36090640258135,4.18653377722576,1,3.03490007593785,0.00240615391613141,"Astrocytes1","Parenchyma",0.00381665793593257
"Disease_effect",1.92253400614871,0.560346492717056,Inf,1.08587724864788,3.40382580940948,1,2.24263566767935,0.0249203182351996,"Astrocytes2","Parenchyma",0.0293931958671585
"Disease_effect",2.72093235742727,0.642296696821105,Inf,1.71310969274454,4.32165723248799,1,4.24038328655254,2.23138435941801e-05,"Astrocytes3","Parenchyma",7.31262125839772e-05
"Disease_effect",1.90479020622665,0.469712295741016,Inf,1.17474838574522,3.08851305842427,1,2.61307452868087,0.00897317322686028,"Astrocytes4","Parenchyma",0.0121401755422227
"Disease_effect",2.34625751234042,0.712607013853287,Inf,1.29374335803968,4.25503580753071,1,2.80791353076139,0.00498636136445797,"Astrocytes5","Parenchyma",0.00709398096656149
"Disease_effect",1.84381107540725,0.340324570820844,Inf,1.28411655268949,2.64745382704875,1,3.31479896129844,0.000917090548552005,"Endothelial","Parenchyma",0.00162254481666893
"Disease_effect",1.91605704546096,0.51720413462166,Inf,1.12886584551637,3.25217971297665,1,2.40901663800328,0.015995568745687,"ExNeuron1","Parenchyma",0.0204387822861556
"Disease_effect",2.36127914733698,0.484873869850706,Inf,1.57891383863227,3.53131315669405,1,4.18422067208381,2.8614604924165e-05,"ExNeuron10","Parenchyma",7.31262125839772e-05
"Disease_effect",2.08552565775254,0.311576376245232,Inf,1.55613223422135,2.79501778415411,1,4.9198371283009,8.6616257851012e-07,"ExNeuron11","Parenchyma",5.08983105469903e-06
"Disease_effect",1.89100350143432,0.430070886809661,Inf,1.21088690840888,2.95311991368017,1,2.80133535528707,0.0050891602586202,"ExNeuron12","Parenchyma",0.00709398096656149
"Disease_effect",2.29047542634686,0.450517428497477,Inf,1.55776300897439,3.36782787142499,1,4.21349526835439,2.51448857307935e-05,"ExNeuron13","Parenchyma",7.31262125839772e-05
"Disease_effect",2.09301296062703,0.488066215093314,Inf,1.32520066123651,3.30569051275993,1,3.16741669004975,0.00153799770001346,"ExNeuron14","Parenchyma",0.0026202923778007
"Disease_effect",2.26576671469658,0.473327604533405,Inf,1.50451261085713,3.41220058135784,1,3.91525975301673,9.03069297305921e-05,"ExNeuron2","Parenchyma",0.000207705938380362
"Disease_effect",1.41157055528695,0.418537574041916,Inf,0.789436440400277,2.52399221847781,1,1.16255402060232,0.245010495035695,"ExNeuron3","Parenchyma",0.250455172703155
"Disease_effect",1.41013014958856,0.411587635966976,Inf,0.795813289414847,2.49866025766013,1,1.17748035774971,0.239003832912625,"ExNeuron4","Parenchyma",0.249867643499562
"Disease_effect",2.32743441604502,0.38890833429233,Inf,1.67742786300446,3.22931977014406,1,5.05553255894009,4.29191395342147e-07,"ExNeuron5","Parenchyma",3.94856083714776e-06
"Disease_effect",1.82846796208242,0.488125124900001,Inf,1.08355719392776,3.08548095762516,1,2.26056994740605,0.023785900472424,"ExNeuron6","Parenchyma",0.0287934584666185
"Disease_effect",1.67435795325444,0.46650069288399,Inf,0.969819852829023,2.89071681451817,1,1.84997356951765,0.0643173591031406,"ExNeuron7","Parenchyma",0.0688046167149876
"Disease_effect",1.69480496765238,0.409973620477713,Inf,1.05490639457303,2.72286137723317,1,2.18093132026078,0.0291884967160687,"ExNeuron8","Parenchyma",0.032748069486321
"Disease_effect",1.68586070808548,0.464072576051088,Inf,0.982898251652758,2.89157735532381,1,1.89730019864033,0.0577883287985263,"ExNeuron9","Parenchyma",0.0632919791602908
"Disease_effect",0.391236242397236,0.0575862339248932,Inf,0.293190808455346,0.522068881256969,1,-6.37571103779937,1.82116018395635e-10,"Fibroblast","Parenchyma",4.18866842309962e-09
"Disease_effect",2.05673898149836,0.356408199477435,Inf,1.46445543509663,2.8885653579044,1,4.16140575091304,3.16294533604737e-05,"InhNeuron1","Parenchyma",7.65765712937783e-05
"Disease_effect",2.0830818018294,0.401824266233369,Inf,1.42728417835425,3.0402003041302,1,3.80431557736365,0.000142196805669309,"InhNeuron2","Parenchyma",0.000311478717180391
"Disease_effect",1.98418438314837,0.468732934983197,Inf,1.24881699594706,3.15257373907232,1,2.90054056690205,0.00372519615870126,"InhNeuron3","Parenchyma",0.00552771042904058
"Disease_effect",1.93718687604007,0.4309215131752,Inf,1.25263413613832,2.99584123124001,1,2.97255839362454,0.00295329026822257,"InhNeuron4","Parenchyma",0.0045283784112746
"Disease_effect",2.1971195097925,0.346868266609699,Inf,1.61239336518789,2.99389357742011,1,4.98591716777186,6.16685625497968e-07,"InhNeuron5","Parenchyma",4.72792312881776e-06
"Disease_effect",3.11023601491937,0.799239352843423,Inf,1.87957446785817,5.14667986500416,1,4.41567407518747,1.00695708361731e-05,"Microglia1","Parenchyma",4.551360844493e-05
"Disease_effect",1.56942146178564,0.321297317776532,Inf,1.05069992769144,2.34423136406336,1,2.20154133623145,0.0276977237210279,"Microglia2","Parenchyma",0.0318523822791821
"Disease_effect",1.73116785500582,0.283331330761884,Inf,1.25610922396094,2.38589295026039,1,3.35317103689668,0.000798913205737847,"Microglia3","Parenchyma",0.00147000029855764
"Disease_effect",3.65829817623802,0.788389775391671,Inf,2.39794378523472,5.58109227942409,1,6.01835004204168,1.76203840276738e-09,"Microglia4","Parenchyma",2.02634416318249e-08
"Disease_effect",2.62100426253615,0.725603618132026,Inf,1.52341958226604,4.50937051367967,1,3.48053452921252,0.00050041431737202,"Microglia5","Parenchyma",0.00100082863474404
"Disease_effect",2.70350345849717,0.76406728339094,Inf,1.5536720821313,4.70429444807936,1,3.5190164432609,0.000433149860304226,"Oligodendrocytes1","Parenchyma",0.000905676980636109
"Disease_effect",0.75080753927576,0.236534771534695,Inf,0.404916689688332,1.3921677604033,1,-0.909743179190225,0.362957966763114,"Oligodendrocytes2","Parenchyma",0.362957966763114
"Disease_effect",2.41963330755545,0.484048710819772,Inf,1.63480632709801,3.58123482028874,1,4.41696602816256,1.00095954588215e-05,"Oligodendrocytes3","Parenchyma",4.551360844493e-05
"Disease_effect",2.781212939755,0.661411652155751,Inf,1.74504452451512,4.43263498873184,1,4.30120477231305,1.69871987849265e-05,"Oligodendrocytes4","Parenchyma",6.51175953422183e-05
"Disease_effect",1.99965963084296,0.543796768951841,Inf,1.17348180559139,3.40749947734197,1,2.54822789344018,0.010827171561916,"Oligodendrocytes5","Parenchyma",0.0142299969099467
"Disease_effect",2.92081048005128,0.746143119293712,Inf,1.77034336923262,4.81891479847514,1,4.19584818012647,2.71852308776791e-05,"Oligodendrocytes6","Parenchyma",7.31262125839772e-05
"Disease_effect",2.01675886443304,0.61345081509887,Inf,1.11106226977348,3.66074560168304,1,2.30619891594347,0.021099520135233,"Oligodendrocytes7","Parenchyma",0.0262318358438032
"Disease_effect",2.16943821773134,0.39945876458439,Inf,1.5122218366592,3.11228291144827,1,4.20609375740527,2.59822478503019e-05,"Oligodendrocytes8","Parenchyma",7.31262125839772e-05
"Disease_effect",2.62638176307627,0.57652920724666,Inf,1.70807394002021,4.03839728702728,1,4.39882829884102,1.08836889759615e-05,"OPC1","Parenchyma",4.551360844493e-05
"Disease_effect",3.16463422316449,0.507697428536659,Inf,2.31082234590392,4.33391592572057,1,7.18100393943877,6.92013583547924e-13,"OPC2","Parenchyma",3.18326248432045e-11
"Disease_effect",2.74625358010248,0.564402831403576,Inf,1.83570938368108,4.10844374020804,1,4.9155826373749,8.85188009512875e-07,"OPC3","Parenchyma",5.08983105469903e-06
"Disease_effect",1.94268390076942,0.413283478018113,Inf,1.2803210355146,2.94771438851802,1,3.12153541475651,0.00179910607372818,"Pericytes","Parenchyma",0.00295567426398201
"Disease_effect",2.17260084755053,0.402595402759406,Inf,1.51094068207911,3.12401042526841,1,4.18726914127159,2.82330957304217e-05,"SMC","Parenchyma",7.31262125839772e-05
"Disease_effect",2.07437599503243,0.437926841736201,Inf,1.37147575661583,3.13752229888824,1,3.45626218610763,0.000547722280487504,"VLMC1","Parenchyma",0.00104980103760105
"Disease_effect",2.78075220469088,0.471123861954999,Inf,1.995028131064,3.8759267117548,1,6.0364910536312,1.5750147933822e-09,"VLMC2","Parenchyma",2.02634416318249e-08
