"contrast","estimate","SE","df","asymp.LCL","asymp.UCL","z.ratio","p.value","celltype","region","p_adj"
"AD_Amyloid_vs_Control",0.93261569629371,0.253273723256503,Inf,0.436208320480599,1.42902307210682,3.6822441913929,0.000231189803961513,"Astrocytes1","Arteries",0.000462379607923026
"AD_Amyloid_vs_Control",0.766108282950824,0.274722454361667,Inf,0.227662166657509,1.30455439924414,2.78866277869758,0.00529261426175348,"Astrocytes2","Arteries",0.00737758351638364
"AD_Amyloid_vs_Control",0.808300361755947,0.164321680980908,Inf,0.486235785154287,1.13036493835761,4.91901225042763,8.69820262984421e-07,"Astrocytes3","Arteries",4.00117320972834e-06
"AD_Amyloid_vs_Control",0.745232951629133,0.214302548802541,Inf,0.325207674181016,1.16525822907725,3.47748057964441,0.000506149715406593,"Astrocytes4","Arteries",0.000895495650334741
"AD_Amyloid_vs_Control",0.615686628348412,0.295893820338256,Inf,0.0357453972374647,1.19562785945936,2.08076879620054,0.0374550735850374,"Astrocytes5","Arteries",0.0441777791003005
"AD_Amyloid_vs_Control",0.479246573245717,0.268575607754133,Inf,-0.0471519450783389,1.00564509156977,1.78440096348751,0.0743585346331834,"Endothelial","Arteries",0.0834266486128399
"AD_Amyloid_vs_Control",0.544091756638349,0.235662176436966,Inf,0.0822023783035717,1.00598113497313,2.30877845933787,0.0209558779319912,"ExNeuron1","Arteries",0.0253676417071473
"AD_Amyloid_vs_Control",1.06425864155325,0.183717644802327,Inf,0.704178674416163,1.42433860869033,5.79290379374472,6.91797401076349e-09,"ExNeuron10","Arteries",7.92884368333352e-08
"AD_Amyloid_vs_Control",0.891701563390971,0.193811170943778,Inf,0.511838648539631,1.27156447824231,4.60087805593849,4.20713685287686e-06,"ExNeuron11","Arteries",1.38719746935623e-05
"AD_Amyloid_vs_Control",0.811041143768409,0.176307613201715,Inf,0.465484571692829,1.15659771584399,4.60014816739927,4.22190534151896e-06,"ExNeuron12","Arteries",1.38719746935623e-05
"AD_Amyloid_vs_Control",0.943030982496623,0.131782800336935,Inf,0.684741440054398,1.20132052493885,7.15594888016899,8.30961071651e-13,"ExNeuron13","Arteries",3.8224209295946e-11
"AD_Amyloid_vs_Control",0.747392170743784,0.132952202913693,Inf,0.486810641367685,1.00797370011988,5.62151024476789,1.89295270851574e-08,"ExNeuron14","Arteries",1.4512637431954e-07
"AD_Amyloid_vs_Control",1.06255274882556,0.202964059335691,Inf,0.664750502371555,1.46035499527956,5.23517686975386,1.64826948641926e-07,"ExNeuron2","Arteries",9.47754954691074e-07
"AD_Amyloid_vs_Control",0.293803972054459,0.290414829459986,Inf,-0.275398634263455,0.863006578372372,1.01167000528442,0.3116958616057,"ExNeuron3","Arteries",0.318622436308049
"AD_Amyloid_vs_Control",0.266671202722355,0.287029372744562,Inf,-0.295896030362109,0.829238435806819,0.929072868649146,0.352851323972942,"ExNeuron4","Arteries",0.352851323972942
"AD_Amyloid_vs_Control",0.941741115999193,0.209687900736886,Inf,0.530760382561086,1.3527218494373,4.49115620257402,7.08375736100179e-06,"ExNeuron5","Arteries",2.17235225737388e-05
"AD_Amyloid_vs_Control",0.51746392840254,0.306995687465487,Inf,-0.0842365624389295,1.11916441924401,1.68557393321922,0.0918778934395861,"ExNeuron6","Arteries",0.100628169005261
"AD_Amyloid_vs_Control",0.580468873548917,0.192096482463878,Inf,0.203966686362886,0.956971060734948,3.02175691144198,0.00251312278164603,"ExNeuron7","Arteries",0.00385345493185725
"AD_Amyloid_vs_Control",0.728600954421527,0.187225852728269,Inf,0.36164502609932,1.09555688274373,3.89156168234408,9.96010600603202e-05,"ExNeuron8","Arteries",0.000208256761944306
"AD_Amyloid_vs_Control",0.711449053417829,0.197516062953932,Inf,0.324324683659978,1.09857342317568,3.60198073401132,0.000315801773902358,"ExNeuron9","Arteries",0.000605286733312853
"AD_Amyloid_vs_Control",-0.928407851343842,0.161212066764173,Inf,-1.24437769607489,-0.612438006612796,-5.75892282742054,8.46523905214224e-09,"Fibroblast","Arteries",7.92884368333352e-08
"AD_Amyloid_vs_Control",0.956212620270795,0.214537232407038,Inf,0.535727371410102,1.37669786913149,4.45709404163744,8.30781637022558e-06,"InhNeuron1","Arteries",2.38849720643985e-05
"AD_Amyloid_vs_Control",0.842182712517359,0.237838934023749,Inf,0.376026967709412,1.30833845732531,3.54097917556788,0.000398645040490121,"InhNeuron2","Arteries",0.000733506874501822
"AD_Amyloid_vs_Control",0.857082242422063,0.195932376544644,Inf,0.473061840989221,1.24110264385491,4.37437782125188,1.21779304918217e-05,"InhNeuron3","Arteries",3.29520472131647e-05
"AD_Amyloid_vs_Control",0.871725867747598,0.18737941675645,Inf,0.504468959460834,1.23898277603436,4.65219650502295,3.28417888541355e-06,"InhNeuron4","Arteries",1.25893523940853e-05
"AD_Amyloid_vs_Control",0.923904355408985,0.165208557595871,Inf,0.600101532583266,1.2477071782347,5.59235168476571,2.24014490112352e-08,"InhNeuron5","Arteries",1.47209522073831e-07
"AD_Amyloid_vs_Control",0.942324590390951,0.22535162625618,Inf,0.500643519071308,1.38400566171059,4.18157439573885,2.89497493725641e-05,"Microglia1","Arteries",6.65844235568975e-05
"AD_Amyloid_vs_Control",0.532687055047023,0.175934342713709,Inf,0.187862079684427,0.877512030409619,3.027760509009,0.00246373256202571,"Microglia2","Arteries",0.00385345493185725
"AD_Amyloid_vs_Control",0.786617048399612,0.184604661790606,Inf,0.424798559911827,1.1484355368874,4.2610898379796,2.03432430940408e-05,"Microglia3","Arteries",5.19882879069933e-05
"AD_Amyloid_vs_Control",0.720518718010337,0.246209517100117,Inf,0.23795693184311,1.20308050417756,2.92644543759595,0.00342859641502602,"Microglia4","Arteries",0.00508759468036119
"AD_Amyloid_vs_Control",1.10617296010428,0.215763106393539,Inf,0.683285042380461,1.5290608778281,5.12679381843293,2.94717964359665e-07,"Microglia5","Arteries",1.50633626228273e-06
"AD_Amyloid_vs_Control",0.422784859572952,0.259495411876673,Inf,-0.0858168018587135,0.931386521004618,1.62925755224483,0.10325850803507,"Oligodendrocytes1","Arteries",0.107952076582119
"AD_Amyloid_vs_Control",-0.714946688964594,0.295197569851763,Inf,-1.2935232941978,-0.136370083731391,-2.42192606573155,0.0154384912023469,"Oligodendrocytes2","Arteries",0.0197269609807766
"AD_Amyloid_vs_Control",0.833915261592007,0.203479604556981,Inf,0.435102565071873,1.23272795811214,4.09827443594468,4.16241593701664e-05,"Oligodendrocytes3","Arteries",9.11767300489359e-05
"AD_Amyloid_vs_Control",0.768258648235653,0.241865197565059,Inf,0.294211571894473,1.24230572457683,3.17639187435803,0.00149119366485292,"Oligodendrocytes4","Arteries",0.00249660648006118
"AD_Amyloid_vs_Control",0.667804002031759,0.271369153405874,Inf,0.135930234841121,1.1996777692224,2.46086923900653,0.0138600870721975,"Oligodendrocytes5","Arteries",0.0182161144377453
"AD_Amyloid_vs_Control",0.622543782756932,0.268058639532602,Inf,0.0971585035282272,1.14792906198564,2.32241640800097,0.0202105247003336,"Oligodendrocytes6","Arteries",0.0251265982760904
"AD_Amyloid_vs_Control",0.428584653142435,0.258935929858149,Inf,-0.0789204436829277,0.936089749967797,1.65517644993193,0.0978887108147462,"Oligodendrocytes7","Arteries",0.10471815575531
"AD_Amyloid_vs_Control",0.655444770430409,0.15557055303373,Inf,0.350532089429321,0.960357451431498,4.21316732279212,2.51814375633834e-05,"Oligodendrocytes8","Arteries",6.09655856797703e-05
"AD_Amyloid_vs_Control",0.973628002047592,0.164955998633392,Inf,0.650320185692305,1.29693581840288,5.90234977881247,3.58360376109328e-09,"OPC1","Arteries",7.92884368333352e-08
"AD_Amyloid_vs_Control",0.861973873825624,0.176413009488106,Inf,0.516210728824613,1.20773701882664,4.88611285713449,1.02846259864487e-06,"OPC2","Arteries",4.30084359433309e-06
"AD_Amyloid_vs_Control",0.995930382567952,0.173027841965894,Inf,0.656802043992112,1.33505872114379,5.75589668837379,8.61830835144948e-09,"OPC3","Arteries",7.92884368333352e-08
"AD_Amyloid_vs_Control",0.540730629177162,0.261648037583422,Inf,0.0279098988880717,1.05355135946625,2.06663361273925,0.038768691042483,"Pericytes","Arteries",0.0445839946988555
"AD_Amyloid_vs_Control",0.606025712958165,0.210529543297879,Inf,0.193395390412656,1.01865603550367,2.87857800603641,0.00399472473519711,"SMC","Arteries",0.00574241680684585
"AD_Amyloid_vs_Control",0.713730932374254,0.257779591718975,Inf,0.208492216655624,1.21896964809288,2.76876430602911,0.00562693248751047,"VLMC1","Arteries",0.00761290865957299
"AD_Amyloid_vs_Control",0.70760017153678,0.223154350559101,Inf,0.270225681447516,1.14497466162604,3.17090018529294,0.00151967350960246,"VLMC2","Arteries",0.00249660648006118
"AD_Amyloid_vs_Control",1.11201986964384,0.332888190369536,Inf,0.45957100564084,1.76446873364685,3.34052063670207,0.000836214658384748,"Astrocytes1","Capillaries",0.00132640945812753
"AD_Amyloid_vs_Control",0.296834054733986,0.323390650107591,Inf,-0.336999972413886,0.930668081881858,0.917880757020125,0.358681297027569,"Astrocytes2","Capillaries",0.374984992347004
"AD_Amyloid_vs_Control",0.860519102237962,0.263819848593086,Inf,0.343441700588705,1.37759650388722,3.26176785722147,0.00110719773818065,"Astrocytes3","Capillaries",0.00169770319854367
"AD_Amyloid_vs_Control",1.44381896218333,0.269704273443814,Inf,0.915208299756912,1.97242962460975,5.35334106407518,8.63448781942178e-08,"Astrocytes4","Capillaries",1.98593219846701e-06
"AD_Amyloid_vs_Control",0.905218695410022,0.260514044940058,Inf,0.39462054986066,1.41581684095938,3.47474047174042,0.000511347811906632,"Astrocytes5","Capillaries",0.000904692282604041
"AD_Amyloid_vs_Control",0.614157896037064,0.222920571371953,Inf,0.177241604734946,1.05107418733918,2.75505258333613,0.00586827034701468,"Endothelial","Capillaries",0.00771258388464787
"AD_Amyloid_vs_Control",1.29224607765637,0.240985359737162,Inf,0.819923451770109,1.76456870354264,5.36234267121374,8.21495098612391e-08,"ExNeuron1","Capillaries",1.98593219846701e-06
"AD_Amyloid_vs_Control",1.05851056975904,0.251476567745211,Inf,0.565625554022679,1.5513955854954,4.20918171124195,2.56297209708139e-05,"ExNeuron10","Capillaries",0.000130996351628605
"AD_Amyloid_vs_Control",0.895945392035611,0.267114717856315,Inf,0.372410165296655,1.41948061877457,3.354159588157,0.000796064359600215,"ExNeuron11","Capillaries",0.00130782001934321
"AD_Amyloid_vs_Control",1.04863418605836,0.217978490649379,Inf,0.621404194981174,1.47586417713554,4.81072321830643,1.50385148377782e-06,"ExNeuron12","Capillaries",1.72942920634449e-05
"AD_Amyloid_vs_Control",1.05420815653261,0.221982894340337,Inf,0.619129678441587,1.48928663462363,4.7490513161628,2.04373084174968e-06,"ExNeuron13","Capillaries",1.8802323744097e-05
"AD_Amyloid_vs_Control",0.914475210086004,0.206188919779639,Inf,0.510352353306694,1.31859806686531,4.43513264953003,9.20156127529168e-06,"ExNeuron14","Capillaries",6.04674026662025e-05
"AD_Amyloid_vs_Control",0.987750380740162,0.255496421343038,Inf,0.486986596728938,1.48851416475139,3.86600475868888,0.000110632779892371,"ExNeuron2","Capillaries",0.000258782837893675
"AD_Amyloid_vs_Control",0.199059617086864,0.370181416988295,Inf,-0.526482627956198,0.924601862129926,0.537735304776679,0.590759801845753,"ExNeuron3","Capillaries",0.603887797442325
"AD_Amyloid_vs_Control",0.395097370229242,0.355208108443541,Inf,-0.301097729336697,1.09129246979518,1.11229828609625,0.266009920551077,"ExNeuron4","Capillaries",0.284568752217431
"AD_Amyloid_vs_Control",0.942656280539592,0.266130693876643,Inf,0.421049705360718,1.46426285571847,3.54208027194538,0.000396984647180936,"ExNeuron5","Capillaries",0.000730451750812923
"AD_Amyloid_vs_Control",0.570230825217824,0.302073526537004,Inf,-0.0218224074777073,1.16228405791336,1.88772194556404,0.0590632886141784,"ExNeuron6","Capillaries",0.067451041986236
"AD_Amyloid_vs_Control",1.08464870900564,0.280950970837276,Inf,0.533994924743015,1.63530249326826,3.86063342572985,0.000113093464392051,"ExNeuron7","Capillaries",0.000258782837893675
"AD_Amyloid_vs_Control",0.997433168592585,0.236405828413493,Inf,0.534086259166783,1.46078007801839,4.21915641964627,2.45218106180955e-05,"ExNeuron8","Capillaries",0.000130996351628605
"AD_Amyloid_vs_Control",0.980460561128655,0.239881001821693,Inf,0.510302436982749,1.45061868527456,4.08727891614128,4.36462272881707e-05,"ExNeuron9","Capillaries",0.000167310537937988
"AD_Amyloid_vs_Control",-0.932686317034062,0.322772864870825,Inf,-1.56530950736769,-0.300063126700432,-2.88960572137106,0.00385725280564628,"Fibroblast","Capillaries",0.00521863614881555
"AD_Amyloid_vs_Control",0.939978035815546,0.235657459957542,Inf,0.478097901610574,1.40185817002052,3.9887472095511,6.64231586347657e-05,"InhNeuron1","Capillaries",0.000190966581074952
"AD_Amyloid_vs_Control",0.882099835748825,0.22613103991026,Inf,0.438891141738126,1.32530852975952,3.90083482612067,9.58615418895918e-05,"InhNeuron2","Capillaries",0.000244979495940068
"AD_Amyloid_vs_Control",1.0542454445459,0.260633894404718,Inf,0.543412398362238,1.56507849072956,4.04492841176231,5.23391151362742e-05,"InhNeuron3","Capillaries",0.000173988951517392
"AD_Amyloid_vs_Control",0.863277153148522,0.225209579541892,Inf,0.421874488273005,1.30467981802404,3.83321684141744,0.000126478370347752,"InhNeuron4","Capillaries",0.000258782837893675
"AD_Amyloid_vs_Control",0.98917742615455,0.215348057592124,Inf,0.567102989133329,1.41125186317577,4.59338912649067,4.36104769422374e-06,"InhNeuron5","Capillaries",3.34346989890487e-05
"AD_Amyloid_vs_Control",0.902632168559388,0.304871326393911,Inf,0.305095348908366,1.50016898821041,2.96069879458961,0.00306941961393792,"Microglia1","Capillaries",0.00427858491639831
"AD_Amyloid_vs_Control",0.595312618574247,0.22213965723883,Inf,0.159926890848067,1.03069834630043,2.67990248105139,0.00736436111804218,"Microglia2","Capillaries",0.00941001698416501
"AD_Amyloid_vs_Control",0.911836822430518,0.222385918663921,Inf,0.47596843118038,1.34770521368066,4.1002453208763,4.12712403473292e-05,"Microglia3","Capillaries",0.000167310537937988
"AD_Amyloid_vs_Control",0.869887139347925,0.255737545458647,Inf,0.368650760754302,1.37112351794155,3.40148388375217,0.00067021080219542,"Microglia4","Capillaries",0.00114184062596257
"AD_Amyloid_vs_Control",0.691054926245589,0.367598660122027,Inf,-0.0294252083587647,1.41153506084994,1.87991688004572,0.0601194069877321,"Microglia5","Capillaries",0.067451041986236
"AD_Amyloid_vs_Control",0.585452959099405,0.294793701506323,Inf,0.00766792127776028,1.16323799692105,1.98597512805696,0.0470360856929663,"Oligodendrocytes1","Capillaries",0.0554784600481141
"AD_Amyloid_vs_Control",-0.170041371201863,0.407067602212389,Inf,-0.967879210811223,0.627796468407497,-0.417722683597756,0.676149885474197,"Oligodendrocytes2","Capillaries",0.676149885474197
"AD_Amyloid_vs_Control",0.991744219380237,0.259060299865121,Inf,0.483995361820454,1.49949307694002,3.82823697763257,0.000129064458237603,"Oligodendrocytes3","Capillaries",0.000258782837893675
"AD_Amyloid_vs_Control",0.922407077442093,0.228194599671813,Inf,0.475153880618803,1.36966027426538,4.04219503339994,5.2953159157467e-05,"Oligodendrocytes4","Capillaries",0.000173988951517392
"AD_Amyloid_vs_Control",1.11394301760082,0.269628476994519,Inf,0.58548091348518,1.64240512171647,4.13139973202262,3.60560960402099e-05,"Oligodendrocytes5","Capillaries",0.000165858041784965
"AD_Amyloid_vs_Control",0.770191866600629,0.305196478950503,Inf,0.172017759649206,1.36836597355205,2.52359355274718,0.0116162147634827,"Oligodendrocytes6","Capillaries",0.014061733661058
"AD_Amyloid_vs_Control",0.606435241720083,0.33431727805079,Inf,-0.0488145826689275,1.26168506610909,1.81395124193358,0.0696852326872868,"Oligodendrocytes7","Capillaries",0.0763219215146475
"AD_Amyloid_vs_Control",0.943618484362493,0.234570088073529,Inf,0.483869559887988,1.403367408837,4.02275708770977,5.75208130085703e-05,"Oligodendrocytes8","Capillaries",0.000176397159892949
"AD_Amyloid_vs_Control",0.643706352473853,0.243280885871218,Inf,0.166884578039267,1.12052812690844,2.64593887090087,0.00814645364303468,"OPC1","Capillaries",0.0101280234480972
"AD_Amyloid_vs_Control",0.857303566567152,0.231106793587714,Inf,0.404342574552699,1.3102645585816,3.70955588651603,0.000207623125098715,"OPC2","Capillaries",0.000397944323105871
"AD_Amyloid_vs_Control",0.720514079224304,0.241749793040718,Inf,0.246693191594485,1.19433496685412,2.98041239316779,0.00287860563362238,"OPC3","Capillaries",0.00413799559833217
"AD_Amyloid_vs_Control",0.811596180789352,0.256313722713748,Inf,0.309230515527021,1.31396184605168,3.16641720231166,0.00154329273950345,"Pericytes","Capillaries",0.00229004729087609
"AD_Amyloid_vs_Control",1.11654818866468,0.22371561115716,Inf,0.678073648017282,1.55502272931208,4.99092657365028,6.0090338767532e-07,"SMC","Capillaries",9.2138519443549e-06
"AD_Amyloid_vs_Control",1.06364904520319,0.271565910554904,Inf,0.531389641086749,1.59590844931962,3.9167251995281,8.97599663070192e-05,"VLMC1","Capillaries",0.000242879908830758
"AD_Amyloid_vs_Control",0.833182101248945,0.217676621497269,Inf,0.406543762837941,1.25982043965995,3.82761407962866,0.000129391418946838,"VLMC2","Capillaries",0.000258782837893675
"AD_Amyloid_vs_Control",0.927618203176625,0.266077168346808,Inf,0.406116536108481,1.44911987024477,3.48627508681074,0.000489797056782888,"Astrocytes1","Parenchyma",0.000901226584480514
"AD_Amyloid_vs_Control",1.02153387213257,0.261872751781594,Inf,0.508272710108245,1.53479503415689,3.90087882447786,9.58441191846311e-05,"Astrocytes2","Parenchyma",0.000339140729422541
"AD_Amyloid_vs_Control",0.682483746112659,0.193243952960267,Inf,0.303732558080384,1.06123493414494,3.53172109997659,0.000412864552062206,"Astrocytes3","Parenchyma",0.000791323724785896
"AD_Amyloid_vs_Control",0.924232762762477,0.213191494445357,Inf,0.506385111839306,1.34208041368565,4.33522343453231,1.45612143330977e-05,"Astrocytes4","Parenchyma",7.44239843691658e-05
"AD_Amyloid_vs_Control",0.560188059977083,0.253762771741807,Inf,0.062822166746083,1.05755395320808,2.20752656558721,0.0272772931406569,"Astrocytes5","Parenchyma",0.0313688871117554
"AD_Amyloid_vs_Control",0.6898885412755,0.268517436653869,Inf,0.163604036212901,1.2161730463381,2.569250436294,0.0101918772697022,"Endothelial","Parenchyma",0.0137890104237148
"AD_Amyloid_vs_Control",0.750960971575897,0.266212903697221,Inf,0.229193268109514,1.27272867504228,2.82090372459934,0.00478885725777619,"ExNeuron1","Parenchyma",0.00688398230805328
"AD_Amyloid_vs_Control",0.556802648064822,0.202679513599504,Inf,0.159558101005697,0.954047195123946,2.74720734314109,0.00601051233353431,"ExNeuron10","Parenchyma",0.00837828991947207
"AD_Amyloid_vs_Control",0.749446339877899,0.196200712749102,Inf,0.364900009148571,1.13399267060723,3.81979417595836,0.000133563079783075,"ExNeuron11","Parenchyma",0.000393831339949295
"AD_Amyloid_vs_Control",0.830696119988775,0.170165008814493,Inf,0.497178831283428,1.16421340869412,4.8817093818293,1.05170173637679e-06,"ExNeuron12","Parenchyma",2.2201376951449e-05
"AD_Amyloid_vs_Control",0.807840386767575,0.181982582517002,Inf,0.451161079220662,1.16451969431449,4.43910826846355,9.03323689189328e-06,"ExNeuron13","Parenchyma",5.19411121283863e-05
"AD_Amyloid_vs_Control",0.875036571360626,0.181607170659556,Inf,0.519093057533676,1.23098008518758,4.81829306729844,1.44791588813798e-06,"ExNeuron14","Parenchyma",2.2201376951449e-05
"AD_Amyloid_vs_Control",0.642834816037124,0.207700990695511,Inf,0.235748354720633,1.04992127735361,3.09500120285664,0.00196812098926049,"ExNeuron2","Parenchyma",0.00312184708641318
"AD_Amyloid_vs_Control",0.661838966690702,0.289326411190617,Inf,0.0947696209808665,1.22890831240054,2.28751659403352,0.0221656879896373,"ExNeuron3","Parenchyma",0.0261441448082902
"AD_Amyloid_vs_Control",0.597867630262191,0.280179192470783,Inf,0.0487265038019407,1.14700875672244,2.13387591344613,0.0328529396393119,"ExNeuron4","Parenchyma",0.0367801978579708
"AD_Amyloid_vs_Control",0.785849544763635,0.197129393548258,Inf,0.399483033114827,1.17221605641244,3.9864655930738,6.70648479183581e-05,"ExNeuron5","Parenchyma",0.000257081917020373
"AD_Amyloid_vs_Control",0.863990967967597,0.257086970732425,Inf,0.360109764437541,1.36787217149765,3.36069527563431,0.000777465499953746,"ExNeuron6","Parenchyma",0.00129639078065539
"AD_Amyloid_vs_Control",0.73325103275285,0.249135854206063,Inf,0.244953731251345,1.22154833425436,2.94317746873306,0.00324862131422614,"ExNeuron7","Parenchyma",0.00482053485336782
"AD_Amyloid_vs_Control",0.76903206163765,0.201900046650006,Inf,0.373315241726681,1.16474888154862,3.80897416517574,0.000139544535621879,"ExNeuron8","Parenchyma",0.000393831339949295
"AD_Amyloid_vs_Control",0.620609443219458,0.251598021597089,Inf,0.127486382307633,1.11373250413128,2.46667060130269,0.0136375747022742,"ExNeuron9","Parenchyma",0.0174257898973503
"AD_Amyloid_vs_Control",-0.610959948022038,0.169651686541158,Inf,-0.943471143559186,-0.27844875248489,-3.6012606799156,0.000316677851499909,"Fibroblast","Parenchyma",0.000643308824186433
"AD_Amyloid_vs_Control",0.802064653203478,0.211647580740961,Inf,0.38724301753616,1.21688628887079,3.7896235354806,0.000150875765331644,"InhNeuron1","Parenchyma",0.000393831339949295
"AD_Amyloid_vs_Control",0.784508124076539,0.174278724309107,Inf,0.442928101159104,1.12608814699397,4.50145665907622,6.74893282817498e-06,"InhNeuron2","Parenchyma",4.43501300137213e-05
"AD_Amyloid_vs_Control",0.713201413353243,0.196229738760806,Inf,0.328598192686361,1.09780463402013,3.63452256450589,0.000278495883690361,"InhNeuron3","Parenchyma",0.000640540532487831
"AD_Amyloid_vs_Control",0.887121045118022,0.196534857102676,Inf,0.501919803490051,1.27232228674599,4.51381021258006,6.3673201344032e-06,"InhNeuron4","Parenchyma",4.43501300137213e-05
"AD_Amyloid_vs_Control",0.816330430673636,0.173475152256997,Inf,0.476325380037321,1.15633548130995,4.70574846053039,2.5293623771829e-06,"InhNeuron5","Parenchyma",2.90876673376034e-05
"AD_Amyloid_vs_Control",0.673032237188783,0.271365446789623,Inf,0.141165734832501,1.20489873954506,2.48016925202181,0.0131320032146311,"Microglia1","Parenchyma",0.0172592042249437
"AD_Amyloid_vs_Control",0.483542799459881,0.207608889799689,Inf,0.0766368525821464,0.890448746337617,2.32910449993941,0.0198535303622931,"Microglia2","Parenchyma",0.0240332209648811
"AD_Amyloid_vs_Control",0.794739356949865,0.187449496458006,Inf,0.427345094972004,1.16213361892773,4.23975189033334,2.23766973831555e-05,"Microglia3","Parenchyma",0.000102932807962515
"AD_Amyloid_vs_Control",0.449628775244255,0.211584411374552,Inf,0.0349309492600259,0.864326601228485,2.12505624740147,0.0335819197833646,"Microglia4","Parenchyma",0.0367801978579708
"AD_Amyloid_vs_Control",0.826433409806049,0.243680674659865,Inf,0.348828063744292,1.30403875586781,3.3914606111445,0.000695211551995631,"Microglia5","Parenchyma",0.00122998966891535
"AD_Amyloid_vs_Control",0.206213797680708,0.259021019216085,Inf,-0.301458071221676,0.713885666583092,0.796127659078804,0.425957839192045,"Oligodendrocytes1","Parenchyma",0.435423568951868
"AD_Amyloid_vs_Control",-0.607658825142333,0.345372646313612,Inf,-1.2845767731623,0.0692591228776377,-1.75942950789031,0.0785045836373002,"Oligodendrocytes2","Parenchyma",0.0839816476119955
"AD_Amyloid_vs_Control",0.743493117293322,0.196377229177862,Inf,0.358600820720944,1.1283854138657,3.78604546161474,0.000153063683714461,"Oligodendrocytes3","Parenchyma",0.000393831339949295
"AD_Amyloid_vs_Control",0.67028044322783,0.217713927771847,Inf,0.243568985862255,1.09699190059341,3.07872100828684,0.00207891266909504,"Oligodendrocytes4","Parenchyma",0.00318766609261239
"AD_Amyloid_vs_Control",0.634242124652509,0.259721436666728,Inf,0.125197462772723,1.1432867865323,2.44200914946564,0.0146057764527281,"Oligodendrocytes5","Parenchyma",0.0181585328871755
"AD_Amyloid_vs_Control",0.265605594520576,0.230358784724878,Inf,-0.1858893270626,0.717100516103752,1.15300831630013,0.248906971074812,"Oligodendrocytes6","Parenchyma",0.260220924305486
"AD_Amyloid_vs_Control",0.187898970270993,0.261049060457878,Inf,-0.323747786424467,0.699545726966452,0.719784127709249,0.471657919000834,"Oligodendrocytes7","Parenchyma",0.471657919000834
"AD_Amyloid_vs_Control",0.688461930652331,0.190763990512856,Inf,0.314571379699993,1.06235248160467,3.60897215874677,0.000307412596063774,"Oligodendrocytes8","Parenchyma",0.000643308824186433
"AD_Amyloid_vs_Control",0.636677940855494,0.176992376130318,Inf,0.289779258101905,0.983576623609083,3.59720545469549,0.000321654412093217,"OPC1","Parenchyma",0.000643308824186433
"AD_Amyloid_vs_Control",0.741132057846577,0.145586821745594,Inf,0.455787130601559,1.02647698509159,5.09065345997915,3.56831645471763e-07,"OPC2","Parenchyma",1.64142556917011e-05
"AD_Amyloid_vs_Control",0.718627346767758,0.191397437490955,Inf,0.34349526255223,1.09375943098329,3.75463410685275,0.000173594880941733,"OPC3","Parenchyma",0.000420282343332617
"AD_Amyloid_vs_Control",0.754321965691474,0.184822246238599,Inf,0.392077019522028,1.11656691186092,4.08133750694531,4.47772774541518e-05,"Pericytes","Parenchyma",0.000187250432990089
"AD_Amyloid_vs_Control",0.896960310752466,0.195601471063766,Inf,0.513588472144431,1.2803321493605,4.58565217262633,4.52571504836414e-06,"SMC","Parenchyma",4.16365784449501e-05
"AD_Amyloid_vs_Control",0.664378856888887,0.197932827342793,Inf,0.276437643938828,1.05232006983895,3.35658751409776,0.000789107431703281,"VLMC1","Parenchyma",0.00129639078065539
"AD_Amyloid_vs_Control",0.673975271416468,0.178095164670358,Inf,0.324915162841836,1.0230353799911,3.78435468848326,0.000154107915632333,"VLMC2","Parenchyma",0.000393831339949295
