"contrast","estimate","SE","df","asymp.LCL","asymp.UCL","z.ratio","p.value","celltype","region","weight","p_adj"
"Disease_effect",0.506844070782782,0.256898000627347,Inf,0.00333324185283468,1.01035489971273,1.97293894676123,0.0485025186581953,"Astrocytes1","Arteries",0.472727272727273,0.0656210546552054
"Amyloid_effect",0.409410989088957,0.169906255893744,Inf,0.0764008467891727,0.742421131388742,2.40962869162978,0.0159687631469329,"Astrocytes1","Arteries",0.472727272727273,0.0565048542122241
"AD_overall_vs_Control",0.70038381107938,0.238107241021601,Inf,0.233702194218845,1.16706542793992,2.94146372060916,0.00326665105175459,"Astrocytes1","Arteries",0.472727272727273,0.0048472886574423
"Disease_effect",0.379429301726077,0.280942900006838,Inf,-0.171208663999563,0.930067267451717,1.35055664947162,0.176837495368187,"Astrocytes2","Arteries",0.472727272727273,0.203363119673416
"Amyloid_effect",0.392810061483611,0.210875656616702,Inf,-0.0204986307013604,0.806118753668583,1.86275679130475,0.0624964917163346,"Astrocytes2","Arteries",0.472727272727273,0.121836461550645
"AD_overall_vs_Control",0.565121330791057,0.255314422656324,Inf,0.0647142576510239,1.06552840393109,2.2134328523687,0.0268678178165565,"Astrocytes2","Arteries",0.472727272727273,0.0316902466554256
"Disease_effect",1.04467680768296,0.212145512088025,Inf,0.628879244508626,1.4604743708573,4.92434083285956,8.46451927259827e-07,"Astrocytes3","Arteries",0.472727272727273,4.32630985043911e-06
"Amyloid_effect",-0.377237137781794,0.154562174544804,Inf,-0.680173433261803,-0.0743008423017842,-2.44068213256434,0.0146595517128611,"Astrocytes3","Arteries",0.472727272727273,0.0565048542122241
"AD_overall_vs_Control",0.866346524367931,0.202426751617769,Inf,0.469597381689669,1.26309566704619,4.27980253323337,1.87059206224631e-05,"Astrocytes3","Arteries",0.472727272727273,5.37795217895814e-05
"Disease_effect",0.403557600059769,0.233957709483585,Inf,-0.0549910844335417,0.86210628455308,1.72491687044869,0.0845424547948098,"Astrocytes4","Arteries",0.472727272727273,0.107944153832595
"Amyloid_effect",0.293986751148619,0.171881680378941,Inf,-0.0428951519963294,0.630868654293568,1.71040189100129,0.0871915815933823,"Astrocytes4","Arteries",0.472727272727273,0.148548620492429
"AD_overall_vs_Control",0.542533155148207,0.214568213958717,Inf,0.121987183562038,0.963079126734376,2.52848800453077,0.0114555000922884,"Astrocytes4","Arteries",0.472727272727273,0.0159682728559171
"Disease_effect",0.610123526572244,0.271206947415523,Inf,0.0785676772807703,1.14167937586372,2.24966038807796,0.0244705118767514,"Astrocytes5","Arteries",0.472727272727273,0.0351763608228301
"Amyloid_effect",-0.047343559542727,0.222537781640045,Inf,-0.483509596756655,0.388822477671201,-0.212743917881347,0.83152670928551,"Astrocytes5","Arteries",0.472727272727273,0.884255931392101
"AD_overall_vs_Control",0.587742934788409,0.250298940857731,Inf,0.097166025338735,1.07831984423808,2.34816389064339,0.0188662179168205,"Astrocytes5","Arteries",0.472727272727273,0.0241068340048261
"Disease_effect",0.385021822510462,0.262709477574324,Inf,-0.129879291932547,0.899922936953471,1.46558025262539,0.142762674306626,"Endothelial","Arteries",0.472727272727273,0.171084764429765
"Amyloid_effect",0.107364023893065,0.216394116920483,Inf,-0.316760651737431,0.53148869952356,0.496150382556459,0.619788314793822,"Endothelial","Arteries",0.472727272727273,0.678815773345614
"AD_overall_vs_Control",0.435775724714456,0.240636621773785,Inf,-0.0358633873235496,0.907414836752461,1.81092853407872,0.0701519149715799,"Endothelial","Arteries",0.472727272727273,0.0806747022173169
"Disease_effect",0.291437680434005,0.256686096645597,Inf,-0.211657824323533,0.794533185191543,1.1353855321443,0.256213818898823,"ExNeuron1","Arteries",0.472727272727273,0.287459406569411
"Amyloid_effect",0.153623786129927,0.212949858820221,Inf,-0.263750267670596,0.57099783993045,0.721408255356584,0.47065836890148,"ExNeuron1","Arteries",0.472727272727273,0.541257124236702
"AD_overall_vs_Control",0.364059833877243,0.234631584948216,Inf,-0.0958096222568096,0.823929290011296,1.55162329895863,0.12075238495762,"ExNeuron1","Arteries",0.472727272727273,0.132252612096441
"Disease_effect",1.01289211776355,0.202995764622429,Inf,0.61502773008942,1.41075650543768,4.9897204488356,6.04667337414017e-07,"ExNeuron10","Arteries",0.472727272727273,3.4768371901306e-06
"Amyloid_effect",-0.026492854106387,0.136232971855847,Inf,-0.293504572450706,0.240518864237932,-0.194467269894252,0.845810021331575,"ExNeuron10","Arteries",0.472727272727273,0.884255931392101
"AD_overall_vs_Control",1.00036822309508,0.19271319831238,Inf,0.622657295057286,1.37807915113287,5.19096892094293,2.0920254720756e-07,"ExNeuron10","Arteries",0.472727272727273,1.37475959593539e-06
"Disease_effect",0.679392477908998,0.193403740100409,Inf,0.300328112836852,1.05845684298114,3.51281974979532,0.000443378155427845,"ExNeuron11","Arteries",0.472727272727273,0.000971209292841946
"Amyloid_effect",0.232942882774619,0.126808747752739,Inf,-0.0155976957453735,0.481483461294612,1.83696225144363,0.066215468234046,"ExNeuron11","Arteries",0.472727272727273,0.121836461550645
"AD_overall_vs_Control",0.789510931584272,0.179800988497072,Inf,0.43710746974531,1.14191439342323,4.39102664664787,1.12816712391659e-05,"ExNeuron11","Arteries",0.472727272727273,4.32464064168024e-05
"Disease_effect",0.517123916344464,0.203609301649998,Inf,0.118057018193117,0.916190814495812,2.53978532490325,0.0110920529026397,"ExNeuron12","Arteries",0.472727272727273,0.0164591752748848
"Amyloid_effect",0.284109697371363,0.133538663745174,Inf,0.0223787258872177,0.545840668855508,2.12754635551482,0.0333747140144356,"ExNeuron12","Arteries",0.472727272727273,0.0959523027915023
"AD_overall_vs_Control",0.651430318738199,0.188672836492919,Inf,0.281638354351064,1.02122228312533,3.45269796568012,0.000555010059025429,"ExNeuron12","Arteries",0.472727272727273,0.000945572693154434
"Disease_effect",0.646775847958478,0.187047472745417,Inf,0.280169537978222,1.01338215793873,3.45781655568679,0.000544572053622409,"ExNeuron13","Arteries",0.472727272727273,0.00108914410724482
"Amyloid_effect",0.241125589203172,0.120324271092182,Inf,0.00529435139646206,0.476956827009882,2.00396467823556,0.0450738442469441,"ExNeuron13","Arteries",0.472727272727273,0.108008297029744
"AD_overall_vs_Control",0.76076249012725,0.174648166291713,Inf,0.418458374229529,1.10306660602497,4.3559718162546,1.32477822962199e-05,"ExNeuron13","Arteries",0.472727272727273,4.35284275447226e-05
"Disease_effect",0.587098596377804,0.1642038721657,Inf,0.265264920811013,0.908932271944595,3.57542479744543,0.000349659678419281,"ExNeuron14","Arteries",0.472727272727273,0.000846544484594049
"Amyloid_effect",0.13408187083292,0.115540341012117,Inf,-0.0923730363123046,0.360536777978145,1.16047667557826,0.245854784737959,"ExNeuron14","Arteries",0.472727272727273,0.34270666963473
"AD_overall_vs_Control",0.65048275349882,0.152976738951859,Inf,0.350653854680791,0.950311652316849,4.25216773449148,2.11711191140072e-05,"ExNeuron14","Arteries",0.472727272727273,5.72865576026077e-05
"Disease_effect",0.969423320546199,0.190805505388427,Inf,0.59545140193292,1.34339523915948,5.08068841395705,3.76069524708287e-07,"ExNeuron2","Arteries",0.472727272727273,2.8831996894302e-06
"Amyloid_effect",0.102863508987762,0.124586747384963,Inf,-0.141322028837754,0.347049046813279,0.825637647236448,0.409009672475793,"ExNeuron2","Arteries",0.472727272727273,0.516048335396597
"AD_overall_vs_Control",1.01804970661314,0.180731790201828,Inf,0.663821906956109,1.37227750627017,5.63293101604459,1.77172341109947e-08,"ExNeuron2","Arteries",0.472727272727273,2.03748192276439e-07
"Disease_effect",0.0861745847633307,0.300537379912957,Inf,-0.502867855874096,0.675217025400758,0.286734997118458,0.774315238417999,"ExNeuron3","Arteries",0.472727272727273,0.802580614949098
"Amyloid_effect",0.202444961307521,0.254892908728094,Inf,-0.297135959714199,0.702025882329241,0.794235360715658,0.427058426475161,"ExNeuron3","Arteries",0.472727272727273,0.516965463627826
"AD_overall_vs_Control",0.181875839199613,0.273779882820662,Inf,-0.35472287082048,0.718474549219707,0.664314110028128,0.506489292035835,"ExNeuron3","Arteries",0.472727272727273,0.517744609636631
"Disease_effect",0.0785405102341259,0.28807852073735,Inf,-0.486083015130655,0.643164035598907,0.272635773167322,0.785133210276291,"ExNeuron4","Arteries",0.472727272727273,0.802580614949098
"Amyloid_effect",0.179994411273251,0.249155012300284,Inf,-0.308340439402941,0.668329261949443,0.72241938707747,0.47003667096471,"ExNeuron4","Arteries",0.472727272727273,0.541257124236702
"AD_overall_vs_Control",0.163628777381481,0.26177135573401,Inf,-0.349433652041402,0.676691206804364,0.62508282055026,0.531916702560296,"ExNeuron4","Arteries",0.472727272727273,0.531916702560296
"Disease_effect",0.677750491489545,0.204911529677627,Inf,0.276131273304386,1.07936970967471,3.30752736342265,0.000941235159160925,"ExNeuron5","Arteries",0.472727272727273,0.00166526220466933
"Amyloid_effect",0.322466844877575,0.128892875596411,Inf,0.0698414508448078,0.575092238910342,2.50182054970425,0.0123556534215839,"ExNeuron5","Arteries",0.472727272727273,0.0565048542122241
"AD_overall_vs_Control",0.83018936361349,0.190288344694532,Inf,0.457231061334463,1.20314766589252,4.36279670699844,1.28410257214958e-05,"ExNeuron5","Arteries",0.472727272727273,4.35284275447226e-05
"Disease_effect",0.144133484412284,0.295366441725168,Inf,-0.434774103610794,0.723041072435363,0.48798192364181,0.625562644922159,"ExNeuron6","Arteries",0.472727272727273,0.669206550381845
"Amyloid_effect",0.402999803960336,0.240390490469364,Inf,-0.0681568995855372,0.874156507506209,1.67643821173407,0.0936523894694007,"ExNeuron6","Arteries",0.472727272727273,0.153857496985444
"AD_overall_vs_Control",0.334642482648079,0.269328959937503,Inf,-0.193232578823057,0.862517544119215,1.24250464088872,0.214050429266024,"ExNeuron6","Arteries",0.472727272727273,0.223779994232662
"Disease_effect",0.395898870433704,0.225193915042976,Inf,-0.0454730925881025,0.83727083345551,1.75803538189808,0.0787414892680939,"ExNeuron7","Arteries",0.472727272727273,0.103488814466638
"Amyloid_effect",0.17514079839485,0.164664547492576,Inf,-0.147595784221184,0.497877381010883,1.06362177567546,0.287500073717406,"ExNeuron7","Arteries",0.472727272727273,0.388970687970608
"AD_overall_vs_Control",0.478692702402178,0.209050175777486,Inf,0.0689618869165372,0.888423517887818,2.28984596937962,0.0220302472742576,"ExNeuron7","Arteries",0.472727272727273,0.0266681940688382
"Disease_effect",0.390940373014551,0.228300886948456,Inf,-0.0565211430429732,0.838401889072075,1.7123909514325,0.0868246454740441,"ExNeuron8","Arteries",0.472727272727273,0.107944153832595
"Amyloid_effect",0.308775961940743,0.157851483646619,Inf,-0.000607260912843022,0.61815918479433,1.95611694491259,0.0504513794632763,"ExNeuron8","Arteries",0.472727272727273,0.108008297029744
"AD_overall_vs_Control",0.536907191386538,0.21101506125337,Inf,0.12332527113442,0.950489111638656,2.54440222511825,0.0109464952963239,"ExNeuron8","Arteries",0.472727272727273,0.0157355869884655
"Disease_effect",0.450204234620899,0.208406649412373,Inf,0.0417347076339819,0.858673761607817,2.16022010761318,0.0307556342704354,"ExNeuron9","Arteries",0.472727272727273,0.0428714901951523
"Amyloid_effect",0.266924508657615,0.154805519681555,Inf,-0.0364887345262388,0.570337751841469,1.72425704979187,0.0846614492215222,"ExNeuron9","Arteries",0.472727272727273,0.148548620492429
"AD_overall_vs_Control",0.576386729622681,0.192141708016426,Inf,0.199795901982474,0.952977557262887,2.99980017651038,0.0027015677690683,"ExNeuron9","Arteries",0.472727272727273,0.00414240391257139
"Disease_effect",-1.23572328299049,0.148639055466776,Inf,-1.52705047840143,-0.94439608757956,-8.31358406516988,9.2854190427647e-17,"Fibroblast","Arteries",0.472727272727273,4.27129275967176e-15
"Amyloid_effect",0.256684608717488,0.106062751450951,Inf,0.0488054357724017,0.464563781662575,2.42012021379809,0.0155153769505967,"Fibroblast","Arteries",0.472727272727273,0.0565048542122241
"AD_overall_vs_Control",-1.11438146796041,0.135151467201952,Inf,-1.37927347613398,-0.849489459786834,-8.24542634298764,1.64572376122643e-16,"Fibroblast","Arteries",0.472727272727273,7.57032930164158e-15
"Disease_effect",0.668318460560258,0.211125280815818,Inf,0.254520513935349,1.08211640718517,3.16550655600211,0.00154813173049755,"InhNeuron1","Arteries",0.472727272727273,0.00263755776306991
"Amyloid_effect",0.34053650562218,0.133004942834779,Inf,0.0798516079002047,0.601221403344155,2.56032970177056,0.0104572901525735,"InhNeuron1","Arteries",0.472727272727273,0.0565048542122241
"AD_overall_vs_Control",0.829299354127106,0.196529431009533,Inf,0.444108747446273,1.21448996080794,4.21972093374086,2.44604911041269e-05,"InhNeuron1","Arteries",0.472727272727273,6.25101439327687e-05
"Disease_effect",0.657865802975928,0.220312487965574,Inf,0.22606126121899,1.08967034473287,2.9860577085341,0.00282599307783148,"InhNeuron2","Arteries",0.472727272727273,0.00464270291358029
"Amyloid_effect",0.243569057172344,0.159023442965401,Inf,-0.0681111637374021,0.55524927808209,1.53165503544869,0.125607583745291,"InhNeuron2","Arteries",0.472727272727273,0.187857783091869
"AD_overall_vs_Control",0.773007539093763,0.204682572745742,Inf,0.371837068249109,1.17417800993842,3.77661629284872,0.000158973351005159,"InhNeuron2","Arteries",0.472727272727273,0.000330832692999101
"Disease_effect",0.671307304434636,0.183549143543191,Inf,0.311557593696809,1.03105701517246,3.65737094423799,0.000254815485179901,"InhNeuron3","Arteries",0.472727272727273,0.000689500724604438
"Amyloid_effect",0.274264186595861,0.121719680135615,Inf,0.0356979973203204,0.512830375871401,2.25324439145985,0.0242437438443849,"InhNeuron3","Arteries",0.472727272727273,0.0743474811227804
"AD_overall_vs_Control",0.800959465370861,0.170146422771418,Inf,0.467478604640557,1.13444032610117,4.70747167248356,2.50808120754048e-06,"InhNeuron3","Arteries",0.472727272727273,1.15371735546862e-05
"Disease_effect",0.670933979549475,0.189714527074804,Inf,0.29910033913881,1.04276761996014,3.53654509169415,0.000405397289755034,"InhNeuron4","Arteries",0.472727272727273,0.000932413766436578
"Amyloid_effect",0.239742630616045,0.123198391041135,Inf,-0.00172177877786286,0.481207040009952,1.94598832492866,0.0516561420577035,"InhNeuron4","Arteries",0.472727272727273,0.108008297029744
"AD_overall_vs_Control",0.78426685947706,0.176538603643628,Inf,0.438257554454558,1.13027616449956,4.44246665199772,8.89334203241792e-06,"InhNeuron4","Arteries",0.472727272727273,3.71903394082931e-05
"Disease_effect",0.505247252358964,0.18997596584696,Inf,0.132901201370711,0.877593303347217,2.65953248405106,0.00782491839276809,"InhNeuron5","Arteries",0.472727272727273,0.0119982082022444
"Amyloid_effect",0.448095102778282,0.112402041960844,Inf,0.227791148746268,0.668399056810296,3.98653881158475,6.70441649144475e-05,"InhNeuron5","Arteries",0.472727272727273,0.00308403158606458
"AD_overall_vs_Control",0.717074028217788,0.175752440337746,Inf,0.372605574960782,1.06154248147479,4.08002316690327,4.5031212623671e-05,"InhNeuron5","Arteries",0.472727272727273,0.00010902293582573
"Disease_effect",1.00289022406568,0.224423557027929,Inf,0.563028135008571,1.44275231312279,4.46873865358473,7.86821932507526e-06,"Microglia1","Arteries",0.472727272727273,3.01615074127885e-05
"Amyloid_effect",-0.000787516621950868,0.143203230490627,Inf,-0.281460690853368,0.279885657609467,-0.00549929369088089,0.995612220584776,"Microglia1","Arteries",0.472727272727273,0.996874225502263
"AD_overall_vs_Control",1.00251794348076,0.2090118730193,Inf,0.592862200021673,1.41217368693985,4.79646409076573,1.61490891197574e-06,"Microglia1","Arteries",0.472727272727273,8.25397888343156e-06
"Disease_effect",0.690165189878148,0.180159184419112,Inf,0.337059676932578,1.04327070282372,3.83086320080461,0.000127694489845156,"Microglia2","Arteries",0.472727272727273,0.000391596435525146
"Amyloid_effect",-0.11937212078981,0.130080112066866,Inf,-0.374324455545802,0.135580213966182,-0.917681564791764,0.358785601876126,"Microglia2","Arteries",0.472727272727273,0.471546791037194
"AD_overall_vs_Control",0.63373473277751,0.168519059910681,Inf,0.303443444644027,0.964026020910993,3.76061160745498,0.000169498429031491,"Microglia2","Arteries",0.472727272727273,0.000330832692999101
"Disease_effect",0.512114427900387,0.190640491374722,Inf,0.138465930810913,0.88576292498986,2.68628361271781,0.007225173087976,"Microglia3","Arteries",0.472727272727273,0.0114606193809275
"Amyloid_effect",0.283012623193674,0.139168697141069,Inf,0.0102469890218163,0.555778257365532,2.03359396910066,0.0419925504090502,"Microglia3","Arteries",0.472727272727273,0.108008297029744
"AD_overall_vs_Control",0.645902213410123,0.176255381876493,Inf,0.300448012850844,0.991356413969403,3.66458150970236,0.000247743333991707,"Microglia3","Arteries",0.472727272727273,0.000455847734544741
"Disease_effect",1.21708133808208,0.261313364934529,Inf,0.704916554131428,1.72924612203273,4.65755488008434,3.19987138420598e-06,"Microglia4","Arteries",0.472727272727273,1.47194083673475e-05
"Amyloid_effect",-0.62926057166111,0.191648340603958,Inf,-1.00488441694173,-0.253636726380488,-3.28341257575238,0.00102558449271393,"Microglia4","Arteries",0.472727272727273,0.0149006985623861
"AD_overall_vs_Control",0.919612704205916,0.244701483300078,Inf,0.440006609974234,1.3992187984376,3.75810024444434,0.000171208294213336,"Microglia4","Arteries",0.472727272727273,0.000330832692999101
"Disease_effect",1.15740678520946,0.231074309091956,Inf,0.704509461636754,1.61030410878217,5.00880772837829,5.4768252454764e-07,"Microglia5","Arteries",0.472727272727273,3.4768371901306e-06
"Amyloid_effect",-0.000546410361061955,0.139476240557934,Inf,-0.273914818553658,0.272821997831534,-0.00391758738890724,0.996874225502263,"Microglia5","Arteries",0.472727272727273,0.996874225502263
"AD_overall_vs_Control",1.15714848212969,0.215925610882231,Inf,0.733942061460708,1.58035490279867,5.35901451153387,8.36771345363889e-08,"Microglia5","Arteries",0.472727272727273,6.41524698112315e-07
"Disease_effect",0.977710592026832,0.273336948726038,Inf,0.441980016879727,1.51344116717394,3.57694265844307,0.00034763639401157,"Oligodendrocytes1","Arteries",0.472727272727273,0.000846544484594049
"Amyloid_effect",-0.779175338081576,0.233154261874688,Inf,-1.23614929419798,-0.322201381965169,-3.34188760615646,0.000832107471082155,"Oligodendrocytes1","Arteries",0.472727272727273,0.0149006985623861
"AD_overall_vs_Control",0.609373159479178,0.254730079933583,Inf,0.110111377030346,1.10863494192801,2.39223086507122,0.0167463049440923,"Oligodendrocytes1","Arteries",0.472727272727273,0.0224066895893965
"Disease_effect",-0.00315354454704429,0.303260221574879,Inf,-0.597532656777443,0.591225567683354,-0.0103988071058823,0.991703101890827,"Oligodendrocytes2","Arteries",0.472727272727273,0.991703101890827
"Amyloid_effect",-0.635405594908513,0.316319597921904,Inf,-1.25538061443964,-0.01543057537739,-2.00874558226199,0.044564121976892,"Oligodendrocytes2","Arteries",0.472727272727273,0.108008297029744
"AD_overall_vs_Control",-0.303527098503796,0.239230812437922,Inf,-0.772410874874379,0.165356677866787,-1.2687625620239,0.20452576148377,"Oligodendrocytes2","Arteries",0.472727272727273,0.218795000657056
"Disease_effect",1.06179082032241,0.208957864119752,Inf,0.652240932361286,1.47134070828354,5.08136329204585,3.74735654559194e-07,"Oligodendrocytes3","Arteries",0.472727272727273,2.8831996894302e-06
"Amyloid_effect",-0.219874401051267,0.136001640927671,Inf,-0.486432719107851,0.0466839170053173,-1.61670403056535,0.105942183482209,"Oligodendrocytes3","Arteries",0.472727272727273,0.168046222075229
"AD_overall_vs_Control",0.957850194370906,0.198500878809413,Inf,0.568795621004906,1.34690476773691,4.82542042189429,1.39708240730943e-06,"Oligodendrocytes3","Arteries",0.472727272727273,8.03322384202924e-06
"Disease_effect",1.06797614703064,0.242077254989002,Inf,0.593513445775873,1.5424388482854,4.41171619811682,1.02554481171413e-05,"Oligodendrocytes4","Arteries",0.472727272727273,3.46405089877576e-05
"Amyloid_effect",-0.221822986790468,0.161647442584449,Inf,-0.538646152448995,0.0950001788680584,-1.37226412768381,0.169981228541713,"Oligodendrocytes4","Arteries",0.472727272727273,0.244348016028712
"AD_overall_vs_Control",0.963114371456959,0.224983760279274,Inf,0.522154304203189,1.40407443871073,4.28081729215228,1.86208191328152e-05,"Oligodendrocytes4","Arteries",0.472727272727273,5.37795217895814e-05
"Disease_effect",0.933932252789417,0.267359604511627,Inf,0.409917057025756,1.45794744855308,3.49316888950141,0.000477324520485081,"Oligodendrocytes5","Arteries",0.472727272727273,0.000998042179196079
"Amyloid_effect",-0.150820007921832,0.185059209787785,Inf,-0.513529394113332,0.211889378269669,-0.814982448562184,0.415082356732045,"Oligodendrocytes5","Arteries",0.472727272727273,0.516048335396597
"AD_overall_vs_Control",0.862635521771824,0.248119806690571,Inf,0.376329636807265,1.34894140673638,3.47668948028649,0.000507645382545615,"Oligodendrocytes5","Arteries",0.472727272727273,0.000898141830657627
"Disease_effect",1.07554398894001,0.285000911164072,Inf,0.516952467497331,1.63413551038269,3.77382649250841,0.000160762589258926,"Oligodendrocytes6","Arteries",0.472727272727273,0.000462192444119413
"Amyloid_effect",-0.526638755556543,0.214479431806148,Inf,-0.947010717321208,-0.106266793791879,-2.45542778214991,0.0140717023559633,"Oligodendrocytes6","Arteries",0.472727272727273,0.0565048542122241
"AD_overall_vs_Control",0.826587486313282,0.261189777668696,Inf,0.314664928952613,1.33851004367395,3.16470075395431,0.00155242524844828,"Oligodendrocytes6","Arteries",0.472727272727273,0.00246246763546968
"Disease_effect",0.953907360245376,0.283085612690378,Inf,0.39906975483078,1.50874496565997,3.3696779966303,0.000752560690587594,"Oligodendrocytes7","Arteries",0.472727272727273,0.00144240799029289
"Amyloid_effect",-0.729314800175661,0.2387162749325,Inf,-1.19719010156692,-0.2614394987844,-3.05515323738142,0.00224945557960785,"Oligodendrocytes7","Arteries",0.472727272727273,0.0206949913323922
"AD_overall_vs_Control",0.609140363798699,0.263469541201048,Inf,0.0927495520213533,1.12553117557605,2.31199538672243,0.0207779375422092,"Oligodendrocytes7","Arteries",0.472727272727273,0.0258320304578818
"Disease_effect",0.819006329131007,0.185895664635395,Inf,0.454657521563496,1.18335513669852,4.40573119732166,1.05427636049697e-05,"Oligodendrocytes8","Arteries",0.472727272727273,3.46405089877576e-05
"Amyloid_effect",-0.254980105548687,0.138437648675928,Inf,-0.526312911057915,0.0163526999605418,-1.84184077082655,0.0654984443873986,"Oligodendrocytes8","Arteries",0.472727272727273,0.121836461550645
"AD_overall_vs_Control",0.698470279235264,0.176359124605699,Inf,0.352812746663082,1.04412781180745,3.96049980854063,7.47930529794256e-05,"Oligodendrocytes8","Arteries",0.472727272727273,0.000172024021852679
"Disease_effect",1.25736702243636,0.199732491160172,Inf,0.865898533219962,1.64883551165277,6.29525529438293,3.06894345689752e-10,"OPC1","Arteries",0.472727272727273,3.52928497543214e-09
"Amyloid_effect",-0.402508925062544,0.134678635126229,Inf,-0.666474199396964,-0.138543650728124,-2.98866204491371,0.0028020187270047,"OPC1","Arteries",0.472727272727273,0.0214821435737027
"AD_overall_vs_Control",1.06709007604316,0.192304913404476,Inf,0.690179371720294,1.44400078036603,5.54894857937791,2.87392681429508e-08,"OPC1","Arteries",0.472727272727273,2.64401266915147e-07
"Disease_effect",1.22113341596611,0.183147532378672,Inf,0.862170848646529,1.58009598328569,6.66748495110117,2.60224134238622e-11,"OPC2","Arteries",0.472727272727273,5.9851550874883e-10
"Amyloid_effect",-0.383226586851816,0.119128135464421,Inf,-0.61671344190749,-0.149739731796141,-3.21692759949449,0.00129571291846836,"OPC2","Arteries",0.472727272727273,0.0149006985623861
"AD_overall_vs_Control",1.03997175672707,0.173677717758985,Inf,0.699569685002347,1.38037382845179,5.98794001986055,2.12515399997051e-09,"OPC2","Arteries",0.472727272727273,3.25856946662146e-08
"Disease_effect",1.24585607032583,0.190386457357846,Inf,0.872705470760282,1.61900666989138,6.54382715879917,5.99640968927948e-11,"OPC3","Arteries",0.472727272727273,9.1944948568952e-10
"Amyloid_effect",-0.291863395918014,0.125909477750938,Inf,-0.538641437622099,-0.045085354213929,-2.31804150991199,0.0204470651994029,"OPC3","Arteries",0.472727272727273,0.0671832142266096
"AD_overall_vs_Control",1.10788428316459,0.179879459282593,Inf,0.755327021412165,1.46044154491701,6.1590372107139,7.31885298426517e-10,"OPC3","Arteries",0.472727272727273,1.68333618638099e-08
"Disease_effect",0.25797521288505,0.253723802819729,Inf,-0.23931430266216,0.755264728432261,1.01675605527772,0.309269492027797,"Pericytes","Arteries",0.472727272727273,0.338723729363777
"Amyloid_effect",0.316658672451474,0.20728502234571,Inf,-0.0896125058806972,0.722929850783645,1.52764859162545,0.12659981034452,"Pericytes","Arteries",0.472727272727273,0.187857783091869
"AD_overall_vs_Control",0.407668403498474,0.231024463424909,Inf,-0.0451312243620376,0.860468031358986,1.76461140718537,0.0776290970048604,"Pericytes","Arteries",0.472727272727273,0.0870960600542336
"Disease_effect",0.302351793400049,0.207482488248621,Inf,-0.104306410990002,0.709009997790101,1.45724005891885,0.145050126364366,"SMC","Arteries",0.472727272727273,0.171084764429765
"Amyloid_effect",0.316599162412803,0.161591789576509,Inf,-0.000114925354530004,0.633313250180136,1.95925277665733,0.0500831911500341,"SMC","Arteries",0.472727272727273,0.108008297029744
"AD_overall_vs_Control",0.452016851995192,0.189472561903276,Inf,0.0806574546062359,0.823376249384149,2.38565862758505,0.0170485681658452,"SMC","Arteries",0.472727272727273,0.0224066895893965
"Disease_effect",0.83271754707853,0.248862923076356,Inf,0.344955180761511,1.32047991339555,3.34608923171346,0.000819600156610805,"VLMC1","Arteries",0.472727272727273,0.00150806428816388
"Amyloid_effect",-0.111091096940475,0.179314894034886,Inf,-0.462541831140469,0.240359637259518,-0.619530784313222,0.535566748421478,"VLMC1","Arteries",0.472727272727273,0.600879766521658
"AD_overall_vs_Control",0.780201755797578,0.232124859240673,Inf,0.325245391769429,1.23515811982573,3.36112968834865,0.000776243685013227,"VLMC1","Arteries",0.472727272727273,0.00127525748252173
"Disease_effect",1.00638522456163,0.223399066248934,Inf,0.568531100533841,1.44423934858942,4.50487659353157,6.64115250036468e-06,"VLMC2","Arteries",0.472727272727273,2.77720922742523e-05
"Amyloid_effect",-0.440623023370053,0.169336586193787,Inf,-0.772516633574837,-0.108729413165268,-2.6020544837594,0.00926671290633741,"VLMC2","Arteries",0.472727272727273,0.0565048542122241
"AD_overall_vs_Control",0.798090704423058,0.212480739541269,Inf,0.381636107513735,1.21454530133238,3.75606140182908,0.000172608361564748,"VLMC2","Arteries",0.472727272727273,0.000330832692999101
"Disease_effect",0.979715110205871,0.318678889535826,Inf,0.355115964082435,1.60431425632931,3.07430188310523,0.00210995808713133,"Astrocytes1","Capillaries",0.433333333333333,0.0121322590010052
"Amyloid_effect",-0.271137530050801,0.283817321436356,Inf,-0.827409258254688,0.285134198153085,-0.955324110165705,0.339413818534828,"Astrocytes1","Capillaries",0.433333333333333,0.520434521753404
"AD_overall_vs_Control",0.862222180517191,0.299730308936025,Inf,0.274761569927518,1.44968279110686,2.876659966681,0.0040190842621168,"Astrocytes1","Capillaries",0.433333333333333,0.00806717866835976
"Disease_effect",0.685561168178406,0.333224787596922,Inf,0.0324525857324292,1.33866975062438,2.05735345537283,0.0396522388767095,"Astrocytes2","Capillaries",0.433333333333333,0.0701539610895629
"Amyloid_effect",-0.425599895121555,0.407425380274736,Inf,-1.22413896684757,0.372939176604464,-1.04460820490506,0.29620408590631,"Astrocytes2","Capillaries",0.433333333333333,0.50464399821075
"AD_overall_vs_Control",0.501134546959066,0.290644638609692,Inf,-0.0685184770155898,1.07078757093372,1.72421741325166,0.0846686017294737,"Astrocytes2","Capillaries",0.433333333333333,0.0885171745353589
"Disease_effect",0.658377748514742,0.284365720517819,Inf,0.101031177862034,1.21572431916745,2.31525004953432,0.0205992516475275,"Astrocytes3","Capillaries",0.433333333333333,0.0473782787893132
"Amyloid_effect",0.179503910862591,0.223161839033255,Inf,-0.257885256366313,0.616893078091496,0.80436651553065,0.421185333429354,"Astrocytes3","Capillaries",0.433333333333333,0.587106828416675
"AD_overall_vs_Control",0.736162776555198,0.263937303909119,Inf,0.218855166716722,1.25347038639367,2.78915774940506,0.00528453179538083,"Astrocytes3","Capillaries",0.433333333333333,0.00934955625336608
"Disease_effect",0.763546292486516,0.256974776540041,Inf,0.259884985532808,1.26720759944022,2.97128886642905,0.00296552702123454,"Astrocytes4","Capillaries",0.433333333333333,0.0151571381085321
"Amyloid_effect",0.0726298182030837,0.205695349516919,Inf,-0.330525658637456,0.475785295043624,0.353094118917402,0.724017881721806,"Astrocytes4","Capillaries",0.433333333333333,0.856015246633021
"AD_overall_vs_Control",0.795019213707852,0.240124645722726,Inf,0.32438355629087,1.26565487112483,3.31086053793024,0.000930095502801253,"Astrocytes4","Capillaries",0.433333333333333,0.00272978238618345
"Disease_effect",0.58009376790455,0.340537570649058,Inf,-0.0873476059503669,1.24753514175947,1.70346480947434,0.0884811181690166,"Astrocytes5","Capillaries",0.433333333333333,0.116196438735135
"Amyloid_effect",0.0990175666855189,0.288284426009582,Inf,-0.466009525597063,0.664044658968101,0.34347178602783,0.731243562748733,"Astrocytes5","Capillaries",0.433333333333333,0.856015246633021
"AD_overall_vs_Control",0.623001380134942,0.309779572620826,Inf,0.0158445746519135,1.23015818561797,2.01111188469972,0.04431364012692,"Astrocytes5","Capillaries",0.433333333333333,0.05662298460662
"Disease_effect",0.306537872745612,0.258099018447249,Inf,-0.199326907856135,0.812402653347359,1.18767546885601,0.234961292074138,"Endothelial","Capillaries",0.433333333333333,0.24564135080478
"Amyloid_effect",0.248387806666681,0.224957312156936,Inf,-0.192520423219848,0.689296036553211,1.10415529188666,0.269525779707824,"Endothelial","Capillaries",0.433333333333333,0.495927434662397
"AD_overall_vs_Control",0.414172588967841,0.235164951579508,Inf,-0.0467422465541,0.875087424489781,1.76120032422353,0.078204503205663,"Endothelial","Capillaries",0.433333333333333,0.0856525511300119
"Disease_effect",0.847966185122198,0.302679242541614,Inf,0.254725770872771,1.44120659937162,2.80153398694202,0.00508602834975499,"ExNeuron1","Capillaries",0.433333333333333,0.017996715699133
"Amyloid_effect",-0.259529661252891,0.264288685738059,Inf,-0.777525966820911,0.258466644315129,-0.981993082784162,0.326103255999713,"ExNeuron1","Capillaries",0.433333333333333,0.517267233654717
"AD_overall_vs_Control",0.735503331912612,0.283245226953021,Inf,0.180352888291818,1.29065377553341,2.59670159255535,0.00941236553536682,"ExNeuron1","Capillaries",0.433333333333333,0.0144322938208958
"Disease_effect",0.36322124052725,0.256203972988683,Inf,-0.138929319226641,0.865371800281141,1.41770338800833,0.156277380532819,"ExNeuron10","Capillaries",0.433333333333333,0.175335597670967
"Amyloid_effect",0.699153988931209,0.202515864234414,Inf,0.302230188733755,1.09607778912866,3.4523418280058,0.000555743197461771,"ExNeuron10","Capillaries",0.433333333333333,0.00511283741664829
"AD_overall_vs_Control",0.666187969064107,0.231675420769273,Inf,0.21211248825317,1.12026344987504,2.87552286233924,0.00403358933417988,"ExNeuron10","Capillaries",0.433333333333333,0.00806717866835976
"Disease_effect",0.463824893210714,0.246777629690611,Inf,-0.0198503731730447,0.947500159594473,1.87952568388075,0.0601727499338191,"ExNeuron11","Capillaries",0.433333333333333,0.0932590242448481
"Amyloid_effect",0.486083212481045,0.195963756302016,Inf,0.102001307853909,0.87016511710818,2.48047507178777,0.0131207437893312,"ExNeuron11","Capillaries",0.433333333333333,0.0603554214309233
"AD_overall_vs_Control",0.6744609519525,0.22545455518087,Inf,0.232578143647497,1.1163437602575,2.99156054492408,0.00277555493938889,"ExNeuron11","Capillaries",0.433333333333333,0.00638377636059444
"Disease_effect",0.741547390384063,0.238029802063084,Inf,0.27501755109322,1.20807722967491,3.11535523685195,0.00183723503929211,"ExNeuron12","Capillaries",0.433333333333333,0.0121322590010052
"Amyloid_effect",0.255095609026954,0.173007040086366,Inf,-0.0839919586142014,0.594183176668109,1.4744810899002,0.140352105495877,"ExNeuron12","Capillaries",0.433333333333333,0.30743794537192
"AD_overall_vs_Control",0.852088820962409,0.224083830187266,Inf,0.412892584277578,1.29128505764724,3.80254487907638,0.000143217312009884,"ExNeuron12","Capillaries",0.433333333333333,0.000893398457020364
"Disease_effect",0.562257673616696,0.245741468779124,Inf,0.0806132453016385,1.04390210193175,2.2880048548992,0.0221372383940093,"ExNeuron13","Capillaries",0.433333333333333,0.0484910936249727
"Amyloid_effect",0.438266711765568,0.189976784825677,Inf,0.065919055608526,0.81061436792261,2.30694877886118,0.0210576757465937,"ExNeuron13","Capillaries",0.433333333333333,0.0811865421389052
"AD_overall_vs_Control",0.752173248715109,0.226842505475624,Inf,0.307570107820055,1.19677638961016,3.31583909787108,0.000913684181757482,"ExNeuron13","Capillaries",0.433333333333333,0.00272978238618345
"Disease_effect",0.674126479100041,0.201394124708791,Inf,0.279401247972842,1.06885171022724,3.34729962989141,0.000816029562067767,"ExNeuron14","Capillaries",0.433333333333333,0.0121322590010052
"Amyloid_effect",0.242919632006844,0.153925036200889,Inf,-0.0587678952659222,0.544607159279611,1.57816842537433,0.114526921917698,"ExNeuron14","Capillaries",0.433333333333333,0.271541179643894
"AD_overall_vs_Control",0.779391652969674,0.187366037213662,Inf,0.412160968104905,1.14662233783444,4.15972747548104,3.18627546218427e-05,"ExNeuron14","Capillaries",0.433333333333333,0.00042205634561551
"Disease_effect",0.248002566079295,0.252088023984934,Inf,-0.246080881865045,0.742086014023636,0.983793526399798,0.325217042948945,"ExNeuron2","Capillaries",0.433333333333333,0.332444088347811
"Amyloid_effect",0.772139836925075,0.202276391045587,Inf,0.375685395552984,1.16859427829717,3.81725140009571,0.000134946647945882,"ExNeuron2","Capillaries",0.433333333333333,0.00310377290275528
"AD_overall_vs_Control",0.582596495413495,0.225963300543493,Inf,0.139716564520449,1.02547642630654,2.57827927814923,0.00992937115817582,"ExNeuron2","Capillaries",0.433333333333333,0.0147339055895512
"Disease_effect",0.564446888260881,0.350338743753736,Inf,-0.122204431885448,1.25109820840721,1.61114606455759,0.107147890219129,"ExNeuron3","Capillaries",0.433333333333333,0.129705340791577
"Amyloid_effect",-0.378012163041574,0.336679306313327,Inf,-1.03789147775562,0.281867151672476,-1.12276625249364,0.261536781673994,"ExNeuron3","Capillaries",0.433333333333333,0.495927434662397
"AD_overall_vs_Control",0.400641617609533,0.321221774004441,Inf,-0.228941490489236,1.0302247257083,1.24724302657015,0.212308400772952,"ExNeuron3","Capillaries",0.433333333333333,0.217026365234573
"Disease_effect",0.739024639518401,0.334258247466857,Inf,0.0838905129478843,1.39415876608892,2.21093913200056,0.027040052368575,"ExNeuron4","Capillaries",0.433333333333333,0.0540801047371499
"Amyloid_effect",-0.362721147555422,0.311358927353678,Inf,-0.972973431433654,0.247531136322809,-1.164961450241,0.244034597480559,"ExNeuron4","Capillaries",0.433333333333333,0.488069194961119
"AD_overall_vs_Control",0.581845475577718,0.309146440312885,Inf,-0.0240704133842981,1.18776136453973,1.88210310618112,0.0598220177140969,"ExNeuron4","Capillaries",0.433333333333333,0.0687953203712114
"Disease_effect",0.331463174757914,0.246387287240929,Inf,-0.151447034482833,0.814373383998661,1.34529333258089,0.178530525862807,"ExNeuron5","Capillaries",0.433333333333333,0.195533433087836
"Amyloid_effect",0.679389322168071,0.19575285810472,Inf,0.29572077041204,1.0630578739241,3.47064828961335,0.000519203570703447,"ExNeuron5","Capillaries",0.433333333333333,0.00511283741664829
"AD_overall_vs_Control",0.625865214364078,0.222433099272952,Inf,0.18990435081947,1.06182607790869,2.81372339103213,0.00489713469833946,"ExNeuron5","Capillaries",0.433333333333333,0.00901072784494461
"Disease_effect",0.547586890027254,0.304208545523994,Inf,-0.0486509029890884,1.1438246830436,1.8000378295884,0.0718546651252345,"ExNeuron6","Capillaries",0.433333333333333,0.103291081117525
"Amyloid_effect",-0.0336706746953112,0.272204856869802,Inf,-0.567182390577003,0.499841041186381,-0.123696083466344,0.901555912786421,"ExNeuron6","Capillaries",0.433333333333333,0.941291158531228
"AD_overall_vs_Control",0.532996264325952,0.280848901055109,Inf,-0.0174574668397151,1.08344999549162,1.89780434362948,0.057721860822535,"ExNeuron6","Capillaries",0.433333333333333,0.0680821948163233
"Disease_effect",0.915557238361178,0.289392737683296,Inf,0.348357895114471,1.48275658160789,3.16371877777783,0.00155767228964473,"ExNeuron7","Capillaries",0.433333333333333,0.0121322590010052
"Amyloid_effect",0.0746730738527636,0.228999764384931,Inf,-0.374158216809859,0.523504364515386,0.326083627436594,0.744361084028714,"ExNeuron7","Capillaries",0.433333333333333,0.856015246633021
"AD_overall_vs_Control",0.947915570364042,0.271023770151328,Inf,0.416718741913179,1.47911239881491,3.49753665457007,0.000469576179183553,"ExNeuron7","Capillaries",0.433333333333333,0.00196368220385849
"Disease_effect",0.664532957908061,0.234643392259687,Inf,0.204640359868771,1.12442555594735,2.83209747143701,0.00462437496794771,"ExNeuron8","Capillaries",0.433333333333333,0.017751465788498
"Amyloid_effect",0.330560301972414,0.179758621209842,Inf,-0.0217601215094533,0.682880725454281,1.8389120908228,0.0659281171435229,"ExNeuron8","Capillaries",0.433333333333333,0.189543336787628
"AD_overall_vs_Control",0.80777575542944,0.217467439348529,Inf,0.381547406496176,1.23400410436271,3.71446759040944,0.000203631964341108,"ExNeuron8","Capillaries",0.433333333333333,0.00104078559552122
"Disease_effect",0.656759776551727,0.31272406224654,Inf,0.0438318774494462,1.26968767565401,2.10012549668775,0.0357178029890161,"ExNeuron9","Capillaries",0.433333333333333,0.0684591223956142
"Amyloid_effect",-0.026497607314528,0.266601283114403,Inf,-0.549026520450923,0.496031305821867,-0.0993903967939925,0.92082830725881,"ExNeuron9","Capillaries",0.433333333333333,0.941291158531228
"AD_overall_vs_Control",0.645277480048765,0.323491713844753,Inf,0.0112453716159122,1.27930958848162,1.99472645645088,0.0460727222536753,"ExNeuron9","Capillaries",0.433333333333333,0.0572796006397044
"Disease_effect",-1.23951572083669,0.239043492792725,Inf,-1.70803235744909,-0.77099908422429,-5.18531463189201,2.15650486334614e-07,"Fibroblast","Capillaries",0.433333333333333,9.91992237139226e-06
"Amyloid_effect",0.282949941195529,0.181034359936071,Inf,-0.071870884243431,0.637770766634489,1.56296264032666,0.118061382453867,"Fibroblast","Capillaries",0.433333333333333,0.271541179643894
"AD_overall_vs_Control",-1.11690407965196,0.22649656449549,Inf,-1.56082918868518,-0.672978970618749,-4.93121863521335,8.17182084817759e-07,"Fibroblast","Capillaries",0.433333333333333,3.75903759016169e-05
"Disease_effect",0.592950123851181,0.24102222836229,Inf,0.120555236787504,1.06534501091486,2.46014704900949,0.0138880099641331,"InhNeuron1","Capillaries",0.433333333333333,0.0375793210794189
"Amyloid_effect",0.32879212747892,0.189519841689433,Inf,-0.0426599365881012,0.700244191545942,1.73486915432165,0.0827639837828715,"InhNeuron1","Capillaries",0.433333333333333,0.223949603177182
"AD_overall_vs_Control",0.735426712425379,0.222513974935852,Inf,0.299307335494262,1.1715460893565,3.30508100732727,0.000949489525629025,"InhNeuron1","Capillaries",0.433333333333333,0.00272978238618345
"Disease_effect",0.695023832572879,0.225313290473627,Inf,0.253417898006358,1.1366297671394,3.08469966912241,0.00203757790557226,"InhNeuron2","Capillaries",0.433333333333333,0.0121322590010052
"Amyloid_effect",0.1775032402956,0.175790772632305,Inf,-0.167040342878187,0.522046823469387,1.00974151053353,0.312619149079523,"InhNeuron2","Capillaries",0.433333333333333,0.513588602059217
"AD_overall_vs_Control",0.771941903367639,0.209932821755392,Inf,0.360481133554205,1.18340267318107,3.67709011346061,0.000235909719300192,"InhNeuron2","Capillaries",0.433333333333333,0.00108518470878088
"Disease_effect",0.679843429143763,0.235149666232062,Inf,0.218958552352307,1.14072830593522,2.89110947949569,0.00383884364353955,"InhNeuron3","Capillaries",0.433333333333333,0.0176586807602819
"Amyloid_effect",0.442551949089303,0.175309415038582,Inf,0.0989518094628978,0.786152088715708,2.52440491568525,0.0115894352224756,"InhNeuron3","Capillaries",0.433333333333333,0.0592348911370974
"AD_overall_vs_Control",0.871615940415795,0.217621919118159,Inf,0.445084816697714,1.29814706413388,4.00518451426093,6.19690903971798e-05,"InhNeuron3","Capillaries",0.433333333333333,0.000475096359711712
"Disease_effect",0.561076598644893,0.224547864518694,Inf,0.120970871382874,1.00118232590691,2.49869487669157,0.0124651585487798,"InhNeuron4","Capillaries",0.433333333333333,0.035837330827742
"Amyloid_effect",0.298530001466065,0.177585452917419,Inf,-0.0495310904303091,0.646591093362439,1.68104986394853,0.0927532295037761,"InhNeuron4","Capillaries",0.433333333333333,0.237036030954095
"AD_overall_vs_Control",0.690439599280188,0.207243441485116,Inf,0.284249917937226,1.09662928062315,3.33153895888075,0.000863672101182709,"InhNeuron4","Capillaries",0.433333333333333,0.00272978238618345
"Disease_effect",0.629689300265193,0.222375217530046,Inf,0.193841882852042,1.06553671767834,2.83165231836192,0.00463081716221688,"InhNeuron5","Capillaries",0.433333333333333,0.017751465788498
"Amyloid_effect",0.34298410962979,0.170451418920869,Inf,0.00890546743113679,0.677062751828442,2.01221035178955,0.0441977677362212,"InhNeuron5","Capillaries",0.433333333333333,0.135539821057745
"AD_overall_vs_Control",0.778315747771435,0.205777357426378,Inf,0.374999538381907,1.18163195716096,3.7823196755255,0.000155373644699194,"InhNeuron5","Capillaries",0.433333333333333,0.000893398457020364
"Disease_effect",0.413561780519982,0.243855798168364,Inf,-0.0643868013112799,0.891510362351243,1.69592760814508,0.0898995904785631,"Microglia1","Capillaries",0.433333333333333,0.116196438735135
"Amyloid_effect",0.565018830161427,0.193138297265857,Inf,0.186474723484956,0.943562936837898,2.92546241817422,0.00343944716972738,"Microglia1","Capillaries",0.433333333333333,0.0226020814010657
"AD_overall_vs_Control",0.658403273589933,0.221778798295316,Inf,0.223724816396541,1.09308173078333,2.96873857488044,0.00299024876030352,"Microglia1","Capillaries",0.433333333333333,0.00655006871304581
"Disease_effect",0.571105004954856,0.208145757149459,Inf,0.163146817407097,0.979063192502615,2.74377442411557,0.00607372583870093,"Microglia2","Capillaries",0.433333333333333,0.0186260925720162
"Amyloid_effect",0.0298932795909268,0.173259475870071,Inf,-0.309689053094698,0.369475612276552,0.172534745593621,0.863017147881961,"Microglia2","Capillaries",0.433333333333333,0.930300393127759
"AD_overall_vs_Control",0.584058759444258,0.193742172179642,Inf,0.204331079685602,0.963786439202914,3.01461861851485,0.00257302575324948,"Microglia2","Capillaries",0.433333333333333,0.00638377636059444
"Disease_effect",0.635839052238078,0.196592142766172,Inf,0.250525532772824,1.02115257170333,3.23430551847817,0.00121938936826569,"Microglia3","Capillaries",0.433333333333333,0.0121322590010052
"Amyloid_effect",0.31651051128524,0.149301907727521,Inf,0.0238841493161762,0.609136873254304,2.11993614885938,0.0340114303677772,"Microglia3","Capillaries",0.433333333333333,0.120348138224442
"AD_overall_vs_Control",0.772993607128349,0.182244234302097,Inf,0.415801471506159,1.13018574275054,4.24152572007845,2.22005442659923e-05,"Microglia3","Capillaries",0.433333333333333,0.00042205634561551
"Disease_effect",0.551859772848775,0.288023115792624,Inf,-0.0126551608197765,1.11637470651733,1.91602598051926,0.0553617888178915,"Microglia4","Capillaries",0.433333333333333,0.0932590242448481
"Amyloid_effect",0.198625701042867,0.243620674921455,Inf,-0.278862047692525,0.676113449778258,0.815307243964023,0.414896463304935,"Microglia4","Capillaries",0.433333333333333,0.587106828416675
"AD_overall_vs_Control",0.637930909967351,0.265350652248624,Inf,0.117853188285836,1.15800863164887,2.40410530202742,0.0162121025961723,"Microglia4","Capillaries",0.433333333333333,0.0225986884673917
"Disease_effect",0.36741492878162,0.281465539642232,Inf,-0.184247391806286,0.919077249369526,1.30536380847416,0.191768995911261,"Microglia5","Capillaries",0.433333333333333,0.20514822818414
"Amyloid_effect",0.646287678752505,0.207763463854385,Inf,0.23907877229462,1.05349658521039,3.11068975633496,0.00186650928402381,"Microglia5","Capillaries",0.433333333333333,0.0143099045108492
"AD_overall_vs_Control",0.647472922907706,0.256807825990222,Inf,0.144138833018841,1.15080701279657,2.52123517035013,0.0116943666364175,"Microglia5","Capillaries",0.433333333333333,0.0168106520398501
"Disease_effect",0.61324026356948,0.327097453878472,Inf,-0.0278589654670773,1.25433949260604,1.87479375427153,0.0608211027683792,"Oligodendrocytes1","Capillaries",0.433333333333333,0.0932590242448481
"Amyloid_effect",-0.199143337157449,0.301970339142486,Inf,-0.790994326276068,0.392707651961169,-0.659479794349876,0.509587716969395,"Oligodendrocytes1","Capillaries",0.433333333333333,0.669743856588347
"AD_overall_vs_Control",0.526944817467918,0.301909253750394,Inf,-0.0647864464822188,1.11867608141806,1.74537484665367,0.0809196411407925,"Oligodendrocytes1","Capillaries",0.433333333333333,0.0865651974994524
"Disease_effect",0.20122516934802,0.36982852312408,Inf,-0.523625416430815,0.926075755126856,0.544103974588537,0.586369925538889,"Oligodendrocytes2","Capillaries",0.433333333333333,0.586369925538889
"Amyloid_effect",-0.386368950455316,0.364000482989855,Inf,-1.09979678747062,0.327058886559984,-1.06145175215629,0.288484648416275,"Oligodendrocytes2","Capillaries",0.433333333333333,0.50464399821075
"AD_overall_vs_Control",0.0337986241507168,0.336266133557363,Inf,-0.62527088684225,0.692868135143684,0.100511531723878,0.919938228208504,"Oligodendrocytes2","Capillaries",0.433333333333333,0.919938228208504
"Disease_effect",0.583922142612471,0.24629504279081,Inf,0.101192729171732,1.06665155605321,2.37082377296738,0.0177484912647337,"Oligodendrocytes3","Capillaries",0.433333333333333,0.0448568021594992
"Amyloid_effect",0.439603724152638,0.190735951176601,Inf,0.0657681292895089,0.813439319015767,2.30477642752105,0.0211790979492796,"Oligodendrocytes3","Capillaries",0.433333333333333,0.0811865421389052
"AD_overall_vs_Control",0.774417089745281,0.22669967538062,Inf,0.330093890692344,1.21874028879822,3.41604851636891,0.000635369258794355,"Oligodendrocytes3","Capillaries",0.433333333333333,0.0024355821587117
"Disease_effect",0.536378193302299,0.312454606075564,Inf,-0.0760215814094555,1.14877796801405,1.7166595814964,0.0860413892299177,"Oligodendrocytes4","Capillaries",0.433333333333333,0.116196438735135
"Amyloid_effect",0.0997871957131334,0.275935498691061,Inf,-0.441036443777445,0.640610835203712,0.361632324171729,0.71762680605732,"Oligodendrocytes4","Capillaries",0.433333333333333,0.856015246633021
"AD_overall_vs_Control",0.579619311444657,0.287445335554673,Inf,0.016236806233468,1.14300181665585,2.01645057251038,0.0437528817955651,"Oligodendrocytes4","Capillaries",0.433333333333333,0.05662298460662
"Disease_effect",0.536481992681492,0.290016459599344,Inf,-0.0319398230570385,1.10490380842002,1.8498329143892,0.0643376353205658,"Oligodendrocytes5","Capillaries",0.433333333333333,0.0954687491853557
"Amyloid_effect",0.487229921236118,0.234803478025374,Inf,0.0270235608616429,0.947436281610593,2.07505410624056,0.0379815204929718,"Oligodendrocytes5","Capillaries",0.433333333333333,0.124796424476907
"AD_overall_vs_Control",0.747614958550476,0.265617252972926,Inf,0.227014709051078,1.26821520804988,2.81463252173111,0.00488330388480754,"Oligodendrocytes5","Capillaries",0.433333333333333,0.00901072784494461
"Disease_effect",0.552195881346157,0.326650532597391,Inf,-0.0880273980755557,1.19241916076787,1.69047904791498,0.0909363433579321,"Oligodendrocytes6","Capillaries",0.433333333333333,0.116196438735135
"Amyloid_effect",0.0482830384431397,0.294175179792586,Inf,-0.528289719095924,0.624855795982203,0.164130224980852,0.869628628358558,"Oligodendrocytes6","Capillaries",0.433333333333333,0.930300393127759
"AD_overall_vs_Control",0.573118531338184,0.30022820129668,Inf,-0.0153179303465505,1.16155499302292,1.90894302688054,0.0562694416794828,"Oligodendrocytes6","Capillaries",0.433333333333333,0.0680821948163233
"Disease_effect",0.547192933237849,0.331792784757602,Inf,-0.103108975217302,1.197494841693,1.64920082164418,0.0991064996958543,"Oligodendrocytes7","Capillaries",0.433333333333333,0.123213486108359
"Amyloid_effect",-0.0213339681351599,0.303456502443935,Inf,-0.616097783799764,0.573429847529444,-0.0703032163204392,0.943952322590176,"Oligodendrocytes7","Capillaries",0.433333333333333,0.943952322590176
"AD_overall_vs_Control",0.537948213712613,0.304840193948251,Inf,-0.0595275874661639,1.13542401489139,1.76468925158844,0.0776160060011163,"Oligodendrocytes7","Capillaries",0.433333333333333,0.0856525511300119
"Disease_effect",0.978128234833824,0.241657356268093,Inf,0.504488519949197,1.45176794971845,4.04758311494849,5.17492088295203e-05,"Oligodendrocytes8","Capillaries",0.433333333333333,0.00119023180307897
"Amyloid_effect",-0.0792436109734068,0.186147755262955,Inf,-0.444086507091774,0.285599285144961,-0.425702748128584,0.670324459318882,"Oligodendrocytes8","Capillaries",0.433333333333333,0.856015246633021
"AD_overall_vs_Control",0.943789336745348,0.228668459155957,Inf,0.495607392399404,1.39197128109129,4.12732626191207,3.6700551792653e-05,"Oligodendrocytes8","Capillaries",0.433333333333333,0.00042205634561551
"Disease_effect",0.539693829874278,0.260573869896177,Inf,0.028978429565546,1.05040923018301,2.07117402097652,0.0383425364513258,"OPC1","Capillaries",0.433333333333333,0.0701539610895629
"Amyloid_effect",0.0521117256135119,0.223021397936688,Inf,-0.385002182124171,0.489225633351195,0.233662447171574,0.815247043554259,"OPC1","Capillaries",0.433333333333333,0.914667414719413
"AD_overall_vs_Control",0.562275577640134,0.241242106451566,Inf,0.0894497374404864,1.03510141783978,2.33075223024145,0.0197664283400989,"OPC1","Capillaries",0.433333333333333,0.026742814813075
"Disease_effect",0.666947367317825,0.24111257609726,Inf,0.194375401947523,1.13951933268813,2.76612434785978,0.00567268994943909,"OPC2","Capillaries",0.433333333333333,0.0186260925720162
"Amyloid_effect",0.15549085455659,0.192479479648704,Inf,-0.221761993317881,0.53274370243106,0.80783081313591,0.419187984342721,"OPC2","Capillaries",0.433333333333333,0.587106828416675
"AD_overall_vs_Control",0.73432673762568,0.224264575839432,Inf,0.294776245972242,1.17387722927912,3.27437685990783,0.0010589528132718,"OPC2","Capillaries",0.433333333333333,0.00286540173002958
"Disease_effect",0.553314052714367,0.244966585642817,Inf,0.0731883674386989,1.03343973799004,2.25873276252112,0.023900013203286,"OPC3","Capillaries",0.433333333333333,0.049972754879598
"Amyloid_effect",0.146655880414581,0.202890856994833,Inf,-0.251002892087758,0.544314652916921,0.722831391156852,0.469783478945975,"OPC3","Capillaries",0.433333333333333,0.635589412691613
"AD_overall_vs_Control",0.616864934227352,0.226639064135485,Inf,0.172660531031938,1.06106933742277,2.72179439400875,0.00649285248327074,"OPC3","Capillaries",0.433333333333333,0.0110618968233502
"Disease_effect",0.342819560365321,0.232660719669584,Inf,-0.113187070804233,0.798826191534875,1.47347416810272,0.140623224241948,"Pericytes","Capillaries",0.433333333333333,0.16171670787824
"Amyloid_effect",0.523497932604302,0.188116380189321,Inf,0.154796602531188,0.892199262677416,2.78284077164068,0.00538852443472307,"Pericytes","Capillaries",0.433333333333333,0.0309840154996576
"AD_overall_vs_Control",0.569668664493852,0.210919299513841,Inf,0.156274433802308,0.983062895185396,2.70088448902928,0.00691553519772169,"Pericytes","Capillaries",0.433333333333333,0.0113612363962571
"Disease_effect",0.503316278190622,0.213731702732526,Inf,0.0844098384804506,0.922222717900793,2.3548976205018,0.0185278095876192,"SMC","Capillaries",0.433333333333333,0.0448568021594992
"Amyloid_effect",0.64527273720693,0.159846031163868,Inf,0.331980273054081,0.958565201359779,4.03683927907738,5.41761561076004e-05,"SMC","Capillaries",0.433333333333333,0.00249210318094962
"AD_overall_vs_Control",0.782934464313625,0.195156574966816,Inf,0.400434606032474,1.16543432259478,4.01182724408211,6.02505850394176e-05,"SMC","Capillaries",0.433333333333333,0.000475096359711712
"Disease_effect",0.395798224598004,0.260260073096648,Inf,-0.114302145285187,0.905898594481195,1.52077965662841,0.128315141186136,"VLMC1","Capillaries",0.433333333333333,0.151346063963135
"Amyloid_effect",0.721819690854863,0.204049749762844,Inf,0.321889530265277,1.12174985144445,3.53746913041449,0.000403981406732108,"VLMC1","Capillaries",0.433333333333333,0.00511283741664829
"AD_overall_vs_Control",0.708586757301778,0.235708649550788,Inf,0.24660629333766,1.1705672212659,3.00619751821665,0.00264537100895467,"VLMC1","Capillaries",0.433333333333333,0.00638377636059444
"Disease_effect",0.475716271480065,0.250253489566637,Inf,-0.0147715550760141,0.966204098036145,1.90093761451183,0.0573101845047312,"VLMC2","Capillaries",0.433333333333333,0.0932590242448481
"Amyloid_effect",0.290279117712241,0.206312346240907,Inf,-0.114085650485894,0.694643885910376,1.40698859278779,0.159430771352734,"VLMC2","Capillaries",0.433333333333333,0.33335524919208
"AD_overall_vs_Control",0.60150388915537,0.229768082204606,Inf,0.151166723237504,1.05184105507324,2.6178740031426,0.00884794684688739,"VLMC2","Capillaries",0.433333333333333,0.0140346743088559
"Disease_effect",0.848753502724336,0.28445547250875,Inf,0.291231021401863,1.40627598404681,2.98378335012777,0.00284708285315782,"Astrocytes1","Parenchyma",0.533333333333333,0.00407520973064216
"Amyloid_effect",0.0464747793843681,0.1864807040325,Inf,-0.319020684331005,0.411970243099741,0.249220312769027,0.803190367728526,"Astrocytes1","Parenchyma",0.533333333333333,0.869944314300016
"AD_overall_vs_Control",0.873540051729333,0.267234887597656,Inf,0.349769296625317,1.39731080683335,3.26880992067367,0.00108000827927665,"Astrocytes1","Parenchyma",0.533333333333333,0.00160259293053954
"Disease_effect",0.66333277850175,0.286214734821089,Inf,0.102362206407734,1.22430335059577,2.31760527254614,0.0204707833963657,"Astrocytes2","Parenchyma",0.533333333333333,0.0241450265700723
"Amyloid_effect",0.320770498863123,0.193550747475287,Inf,-0.0585819953692457,0.700122993095491,1.65729403294648,0.0974600431196166,"Astrocytes2","Parenchyma",0.533333333333333,0.280197623968898
"AD_overall_vs_Control",0.834410377895415,0.265822874859517,Inf,0.313407116903864,1.35541363888697,3.13897131063829,0.00169542045968221,"Astrocytes2","Parenchyma",0.533333333333333,0.00236331336804187
"Disease_effect",1.03320755761028,0.216443670921122,Inf,0.608985757923238,1.45742935729731,4.77356327035687,1.80994651959325e-06,"Astrocytes3","Parenchyma",0.533333333333333,1.04071924876612e-05
"Amyloid_effect",-0.454391163664309,0.133660290768009,Inf,-0.716360519732759,-0.19242180759586,-3.39959730039032,0.000674851639399337,"Astrocytes3","Parenchyma",0.533333333333333,0.00692476691928228
"AD_overall_vs_Control",0.790865603655978,0.207633810838321,Inf,0.383910812440065,1.19782039487189,3.80894421993633,0.000139561434533558,"Astrocytes3","Parenchyma",0.533333333333333,0.00027332957581325
"Disease_effect",0.708178045475741,0.237989672583209,Inf,0.241726858520172,1.17462923243131,2.97566712785883,0.00292352002415633,"Astrocytes4","Parenchyma",0.533333333333333,0.00407520973064216
"Amyloid_effect",0.153920272184802,0.150618334878368,Inf,-0.141286239588193,0.449126783957796,1.021922545546,0.306817560778259,"Astrocytes4","Parenchyma",0.533333333333333,0.554204214261548
"AD_overall_vs_Control",0.790268857307635,0.222942802956851,Inf,0.353308992899798,1.22722872171547,3.54471571553977,0.000393036745908259,"Astrocytes4","Parenchyma",0.533333333333333,0.000623437596957928
"Disease_effect",0.94096221187003,0.275282540674567,Inf,0.401418346575196,1.48050607716486,3.41816887320295,0.000630439774372411,"Astrocytes5","Parenchyma",0.533333333333333,0.000966674320704364
"Amyloid_effect",-0.478769660908221,0.20359956688934,Inf,-0.87781747927928,-0.0797218425371612,-2.35152593015309,0.018696586441584,"Astrocytes5","Parenchyma",0.533333333333333,0.0860042976312866
"AD_overall_vs_Control",0.685618392718979,0.263522229487004,Inf,0.169124313798751,1.20211247163921,2.60174784515775,0.00927500194248904,"Astrocytes5","Parenchyma",0.533333333333333,0.0115310834960675
"Disease_effect",0.578589153211625,0.2333634535299,Inf,0.121205188985134,1.03597311743812,2.47934774901457,0.0131622909627985,"Endothelial","Parenchyma",0.533333333333333,0.0168184828969092
"Amyloid_effect",0.10021703865599,0.154010112860274,Inf,-0.201637235805097,0.402071313117077,0.650717260021178,0.51522901931363,"Endothelial","Parenchyma",0.533333333333333,0.671089665373926
"AD_overall_vs_Control",0.63203824049482,0.2258884931876,Inf,0.189304929325102,1.07477155166454,2.79800990115027,0.00514185364288435,"Endothelial","Parenchyma",0.533333333333333,0.00675786478779086
"Disease_effect",0.574401444329888,0.279903645322229,Inf,0.0258003803568473,1.12300250830293,2.05213992003795,0.0401560662987435,"ExNeuron1","Parenchyma",0.533333333333333,0.0450531475546878
"Amyloid_effect",0.284377764083646,0.193329624368,Inf,-0.0945413368222919,0.663296864989584,1.47094768850498,0.141305264440679,"ExNeuron1","Parenchyma",0.533333333333333,0.342107482330064
"AD_overall_vs_Control",0.7260695851745,0.259398351797962,Inf,0.217658158001443,1.23448101234756,2.79905242320126,0.00512528157319611,"ExNeuron1","Parenchyma",0.533333333333333,0.00675786478779086
"Disease_effect",0.847081434937409,0.201235814697172,Inf,0.452666485731376,1.24149638414344,4.20939700128496,2.56053134412724e-05,"ExNeuron10","Parenchyma",0.533333333333333,7.96453314556601e-05
"Amyloid_effect",-0.292117485839527,0.14391649884899,Inf,-0.574188640364647,-0.0100463313144069,-2.02977065295372,0.0423798573362401,"ExNeuron10","Parenchyma",0.533333333333333,0.162456119788921
"AD_overall_vs_Control",0.691285442489661,0.190307049933559,Inf,0.31829047861582,1.0642804063635,3.63247416599126,0.000280716687373955,"ExNeuron10","Parenchyma",0.533333333333333,0.000461177414971498
"Disease_effect",0.683931246042613,0.181299473295797,Inf,0.328590807966769,1.03927168411846,3.77238407596889,0.000161695097947811,"ExNeuron11","Parenchyma",0.533333333333333,0.000315280475533539
"Amyloid_effect",0.108506555739299,0.120402889524241,Inf,-0.127478771362768,0.344491882841366,0.90119561223199,0.36748432349242,"ExNeuron11","Parenchyma",0.533333333333333,0.603724245737548
"AD_overall_vs_Control",0.741801409103572,0.168598442535094,Inf,0.411354533885242,1.0722482843219,4.39981175359413,1.08344823666418e-05,"ExNeuron11","Parenchyma",0.533333333333333,4.15321824054603e-05
"Disease_effect",0.722169223696994,0.192283131237937,Inf,0.345301211636049,1.09903723575794,3.75575963969174,0.000172816493282652,"ExNeuron12","Parenchyma",0.533333333333333,0.000315280475533539
"Amyloid_effect",0.0691746165397495,0.116195625134643,Inf,-0.158564623885268,0.296913856964767,0.595328924471921,0.551623625175816,"ExNeuron12","Parenchyma",0.533333333333333,0.671089665373926
"AD_overall_vs_Control",0.759062352518194,0.180891681389904,Inf,0.404521171891088,1.1136035331453,4.1962258666946,2.71399599369813e-05,"ExNeuron12","Parenchyma",0.533333333333333,7.80273848188213e-05
"Disease_effect",0.849338810445626,0.190765286358441,Inf,0.475445719682612,1.22323190120864,4.4522713050096,8.49667148630622e-06,"ExNeuron13","Parenchyma",0.533333333333333,3.90846888370086e-05
"Amyloid_effect",-0.0883201271170478,0.124455728075803,Inf,-0.332248871815333,0.155608617581237,-0.709650961691806,0.477920608831806,"ExNeuron13","Parenchyma",0.533333333333333,0.671089665373926
"AD_overall_vs_Control",0.802234742649868,0.180408829954829,Inf,0.448639933445392,1.15582955185434,4.44675985566079,8.71751981622046e-06,"ExNeuron13","Parenchyma",0.533333333333333,3.76461303386735e-05
"Disease_effect",0.795373715003938,0.200082602372463,Inf,0.403219020420862,1.18752840958701,3.97522675921274,7.0312229536644e-05,"ExNeuron14","Parenchyma",0.533333333333333,0.000179686808815868
"Amyloid_effect",0.0260530859822066,0.122902031549506,Inf,-0.214830469481631,0.266936641446044,0.211982549464303,0.832120648460885,"ExNeuron14","Parenchyma",0.533333333333333,0.869944314300016
"AD_overall_vs_Control",0.809268694194448,0.188664138407971,Inf,0.439493777740545,1.17904361064835,4.28946752161489,1.79102001044919e-05,"ExNeuron14","Parenchyma",0.533333333333333,6.33745542158943e-05
"Disease_effect",0.804901333055923,0.201403220308102,Inf,0.410158274881657,1.19964439123019,3.99646704667682,6.42948268929765e-05,"ExNeuron2","Parenchyma",0.533333333333333,0.000173974237475113
"Amyloid_effect",-0.146110642424781,0.13723544716312,Inf,-0.415087176266745,0.122865891417183,-1.06467130355259,0.287024700400468,"ExNeuron2","Parenchyma",0.533333333333333,0.550130675767563
"AD_overall_vs_Control",0.72697565709604,0.188997079990959,Inf,0.356548187130525,1.09740312706156,3.8464914755869,0.000119821297540593,"ExNeuron2","Parenchyma",0.533333333333333,0.000260084593437855
"Disease_effect",0.360290192121618,0.310916160648805,Inf,-0.24909428496151,0.969674669204745,1.15880175340446,0.246537002641549,"ExNeuron3","Parenchyma",0.533333333333333,0.253465259387909
"Amyloid_effect",0.427089327987062,0.231784484047721,Inf,-0.02719991292167,0.881378568895794,1.8426139684964,0.0653853929854361,"ExNeuron3","Parenchyma",0.533333333333333,0.200515205155337
"AD_overall_vs_Control",0.588071167048051,0.28824753976357,Inf,0.023116370479176,1.15302596361693,2.04016023009392,0.0413343693947,"ExNeuron3","Parenchyma",0.533333333333333,0.0442181626082837
"Disease_effect",0.34765272478471,0.300911946948767,Inf,-0.2421238537527,0.93742930332212,1.15533041579071,0.24795514505339,"ExNeuron4","Parenchyma",0.533333333333333,0.253465259387909
"Amyloid_effect",0.340030700422708,0.219626647653068,Inf,-0.0904296190225738,0.77049101986799,1.54822151162565,0.121568973910761,"ExNeuron4","Parenchyma",0.533333333333333,0.328476121779443
"AD_overall_vs_Control",0.529002431676821,0.27695520299506,Inf,-0.0138197915244762,1.07182465487812,1.91006497063807,0.0561248485227134,"ExNeuron4","Parenchyma",0.533333333333333,0.0586759780010186
"Disease_effect",0.805057290274559,0.185648387052665,Inf,0.441193137863382,1.16892144268573,4.33646261653853,1.4479403925917e-05,"ExNeuron5","Parenchyma",0.533333333333333,5.55043817160152e-05
"Amyloid_effect",0.0148531691391967,0.120945806564816,Inf,-0.222196255808991,0.251902594087385,0.122808467371183,0.902258769027612,"ExNeuron5","Parenchyma",0.533333333333333,0.909625636569955
"AD_overall_vs_Control",0.81297898048213,0.173956562710191,Inf,0.472030382695773,1.15392757826849,4.67345967186385,2.96167881966508e-06,"ExNeuron5","Parenchyma",0.533333333333333,1.94624608149419e-05
"Disease_effect",0.712141606542832,0.295394774294411,Inf,0.133178487704448,1.29110472538122,2.41081315078736,0.0159170005394028,"ExNeuron6","Parenchyma",0.533333333333333,0.0197887033733116
"Amyloid_effect",0.338833430307826,0.181487280207457,Inf,-0.0168751025509191,0.694541963166572,1.86698169657128,0.0619041439182886,"ExNeuron6","Parenchyma",0.533333333333333,0.200515205155337
"AD_overall_vs_Control",0.892852769373672,0.281818673779966,Inf,0.340498318594096,1.44520722015325,3.16818171556218,0.00153395609394007,"ExNeuron6","Parenchyma",0.533333333333333,0.00220506188503886
"Disease_effect",0.527066668519642,0.25830965238747,Inf,0.0207890529811396,1.03334428405814,2.04044511557404,0.0413060122664755,"ExNeuron7","Parenchyma",0.533333333333333,0.0452399181966161
"Amyloid_effect",0.153613413071622,0.179177643438848,Inf,-0.197568314903278,0.504795141046523,0.857324664636802,0.391265481065143,"ExNeuron7","Parenchyma",0.533333333333333,0.620628004448159
"AD_overall_vs_Control",0.60899382215784,0.239116049869768,Inf,0.140334976287612,1.07765266802807,2.54685464438511,0.0108698699258633,"ExNeuron7","Parenchyma",0.533333333333333,0.012820872220249
"Disease_effect",0.607094284258143,0.217716914328813,Inf,0.180376973348476,1.03381159516781,2.7884571399963,0.00529597545514684,"ExNeuron8","Parenchyma",0.533333333333333,0.00716514326284573
"Amyloid_effect",0.13220061497398,0.131094879568881,Inf,-0.124740627538641,0.389141857486602,1.00843461932866,0.313245860234788,"ExNeuron8","Parenchyma",0.533333333333333,0.554204214261548
"AD_overall_vs_Control",0.677601278910932,0.204759067715116,Inf,0.276280880681306,1.07892167714056,3.30926139912732,0.000935424581737008,"ExNeuron8","Parenchyma",0.533333333333333,0.00143431769199674
"Disease_effect",0.505647301438756,0.271032856554725,Inf,-0.0255673360355149,1.03686193891303,1.86563100823409,0.0620930082161592,"ExNeuron9","Parenchyma",0.533333333333333,0.0664250785568214
"Amyloid_effect",0.0964272106577461,0.19005583145048,Inf,-0.27607537403701,0.468929795352502,0.507362546688658,0.611900459868321,"ExNeuron9","Parenchyma",0.533333333333333,0.703685528848569
"AD_overall_vs_Control",0.557075147122887,0.248191194018123,Inf,0.0706293455673724,1.0435209486784,2.24454034046916,0.024797656407577,"ExNeuron9","Parenchyma",0.533333333333333,0.0271593379702034
"Disease_effect",-0.757344985268471,0.135821651212063,Inf,-1.02355052996488,-0.491139440572068,-5.5760254606683,2.46075926732658e-08,"Fibroblast","Parenchyma",0.533333333333333,3.77316420990075e-07
"Amyloid_effect",0.150181334838507,0.0988094994045317,Inf,-0.0434817253248074,0.343844395001821,1.51990786051507,0.128534134609347,"Fibroblast","Parenchyma",0.533333333333333,0.328476121779443
"AD_overall_vs_Control",-0.677248273354601,0.125846816440256,Inf,-0.923903501146527,-0.430593045562676,-5.38152885000562,7.38558637212942e-08,"Fibroblast","Parenchyma",0.533333333333333,1.69868486558977e-06
"Disease_effect",0.676461722919695,0.196533037374382,Inf,0.291264047893641,1.06165939794575,3.44197460110017,0.000577484468727897,"InhNeuron1","Parenchyma",0.533333333333333,0.0009160098469477
"Amyloid_effect",0.177526701887213,0.126861594290421,Inf,-0.0711174539433448,0.426170857717771,1.39937309538145,0.161701130540827,"InhNeuron1","Parenchyma",0.533333333333333,0.371912600243902
"AD_overall_vs_Control",0.771142630592875,0.180939450417815,Inf,0.416507824391486,1.12577743679426,4.26188224188918,2.02712259653163e-05,"InhNeuron1","Parenchyma",0.533333333333333,6.66054567431822e-05
"Disease_effect",0.816630519302007,0.194826752222619,Inf,0.434777101720766,1.19848393688325,4.19157282039422,2.77027239845774e-05,"InhNeuron2","Parenchyma",0.533333333333333,7.96453314556601e-05
"Amyloid_effect",0.0132057978587247,0.116339617380458,Inf,-0.214815662182143,0.241227257899593,0.113510755459497,0.909625636569955,"InhNeuron2","Parenchyma",0.533333333333333,0.909625636569955
"AD_overall_vs_Control",0.823673611493327,0.185518517493076,Inf,0.460063998741633,1.18728322424502,4.43984580420155,9.00233551576975e-06,"InhNeuron2","Parenchyma",0.533333333333333,3.76461303386735e-05
"Disease_effect",0.767601973675979,0.203575995165893,Inf,0.36860035503393,1.16660359231803,3.77059177851724,0.000162860893105636,"InhNeuron3","Parenchyma",0.533333333333333,0.000315280475533539
"Amyloid_effect",-0.0786614659606023,0.126245895262206,Inf,-0.326098873870542,0.168775941949338,-0.623081374623915,0.533231048550041,"InhNeuron3","Parenchyma",0.533333333333333,0.671089665373926
"AD_overall_vs_Control",0.725649191830325,0.190779431251502,Inf,0.351728377586346,1.0995700060743,3.80360286782547,0.000142606735206913,"InhNeuron3","Parenchyma",0.533333333333333,0.00027332957581325
"Disease_effect",0.815212199067444,0.214171373040329,Inf,0.395444021388907,1.23498037674598,3.8063546378532,0.000141030119053957,"InhNeuron4","Parenchyma",0.533333333333333,0.000308923117927716
"Amyloid_effect",0.0821450121164217,0.122521650983327,Inf,-0.157993011137285,0.322283035370128,0.670453029788183,0.502569039188345,"InhNeuron4","Parenchyma",0.533333333333333,0.671089665373926
"AD_overall_vs_Control",0.859022872196203,0.202391941983679,Inf,0.462341955147073,1.25570378924533,4.24435312876971,2.19224895194086e-05,"InhNeuron4","Parenchyma",0.533333333333333,6.72289678595197e-05
"Disease_effect",0.773385366662068,0.165741122144934,Inf,0.448538736500744,1.09823199682339,4.66622499385381,3.06783768805964e-06,"InhNeuron5","Parenchyma",0.533333333333333,1.56800592945271e-05
"Amyloid_effect",0.0630762767262508,0.106689787143876,Inf,-0.14603186359399,0.272184417046491,0.591211946474219,0.554378419221939,"InhNeuron5","Parenchyma",0.533333333333333,0.671089665373926
"AD_overall_vs_Control",0.807026047582735,0.155170693185862,Inf,0.50289707748233,1.11115501768314,5.20089219821996,1.98334120888001e-07,"InhNeuron5","Parenchyma",0.533333333333333,3.04112318694934e-06
"Disease_effect",1.18071301067584,0.246169439592522,Inf,0.698229774980093,1.6631962463716,4.79634276549619,1.61588685500209e-06,"Microglia1","Parenchyma",0.533333333333333,1.04071924876612e-05
"Amyloid_effect",-0.18124958950712,0.138759266456355,Inf,-0.453212754282772,0.0907135752685316,-1.30621611180202,0.191479075210255,"Microglia1","Parenchyma",0.533333333333333,0.400365339075989
"AD_overall_vs_Control",1.08404656293871,0.230389970783214,Inf,0.632490517804379,1.53560260807305,4.70526802557195,2.53532644086114e-06,"Microglia1","Parenchyma",0.533333333333333,1.94624608149419e-05
"Disease_effect",0.544053202332051,0.236932144501801,Inf,0.0796747323286813,1.00843167233542,2.2962405691133,0.0216621300961106,"Microglia2","Parenchyma",0.533333333333333,0.0249114496105272
"Amyloid_effect",0.0542684969618999,0.155396948118576,Inf,-0.250303924657947,0.358840918581747,0.349224985554352,0.726920409862056,"Microglia2","Parenchyma",0.533333333333333,0.815569240333038
"AD_overall_vs_Control",0.572996400711731,0.221333410834151,Inf,0.139190886901388,1.00680191452207,2.58883825334932,0.00963003160204238,"Microglia2","Parenchyma",0.533333333333333,0.0116574066761566
"Disease_effect",0.622458635894828,0.204937594625768,Inf,0.220788331350052,1.0241289404396,3.03730819633891,0.00238701261667496,"Microglia3","Parenchyma",0.533333333333333,0.00354201872151768
"Amyloid_effect",0.303613940884774,0.115748898667562,Inf,0.0767502682461765,0.530477613523371,2.62303956564436,0.00871491513000073,"Microglia3","Parenchyma",0.533333333333333,0.0501107619975042
"AD_overall_vs_Control",0.784386071033374,0.1935866119861,Inf,0.404963283651488,1.16380885841526,4.05186114362957,5.08118195943759e-05,"Microglia3","Parenchyma",0.533333333333333,0.000123018089544278
"Disease_effect",1.17108965037049,0.219091143677311,Inf,0.741678899431271,1.60050040130971,5.34521674730647,9.03089208571795e-08,"Microglia4","Parenchyma",0.533333333333333,1.03855258985756e-06
"Amyloid_effect",-0.589620870250053,0.142289492264246,Inf,-0.868503150466466,-0.31073859003364,-4.14381175213604,3.41580174116685e-05,"Microglia4","Parenchyma",0.533333333333333,0.000785634400468375
"AD_overall_vs_Control",0.856625186237129,0.206575403917031,Inf,0.451744834467933,1.26150553800632,4.14679177672663,3.37166430593434e-05,"Microglia4","Parenchyma",0.533333333333333,9.12332694546939e-05
"Disease_effect",0.999373080739126,0.268529785661116,Inf,0.473064372067079,1.52568178941117,3.7216470354627,0.000197927560580001,"Microglia5","Parenchyma",0.533333333333333,0.000337209918025187
"Amyloid_effect",-0.10617794436276,0.163812310141008,Inf,-0.427244172463441,0.21488828373792,-0.648168286445404,0.516876111285672,"Microglia5","Parenchyma",0.533333333333333,0.671089665373926
"AD_overall_vs_Control",0.942744843745654,0.250754667756122,Inf,0.451274725988348,1.43421496150296,3.75963028796953,0.000170164640914492,"Microglia5","Parenchyma",0.533333333333333,0.000304870299452424
"Disease_effect",0.99540293133819,0.265577613388576,Inf,0.474880373996478,1.5159254886799,3.74806791369791,0.000178202007910261,"Oligodendrocytes1","Parenchyma",0.533333333333333,0.000315280475533539
"Amyloid_effect",-0.789879268042676,0.202315580163267,Inf,-1.18641051867401,-0.393348017411347,-3.90419396966487,9.45399363074257e-05,"Oligodendrocytes1","Parenchyma",0.533333333333333,0.00144961235671386
"AD_overall_vs_Control",0.574133988382096,0.247358782905895,Inf,0.0893196826268801,1.05894829413731,2.32105762179675,0.0202837341630907,"Oligodendrocytes1","Parenchyma",0.533333333333333,0.0227573602805408
"Disease_effect",-0.252564317374872,0.296423389882975,Inf,-0.833543485720776,0.328414850971033,-0.8520390967615,0.394192392762549,"Oligodendrocytes2","Parenchyma",0.533333333333333,0.394192392762549
"Amyloid_effect",-0.349515824670424,0.260029468642714,Inf,-0.85916421812923,0.160132568788383,-1.34413928734618,0.178903349825946,"Oligodendrocytes2","Parenchyma",0.533333333333333,0.391883528190167
"AD_overall_vs_Control",-0.438972757199098,0.279928814976874,Inf,-0.987623152788748,0.109677638390552,-1.56815852357094,0.116844141310758,"Oligodendrocytes2","Parenchyma",0.533333333333333,0.116844141310758
"Disease_effect",0.913394175830964,0.207002069902385,Inf,0.507677574097047,1.31911077756488,4.41248812759066,1.02189399925334e-05,"Oligodendrocytes3","Parenchyma",0.533333333333333,4.2733749059685e-05
"Amyloid_effect",-0.0848778860541609,0.125598956857149,Inf,-0.331047317989972,0.16129154588165,-0.675784960146586,0.499177184932503,"Oligodendrocytes3","Parenchyma",0.533333333333333,0.671089665373926
"AD_overall_vs_Control",0.868125969935411,0.194816758434207,Inf,0.486292139819526,1.2499598000513,4.45611546415599,8.34580936082301e-06,"Oligodendrocytes3","Parenchyma",0.533333333333333,3.76461303386735e-05
"Disease_effect",0.978875068859,0.233460188733935,Inf,0.521301507116563,1.43644863060144,4.19289932972076,2.75411683303441e-05,"Oligodendrocytes4","Parenchyma",0.533333333333333,7.96453314556601e-05
"Amyloid_effect",-0.294250382859432,0.149701973803189,Inf,-0.587660859928241,-0.000839905790622819,-1.96557450368877,0.0493477816686725,"Oligodendrocytes4","Parenchyma",0.533333333333333,0.174615227442995
"AD_overall_vs_Control",0.82194153133397,0.21935854376385,Inf,0.392006685855671,1.25187637681227,3.74702310304736,0.000178945610548162,"Oligodendrocytes4","Parenchyma",0.533333333333333,0.000304870299452424
"Disease_effect",0.6909419231478,0.272579727163959,Inf,0.156695474990686,1.22518837130491,2.53482505957676,0.0112503494117718,"Oligodendrocytes5","Parenchyma",0.533333333333333,0.0147861735126144
"Amyloid_effect",-0.113842139165339,0.212339756991436,Inf,-0.530020415354541,0.302336137023862,-0.53613200268441,0.591867323756887,"Oligodendrocytes5","Parenchyma",0.533333333333333,0.698099920328636
"AD_overall_vs_Control",0.630226115592952,0.250439500534819,Inf,0.139373714238508,1.1210785169474,2.51648048429697,0.0118533464527534,"Oligodendrocytes5","Parenchyma",0.533333333333333,0.0136313484206664
"Disease_effect",0.949633265878596,0.248249626800726,Inf,0.463072938173663,1.43619359358353,3.82531598583583,0.000130604458938281,"Oligodendrocytes6","Parenchyma",0.533333333333333,0.000300390255558047
"Amyloid_effect",-0.590884315281042,0.175355850229782,Inf,-0.934575466209814,-0.24719316435227,-3.3696298954769,0.000752692056443726,"Oligodendrocytes6","Parenchyma",0.533333333333333,0.00692476691928228
"AD_overall_vs_Control",0.634494964395373,0.230008229374134,Inf,0.183687118674244,1.0853028101165,2.75857505673546,0.00580539717639769,"Oligodendrocytes6","Parenchyma",0.533333333333333,0.00741800750317482
"Disease_effect",0.664162539363308,0.282811849313114,Inf,0.109861500308436,1.21846357841818,2.3484254318778,0.0188529737567295,"Oligodendrocytes7","Parenchyma",0.533333333333333,0.0228220208634094
"Amyloid_effect",-0.434315980387248,0.211692786782807,Inf,-0.849226218268467,-0.0194057425060293,-2.05163334560307,0.0402053089713449,"Oligodendrocytes7","Parenchyma",0.533333333333333,0.162456119788921
"AD_overall_vs_Control",0.432527349823442,0.258067656352793,Inf,-0.0732759622026913,0.938330661849575,1.6760230861017,0.093733670711802,"Oligodendrocytes7","Parenchyma",0.533333333333333,0.0958166411720642
"Disease_effect",0.7806271856849,0.184936763212988,Inf,0.418157790370032,1.14309658099977,4.22104925014756,2.43167796411851e-05,"Oligodendrocytes8","Parenchyma",0.533333333333333,7.96453314556601e-05
"Amyloid_effect",-0.11731020653068,0.127756371726628,Inf,-0.367708093910382,0.133087680849021,-0.918233704865225,0.358496526547729,"Oligodendrocytes8","Parenchyma",0.533333333333333,0.603724245737548
"AD_overall_vs_Control",0.71806174220187,0.176047642651767,Inf,0.373014703041229,1.06310878136251,4.07879214618192,4.52702883764231e-05,"Oligodendrocytes8","Parenchyma",0.533333333333333,0.00011569073696197
"Disease_effect",1.016754646016,0.204210698252829,Inf,0.616509032182682,1.41700025984933,4.97894897140589,6.39304940321884e-07,"OPC1","Parenchyma",0.533333333333333,4.90133787580111e-06
"Amyloid_effect",-0.444556292470886,0.139219477071984,Inf,-0.717421453478474,-0.171691131463298,-3.19320472839462,0.00140703152178795,"OPC1","Parenchyma",0.533333333333333,0.0107872416670409
"AD_overall_vs_Control",0.779657956698198,0.194266580649381,Inf,0.398902455225666,1.16041345817073,4.01334060697425,5.98654322843129e-05,"OPC1","Parenchyma",0.533333333333333,0.00013769049425392
"Disease_effect",1.16713066791693,0.152425353887698,Inf,0.868382463966271,1.46587887186759,7.65706385551079,1.90232061239033e-14,"OPC2","Parenchyma",0.533333333333333,8.75067481699554e-13
"Amyloid_effect",-0.441051203547467,0.0948200394337623,Inf,-0.626895065850308,-0.255207341244625,-4.65145560138233,3.29600242188375e-06,"OPC2","Parenchyma",0.533333333333333,0.000151616111406653
"AD_overall_vs_Control",0.931903359358282,0.146807652309576,Inf,0.644165648176635,1.21964107053993,6.34778463314133,2.18437583051784e-10,"OPC2","Parenchyma",0.533333333333333,1.0048128820382e-08
"Disease_effect",1.02374043094138,0.199856331564989,Inf,0.632029218991708,1.41545164289106,5.12238177757447,3.01700254803805e-07,"OPC3","Parenchyma",0.533333333333333,2.775642344195e-06
"Amyloid_effect",-0.332955059943554,0.131982465093711,Inf,-0.591635938118043,-0.0742741817690652,-2.52272193663868,0.0116450441548214,"OPC3","Parenchyma",0.533333333333333,0.0595191145690871
"AD_overall_vs_Control",0.846164398971487,0.189906163535339,Inf,0.473955158000049,1.21837363994293,4.45569739927913,8.36209118863658e-06,"OPC3","Parenchyma",0.533333333333333,3.76461303386735e-05
"Disease_effect",0.695100064506064,0.199421004027175,Inf,0.304242078851985,1.08595805016014,3.48559103840108,0.000491051099988411,"Pericytes","Parenchyma",0.533333333333333,0.000806726807123819
"Amyloid_effect",0.0317015821682846,0.135602022140804,Inf,-0.234073497458495,0.297476661795064,0.233783992803343,0.815152677148617,"Pericytes","Parenchyma",0.533333333333333,0.869944314300016
"AD_overall_vs_Control",0.712007574995816,0.185548512688766,Inf,0.348339172740862,1.07567597725077,3.83731221920447,0.000124388283818104,"Pericytes","Parenchyma",0.533333333333333,0.000260084593437855
"Disease_effect",0.75748268933581,0.192712944136084,Inf,0.379772259474406,1.13519311919721,3.93062693703084,8.47246480796639e-05,"SMC","Parenchyma",0.533333333333333,0.00020512283219287
"Amyloid_effect",0.159208134089706,0.12492033946228,Inf,-0.0856312321928794,0.404047500372292,1.27447727707929,0.202494320645183,"SMC","Parenchyma",0.533333333333333,0.404988641290367
"AD_overall_vs_Control",0.842393694183653,0.179500221422786,Inf,0.490579724978027,1.19420766338928,4.69299529274406,2.69233687931563e-06,"SMC","Parenchyma",0.533333333333333,1.94624608149419e-05
"Disease_effect",0.755318768896176,0.200542794536265,Inf,0.36226211424608,1.14837542354627,3.76637201372791,0.000165636932433339,"VLMC1","Parenchyma",0.533333333333333,0.000315280475533539
"Amyloid_effect",-0.0950273787225534,0.137323509826094,Inf,-0.36417651221233,0.174121754767224,-0.691996431222123,0.48893957016724,"VLMC1","Parenchyma",0.533333333333333,0.671089665373926
"AD_overall_vs_Control",0.704637500244147,0.187587954321585,Inf,0.336971865840296,1.072303134648,3.75630462410276,0.000172440777638676,"VLMC1","Parenchyma",0.533333333333333,0.000304870299452424
"Disease_effect",1.00755727968937,0.174987533947425,Inf,0.664588015408935,1.3505265439698,5.75788032987588,8.51767020262368e-09,"VLMC2","Parenchyma",0.533333333333333,1.95906414660345e-07
"Amyloid_effect",-0.333001950076281,0.114041951275402,Inf,-0.556520067302741,-0.109483832849822,-2.91999519783828,0.00350036779545326,"VLMC2","Parenchyma",0.533333333333333,0.02300241694155
"AD_overall_vs_Control",0.829956239648686,0.166778288741434,Inf,0.503076800312253,1.15683567898512,4.97640457826867,6.47761857863138e-07,"VLMC2","Parenchyma",0.533333333333333,7.44926136542608e-06
