"contrast1","contrast","estimate","SE","df","asymp.LCL","asymp.UCL","z.ratio","p.value","celltype","p_adj"
"Arteries - Capillaries","Disease_effect",-0.724639555898224,0.386729297527231,Inf,-1.63101723787178,0.181738126075329,-1.87376431144889,0.146315601722984,"Astrocytes1",0.999939298369795
"Arteries - Parenchyma","Disease_effect",-0.507247252590224,0.36255932066448,Inf,-1.35697774558097,0.342483240400518,-1.39907381683242,0.341358848712158,"Astrocytes1",0.999939298369795
"Capillaries - Parenchyma","Disease_effect",0.217392303308,0.379686016578933,Inf,-0.672478036966267,1.10726264358227,0.57255809752163,0.834757961668805,"Astrocytes1",0.999939298369795
"Arteries - Capillaries","Amyloid_effect",0.677590979616196,0.32077333367965,Inf,-0.0742056711121302,1.42938763034452,2.11236692228567,0.0873175265323924,"Astrocytes1",0.460220245685711
"Arteries - Parenchyma","Amyloid_effect",0.289984064568498,0.271701106996696,Inf,-0.346801979633321,0.926770108770317,1.06729069959963,0.534441178017847,"Astrocytes1",0.999974772559645
"Capillaries - Parenchyma","Amyloid_effect",-0.387606915047698,0.291727167508711,Inf,-1.07132804904489,0.296114218949494,-1.32866238807232,0.379183740329186,"Astrocytes1",0.934417074382636
"Arteries - Capillaries","Disease_effect",-0.435501838691809,0.390746046008485,Inf,-1.35129357644233,0.480289899058714,-1.11453933607393,0.505054136873025,"Astrocytes2",0.999939298369795
"Arteries - Parenchyma","Disease_effect",-0.25079940759331,0.374219710458585,Inf,-1.12785836299966,0.626259547813044,-0.670192939024964,0.78082802446802,"Astrocytes2",0.999939298369795
"Capillaries - Parenchyma","Disease_effect",0.184702431098499,0.393637433025861,Inf,-0.737865852104502,1.1072707143015,0.469219681875032,0.885743241937139,"Astrocytes2",0.999939298369795
"Arteries - Capillaries","Amyloid_effect",1.01766409184611,0.353628576812748,Inf,0.188864588471078,1.84646359522115,2.87777673687549,0.0111701359672722,"Astrocytes2",0.128456563623631
"Arteries - Parenchyma","Amyloid_effect",0.0408233760933397,0.286864113967965,Inf,-0.631500216461406,0.713146968648086,0.142309107711878,0.988897126899941,"Astrocytes2",0.999974772559645
"Capillaries - Parenchyma","Amyloid_effect",-0.976840715752773,0.329939473405972,Inf,-1.75012005354647,-0.203561377959073,-2.96066640850464,0.00862316108773964,"Astrocytes2",0.118999623010807
"Arteries - Capillaries","Disease_effect",0.336138996150427,0.330099016691017,Inf,-0.437514263334229,1.10979225563508,1.01829747788999,0.565269449475918,"Astrocytes3",0.999939298369795
"Arteries - Parenchyma","Disease_effect",-0.063826929682848,0.294422066134291,Inf,-0.753864099173148,0.626210239807452,-0.216787180800964,0.974424677302989,"Astrocytes3",0.999939298369795
"Capillaries - Parenchyma","Disease_effect",-0.399965925833275,0.322351071381578,Inf,-1.15546032134116,0.355528469674614,-1.24077740495493,0.429094415274575,"Astrocytes3",0.999939298369795
"Arteries - Capillaries","Amyloid_effect",-0.577655149270375,0.259135229835669,Inf,-1.18499053978239,0.0296802412416394,-2.22916486359919,0.0663568432524918,"Astrocytes3",0.399972933104296
"Arteries - Parenchyma","Amyloid_effect",0.0489687397588348,0.215479802110083,Inf,-0.456051399127604,0.553988878645273,0.227254430713733,0.971931411257079,"Astrocytes3",0.999974772559645
"Capillaries - Parenchyma","Amyloid_effect",0.62662388902921,0.243233590082609,Inf,0.0565571809550501,1.19669059710337,2.57622267062863,0.0269927855489063,"Astrocytes3",0.197172876610727
"Arteries - Capillaries","Disease_effect",-0.376839566016056,0.336293588734558,Inf,-1.16501104764096,0.41133191560885,-1.12056720270543,0.501335682962595,"Astrocytes4",0.999939298369795
"Arteries - Parenchyma","Disease_effect",-0.321382527623441,0.314362796370159,Inf,-1.05815479829074,0.415389743043862,-1.02233003184326,0.562721727781442,"Astrocytes4",0.999939298369795
"Capillaries - Parenchyma","Disease_effect",0.0554570383926149,0.329614815177093,Inf,-0.717061397719194,0.827975474504423,0.16824801507426,0.984515387489755,"Astrocytes4",0.999939298369795
"Arteries - Capillaries","Amyloid_effect",0.24474662624676,0.270414170554818,Inf,-0.389023224259636,0.878516476753156,0.905080624083439,0.637080837811081,"Astrocytes4",0.999974772559645
"Arteries - Parenchyma","Amyloid_effect",0.131801731967231,0.230037395278016,Inf,-0.407337046585332,0.670940510519794,0.572957852387173,0.834547529289392,"Astrocytes4",0.999974772559645
"Capillaries - Parenchyma","Amyloid_effect",-0.112944894279529,0.247438031745317,Inf,-0.692865554750376,0.466975766191319,-0.456457293500382,0.89152595909065,"Astrocytes4",0.999974772559645
"Arteries - Capillaries","Disease_effect",0.144852608417253,0.417345623447272,Inf,-0.833280574614504,1.12298579144901,0.347080693504754,0.93575746319964,"Astrocytes5",0.999939298369795
"Arteries - Parenchyma","Disease_effect",-0.310980274946234,0.372954984153033,Inf,-1.18507509056673,0.563114540674263,-0.833827909961999,0.681974150051781,"Astrocytes5",0.999939298369795
"Capillaries - Parenchyma","Disease_effect",-0.455832883363487,0.415615265342261,Inf,-1.42991062508725,0.518244858360276,-1.09676646017346,0.516060578080628,"Astrocytes5",0.999939298369795
"Arteries - Capillaries","Amyloid_effect",-0.152437635430325,0.365724185100182,Inf,-1.00958562305965,0.704710352199004,-0.416810376892543,0.908693187996372,"Astrocytes5",0.999974772559645
"Arteries - Parenchyma","Amyloid_effect",0.434419140755658,0.301447673488411,Inf,-0.272083948820865,1.14092223033218,1.44110961523927,0.319785726332539,"Astrocytes5",0.863350848488663
"Capillaries - Parenchyma","Amyloid_effect",0.586856776185983,0.35309904723365,Inf,-0.240701668403208,1.41441522077517,1.66201744463404,0.219949575914917,"Astrocytes5",0.705884685494386
"Arteries - Capillaries","Disease_effect",0.240696982338374,0.397688088036345,Inf,-0.691364823394085,1.17275878807083,0.605240613383363,0.817254220550625,"Endothelial",0.999939298369795
"Arteries - Parenchyma","Disease_effect",0.105330632736509,0.361954059236481,Inf,-0.742981308689597,0.953642574162615,0.291005529703678,0.95439226805958,"Endothelial",0.999939298369795
"Capillaries - Parenchyma","Disease_effect",-0.135366349601865,0.42829980684106,Inf,-1.13917285869363,0.868440159489902,-0.316055126431796,0.94642732279568,"Endothelial",0.999939298369795
"Arteries - Capillaries","Amyloid_effect",-0.058045739042564,0.35578567417846,Inf,-0.891900832781781,0.775809354696653,-0.163148050231636,0.985433085387102,"Endothelial",0.999974772559645
"Arteries - Parenchyma","Amyloid_effect",0.0556938849554671,0.28720096939158,Inf,-0.617419195853644,0.728806965764579,0.193919557700141,0.97948244601657,"Endothelial",0.999974772559645
"Capillaries - Parenchyma","Amyloid_effect",0.113739623998031,0.374914200702835,Inf,-0.764947008602066,0.992426256598128,0.303375075643463,0.950532914947585,"Endothelial",0.999974772559645
"Arteries - Capillaries","Disease_effect",-0.519811963301797,0.399178103018036,Inf,-1.45536591802283,0.415741991419236,-1.30220560539692,0.393910706184992,"ExNeuron1",0.999939298369795
"Arteries - Parenchyma","Disease_effect",-0.305712430034775,0.367248157258858,Inf,-1.16643215210834,0.555007292038789,-0.832441018401873,0.682841077491864,"ExNeuron1",0.999939298369795
"Capillaries - Parenchyma","Disease_effect",0.214099533267022,0.396411369910918,Inf,-0.71497002744429,1.14316909397833,0.540094330077199,0.851526298059132,"ExNeuron1",0.999939298369795
"Arteries - Capillaries","Amyloid_effect",0.380072532042958,0.35208061898697,Inf,-0.445099021665753,1.20524408575167,1.079504271313,0.526807226361594,"ExNeuron1",0.999974772559645
"Arteries - Parenchyma","Amyloid_effect",-0.132503432118805,0.290704523622393,Inf,-0.81382779503842,0.54882093080081,-0.455801067240766,0.891819999634867,"ExNeuron1",0.999974772559645
"Capillaries - Parenchyma","Amyloid_effect",-0.512575964161763,0.327448229691802,Inf,-1.28001657259795,0.254864644274429,-1.56536489644242,0.260753784501681,"ExNeuron1",0.782261353505042
"Arteries - Capillaries","Disease_effect",0.625240001736898,0.318067023001648,Inf,-0.120213867064348,1.37069387053814,1.96574921799944,0.120767714738764,"ExNeuron10",0.999939298369795
"Arteries - Parenchyma","Disease_effect",0.163559282005474,0.285239920128683,Inf,-0.504957686493281,0.83207625050423,0.573409507097345,0.834309664319156,"ExNeuron10",0.999939298369795
"Capillaries - Parenchyma","Disease_effect",-0.461680719731423,0.316360943822719,Inf,-1.20313604975801,0.279774610295159,-1.45934802871918,0.310671142023927,"ExNeuron10",0.999939298369795
"Arteries - Capillaries","Amyloid_effect",-0.742878772226015,0.235532250055517,Inf,-1.29489584515105,-0.190861699300985,-3.15404269288351,0.00458889098315307,"ExNeuron10",0.118999623010807
"Arteries - Parenchyma","Amyloid_effect",0.258705096244606,0.197568550389189,Inf,-0.20433643145351,0.721746623942722,1.3094447255648,0.389854464203071,"ExNeuron10",0.943858176491646
"Capillaries - Parenchyma","Amyloid_effect",1.00158386847062,0.236495823149392,Inf,0.447308468718989,1.55585926822225,4.23510172455743,6.7803915830611e-05,"ExNeuron10",0.00801634047066169
"Arteries - Capillaries","Disease_effect",0.160046424007837,0.291988606709249,Inf,-0.524287445197358,0.844380293213032,0.548125578636721,0.847438182734631,"ExNeuron11",0.999939298369795
"Arteries - Parenchyma","Disease_effect",-0.0109354793365037,0.268295983982324,Inf,-0.639740934727661,0.617869976054654,-0.0407590123944015,0.999084501450006,"ExNeuron11",0.999939298369795
"Capillaries - Parenchyma","Disease_effect",-0.170981903344341,0.29072863707581,Inf,-0.852362780978906,0.510398974290224,-0.588115106458384,0.826500708176457,"ExNeuron11",0.999939298369795
"Arteries - Capillaries","Amyloid_effect",-0.263049408474707,0.217518814621245,Inf,-0.772848382182296,0.246749565232883,-1.20931795685234,0.447604799126531,"ExNeuron11",0.999974772559645
"Arteries - Parenchyma","Amyloid_effect",0.139645677683986,0.18549414686252,Inf,-0.295097063370107,0.57438841873808,0.752830642076731,0.731911097087917,"ExNeuron11",0.999974772559645
"Capillaries - Parenchyma","Amyloid_effect",0.402695086158693,0.213016378269644,Inf,-0.096551524824658,0.901941697142044,1.890441896674,0.141406355328773,"ExNeuron11",0.573943442216784
"Arteries - Capillaries","Disease_effect",-0.242933755506539,0.272048113793432,Inf,-0.880533079741875,0.394665568728797,-0.892980848567839,0.64474248028494,"ExNeuron12",0.999939298369795
"Arteries - Parenchyma","Disease_effect",-0.177720424173664,0.253411432040268,Inf,-0.771640946427562,0.416200098080235,-0.70131178669723,0.762704589643413,"ExNeuron12",0.999939298369795
"Capillaries - Parenchyma","Disease_effect",0.0652133313328755,0.26626754603901,Inf,-0.558838072858012,0.689264735523763,0.244916559689634,0.967473939734727,"ExNeuron12",0.999939298369795
"Arteries - Capillaries","Amyloid_effect",0.0414520765813129,0.200719461741662,Inf,-0.428974243906022,0.511878397068648,0.206517475792478,0.976762482276085,"ExNeuron12",0.999974772559645
"Arteries - Parenchyma","Amyloid_effect",0.198116251933132,0.178745714565235,Inf,-0.220810184378398,0.617042688244662,1.10836924071166,0.508868097972827,"ExNeuron12",0.999974772559645
"Capillaries - Parenchyma","Amyloid_effect",0.156664175351819,0.188941059541815,Inf,-0.286157096975186,0.599485447678824,0.829169560770605,0.684884685264237,"ExNeuron12",0.999974772559645
"Arteries - Capillaries","Disease_effect",0.0172159399422042,0.285004034151082,Inf,-0.650748182452169,0.685180062336577,0.0604059517735737,0.997990305224676,"ExNeuron13",0.999939298369795
"Arteries - Parenchyma","Disease_effect",-0.184342530175677,0.260107486490843,Inf,-0.793956599182013,0.425271538830659,-0.708716741154496,0.758335754070074,"ExNeuron13",0.999939298369795
"Capillaries - Parenchyma","Disease_effect",-0.201558470117881,0.278316189773118,Inf,-0.853848287711823,0.45073134747606,-0.724206774611964,0.749132012323798,"ExNeuron13",0.999939298369795
"Arteries - Capillaries","Amyloid_effect",-0.190265483924171,0.210705852367108,Inf,-0.684096913991383,0.303565946143041,-0.902990979067234,0.638404766315446,"ExNeuron13",0.999974772559645
"Arteries - Parenchyma","Amyloid_effect",0.296606551405207,0.181347491938767,Inf,-0.12841767206626,0.721630774876673,1.63557018756762,0.23066282821331,"ExNeuron13",0.723442506669017
"Capillaries - Parenchyma","Amyloid_effect",0.486872035329377,0.200529441353352,Inf,0.0168910657378381,0.956853004920917,2.42793293614907,0.0402525884718705,"ExNeuron13",0.264517009958006
"Arteries - Capillaries","Disease_effect",-0.118049265103005,0.271814219527662,Inf,-0.755100411210149,0.51900188100414,-0.434301286033311,0.901271277265738,"ExNeuron14",0.999939298369795
"Arteries - Parenchyma","Disease_effect",-0.301845988515666,0.246255276467542,Inf,-0.878994624746648,0.275302647715317,-1.22574424737433,0.437900793580246,"ExNeuron14",0.999939298369795
"Capillaries - Parenchyma","Disease_effect",-0.183796723412661,0.259381945974798,Inf,-0.791710342684996,0.424116895859674,-0.708594897466454,0.75840780625424,"ExNeuron14",0.999939298369795
"Arteries - Capillaries","Amyloid_effect",-0.121228118285168,0.208023424776725,Inf,-0.608772741231796,0.36631650466146,-0.582761861628246,0.829357682301438,"ExNeuron14",0.999974772559645
"Arteries - Parenchyma","Amyloid_effect",0.0936987477597228,0.17433225034136,Inf,-0.314883849855626,0.502281345375072,0.537472255284099,0.852852182274678,"ExNeuron14",0.999974772559645
"Capillaries - Parenchyma","Amyloid_effect",0.214926866044891,0.186338955401549,Inf,-0.22179585327879,0.651649585368572,1.15341886285526,0.481212480658903,"ExNeuron14",0.999974772559645
"Arteries - Capillaries","Disease_effect",0.674231077585823,0.308913105862017,Inf,-0.0497687502336625,1.39823090540531,2.18259136563466,0.0741594763358278,"ExNeuron2",0.999939298369795
"Arteries - Parenchyma","Disease_effect",0.125850383689836,0.280897433065436,Inf,-0.532489095325828,0.7841898627055,0.448029668040858,0.895277331743062,"ExNeuron2",0.999939298369795
"Capillaries - Parenchyma","Disease_effect",-0.548380693895987,0.308517403852234,Inf,-1.27145311468251,0.174691726890537,-1.77747085593471,0.177159398050379,"ExNeuron2",0.999939298369795
"Arteries - Capillaries","Amyloid_effect",-0.698029514464185,0.228846127136248,Inf,-1.23437631717254,-0.161682711755833,-3.05021336038866,0.00646912862852644,"ExNeuron2",0.118999623010807
"Arteries - Parenchyma","Amyloid_effect",0.247127754531372,0.191237762353513,Inf,-0.201076301525646,0.695331810588389,1.29225395387415,0.399518897997732,"ExNeuron2",0.95057944696012
"Capillaries - Parenchyma","Amyloid_effect",0.945157268995557,0.229856534251567,Inf,0.406442374537011,1.4838721634541,4.11194431375672,0.000116178847400894,"ExNeuron2",0.00801634047066169
"Arteries - Capillaries","Disease_effect",-0.509227952210579,0.449513597663857,Inf,-1.56275323532537,0.544297330904209,-1.13284215395721,0.493787739616648,"ExNeuron3",0.999939298369795
"Arteries - Parenchyma","Disease_effect",-0.199328024093781,0.414035344451823,Inf,-1.16970290429778,0.771046856110223,-0.481427556281911,0.88009936587311,"ExNeuron3",0.999939298369795
"Capillaries - Parenchyma","Disease_effect",0.309899928116798,0.452330696391507,Inf,-0.750227790942161,1.37002764717576,0.685118057626958,0.772184886166352,"ExNeuron3",0.999939298369795
"Arteries - Capillaries","Amyloid_effect",0.621113254665967,0.422159068425662,Inf,-0.368301202191478,1.61052771152341,1.47127777447078,0.304791331128017,"ExNeuron3",0.858391912156457
"Arteries - Parenchyma","Amyloid_effect",-0.181760028878235,0.344586101761065,Inf,-0.98936667815855,0.625846620402081,-0.527473476003006,0.857867689011211,"ExNeuron3",0.999974772559645
"Capillaries - Parenchyma","Amyloid_effect",-0.802873283544201,0.404477411551985,Inf,-1.75084723079172,0.145100663703322,-1.98496445194199,0.115891450910619,"ExNeuron3",0.513910376973562
"Arteries - Capillaries","Disease_effect",-0.656357314896981,0.435303221101324,Inf,-1.67657773010785,0.363863100313887,-1.50781635209679,0.287192683459211,"ExNeuron4",0.999939298369795
"Arteries - Parenchyma","Disease_effect",-0.222541645842816,0.401216976310911,Inf,-1.16287410909902,0.717790817413387,-0.554666574403281,0.844078959893039,"ExNeuron4",0.999939298369795
"Capillaries - Parenchyma","Disease_effect",0.433815669054165,0.436048294884842,Inf,-0.588150976021166,1.4557823141295,0.994879865700962,0.580091038261863,"ExNeuron4",0.999939298369795
"Arteries - Capillaries","Amyloid_effect",0.578731420192691,0.403996316137862,Inf,-0.368114983449915,1.5255778238353,1.4325165776888,0.324132080063971,"ExNeuron4",0.863350848488663
"Arteries - Parenchyma","Amyloid_effect",-0.115023041381137,0.332392313088244,Inf,-0.894051100980208,0.664005018217933,-0.346046033112086,0.936127334221394,"ExNeuron4",0.999974772559645
"Capillaries - Parenchyma","Amyloid_effect",-0.693754461573828,0.382671019223365,Inf,-1.59062075430074,0.203111831153085,-1.8129265785055,0.165300124038968,"ExNeuron4",0.616524786956152
"Arteries - Capillaries","Disease_effect",0.363751065388908,0.295486012315933,Inf,-0.328779675392804,1.05628180617062,1.23102634381213,0.43479827050382,"ExNeuron5",0.999939298369795
"Arteries - Parenchyma","Disease_effect",-0.051204698580073,0.271670027070221,Inf,-0.687917900739942,0.585508503579796,-0.188481221621249,0.980605948666775,"ExNeuron5",0.999939298369795
"Capillaries - Parenchyma","Disease_effect",-0.414955763968981,0.294162497901531,Inf,-1.10438458323956,0.2744730553016,-1.41063448580004,0.33534831722547,"ExNeuron5",0.999939298369795
"Arteries - Capillaries","Amyloid_effect",-0.381815036703274,0.219806594208146,Inf,-0.896975880773674,0.133345807367126,-1.737049964669,0.191408466045915,"ExNeuron5",0.636795675297875
"Arteries - Parenchyma","Amyloid_effect",0.292942125144499,0.186351462549931,Inf,-0.143809907190198,0.729694157479196,1.57198726071714,0.257813222374301,"ExNeuron5",0.782261353505042
"Capillaries - Parenchyma","Amyloid_effect",0.674757161847773,0.215438706389344,Inf,0.16983333902619,1.17968098466936,3.13201454444468,0.00494018654871031,"ExNeuron5",0.118999623010807
"Arteries - Capillaries","Disease_effect",-0.296623640099362,0.415679299411213,Inf,-1.27085145850817,0.677604178309448,-0.713587711775672,0.755450843174726,"ExNeuron6",0.999939298369795
"Arteries - Parenchyma","Disease_effect",-0.309204003832458,0.381373494640773,Inf,-1.20302928743233,0.584621279767417,-0.81076427223582,0.696344696404959,"ExNeuron6",0.999939298369795
"Capillaries - Parenchyma","Disease_effect",-0.012580363733096,0.416646090004627,Inf,-0.989074049824069,0.963913322357877,-0.0301943640775706,0.999497480927892,"ExNeuron6",0.999939298369795
"Arteries - Capillaries","Amyloid_effect",0.512033543939017,0.368689841812846,Inf,-0.352065055071298,1.37613214294933,1.3887921116062,0.346752946252746,"ExNeuron6",0.886146418201463
"Arteries - Parenchyma","Amyloid_effect",0.202101037575349,0.300407258071729,Inf,-0.501963629777431,0.90616570492813,0.672756839740182,0.77934995689858,"ExNeuron6",0.999974772559645
"Capillaries - Parenchyma","Amyloid_effect",-0.309932506363668,0.353135405106462,Inf,-1.13757616292074,0.517711150193409,-0.877659112855677,0.654426519534969,"ExNeuron6",0.999974772559645
"Arteries - Capillaries","Disease_effect",-0.602403863105103,0.361152690343444,Inf,-1.44883763578547,0.244029909575268,-1.66800325516677,0.217572191484206,"ExNeuron7",0.999939298369795
"Arteries - Parenchyma","Disease_effect",-0.298893239638755,0.33064786025201,Inf,-1.07383282409997,0.476046344822466,-0.903962419145696,0.637789330935382,"ExNeuron7",0.999939298369795
"Capillaries - Parenchyma","Disease_effect",0.303510623466348,0.348100794069776,Inf,-0.512333412244189,1.11935465917688,0.871904427214578,0.65805761977809,"ExNeuron7",0.999939298369795
"Arteries - Capillaries","Amyloid_effect",0.0138614618193827,0.293107574491877,Inf,-0.673094932835799,0.700817856474565,0.0472913804544717,0.998767732586595,"ExNeuron7",0.999974772559645
"Arteries - Parenchyma","Amyloid_effect",-0.0241130745515497,0.259459114352726,Inf,-0.632207553396602,0.583981404293503,-0.0929359317814087,0.995249530387674,"ExNeuron7",0.999974772559645
"Capillaries - Parenchyma","Amyloid_effect",-0.0379745363709324,0.262598074610529,Inf,-0.653425798217601,0.577476725475736,-0.144610871299243,0.988537156698169,"ExNeuron7",0.999974772559645
"Arteries - Capillaries","Disease_effect",-0.232909148042362,0.307578701540295,Inf,-0.95378153166853,0.487963235583804,-0.757234317187758,0.729239017006506,"ExNeuron8",0.999939298369795
"Arteries - Parenchyma","Disease_effect",-0.336381643992979,0.283290372890561,Inf,-1.0003294574836,0.327566169497646,-1.18740937279548,0.460673430544693,"ExNeuron8",0.999939298369795
"Capillaries - Parenchyma","Disease_effect",-0.103472495950616,0.298389558210868,Inf,-0.802808278953288,0.595863287052055,-0.346769828579235,0.935868691939194,"ExNeuron8",0.999939298369795
"Arteries - Capillaries","Amyloid_effect",0.0395273381876902,0.239460713588591,Inf,-0.521696877029357,0.600751553404737,0.165068155002664,0.985090792410959,"ExNeuron8",0.999974772559645
"Arteries - Parenchyma","Amyloid_effect",0.22044257885798,0.20609271395051,Inf,-0.262577035990178,0.703462193706137,1.06962820098005,0.532978327023644,"ExNeuron8",0.999974772559645
"Capillaries - Parenchyma","Amyloid_effect",0.180915240670289,0.218998221603141,Inf,-0.332351020050517,0.694181501391095,0.826103697764888,0.686798119650137,"ExNeuron8",0.999974772559645
"Arteries - Capillaries","Disease_effect",-0.333788506345,0.370222833363169,Inf,-1.20147997855305,0.533902965863055,-0.901588114684357,0.639293407493742,"ExNeuron9",0.999939298369795
"Arteries - Parenchyma","Disease_effect",-0.253734245099268,0.336939686178959,Inf,-1.04341998568446,0.535951495485923,-0.753055385005913,0.731774866087245,"ExNeuron9",0.999939298369795
"Capillaries - Parenchyma","Disease_effect",0.0800542612457323,0.36485220828094,Inf,-0.775050073799701,0.935158596291165,0.219415586445046,0.973809053563673,"ExNeuron9",0.999939298369795
"Arteries - Capillaries","Amyloid_effect",0.131475078994673,0.308904007135377,Inf,-0.592503424133837,0.855453582123183,0.42561791351918,0.904986352196604,"ExNeuron9",0.999974772559645
"Arteries - Parenchyma","Amyloid_effect",0.133430219964607,0.258406274851789,Inf,-0.472196718323134,0.739057158252348,0.516358281319356,0.863366502685613,"ExNeuron9",0.999974772559645
"Capillaries - Parenchyma","Amyloid_effect",0.001955140969934,0.289030783177439,Inf,-0.675446475484847,0.679356757424715,0.00676447314171971,0.999974772559645,"ExNeuron9",0.999974772559645
"Arteries - Capillaries","Disease_effect",0.023911733356096,0.199741673129221,Inf,-0.444222943385416,0.492046410097608,0.119713292581796,0.992130125566778,"Fibroblast",0.999939298369795
"Arteries - Parenchyma","Disease_effect",-0.312503983302735,0.178624951112035,Inf,-0.731147386238002,0.106139419632532,-1.7494979360791,0.186936930299051,"Fibroblast",0.999939298369795
"Capillaries - Parenchyma","Disease_effect",-0.336415716658831,0.19990927272653,Inf,-0.804943196675088,0.132111763357426,-1.68284198161752,0.211753997126482,"Fibroblast",0.999939298369795
"Arteries - Capillaries","Amyloid_effect",-0.0105215738315927,0.187268171637544,Inf,-0.449422097793863,0.428378950130678,-0.0561845279931346,0.998261144595829,"Fibroblast",0.999974772559645
"Arteries - Parenchyma","Amyloid_effect",0.115887847343642,0.153570678910709,Inf,-0.244035843103918,0.475811537791202,0.754622224539507,0.730824686166033,"Fibroblast",0.999974772559645
"Capillaries - Parenchyma","Amyloid_effect",0.126409421175234,0.182256121682689,Inf,-0.300744358361249,0.553563200711718,0.693581208730618,0.767243203409934,"Fibroblast",0.999974772559645
"Arteries - Capillaries","Disease_effect",0.0941182041454365,0.284832866275557,Inf,-0.573444751998437,0.761681160289311,0.330433090029658,0.941591697888932,"InhNeuron1",0.999939298369795
"Arteries - Parenchyma","Disease_effect",0.112783215340629,0.273444227946218,Inf,-0.52808818245537,0.753654613136628,0.412454181928504,0.91050346896224,"InhNeuron1",0.999939298369795
"Capillaries - Parenchyma","Disease_effect",0.0186650111951924,0.290873595311568,Inf,-0.66305560514174,0.700385627532124,0.0641688056119341,0.997732423104885,"InhNeuron1",0.999939298369795
"Arteries - Capillaries","Amyloid_effect",0.0371537458479471,0.211050698790647,Inf,-0.457485900984849,0.531793392680743,0.176041804461411,0.983060161154298,"InhNeuron1",0.999974772559645
"Arteries - Parenchyma","Amyloid_effect",0.151085411966605,0.18808133571901,Inf,-0.289720925131459,0.59189174906467,0.803298271936582,0.700973836632823,"InhNeuron1",0.999974772559645
"Capillaries - Parenchyma","Amyloid_effect",0.113931666118658,0.213519713273211,Inf,-0.386494611408462,0.614357943645778,0.533588512143026,0.854807974299761,"InhNeuron1",0.999974772559645
"Arteries - Capillaries","Disease_effect",0.0272926628226765,0.306914792373529,Inf,-0.692023716499028,0.746609042144381,0.0889258631413896,0.995649759007619,"InhNeuron2",0.999939298369795
"Arteries - Parenchyma","Disease_effect",-0.0193798793277823,0.282931255460246,Inf,-0.682486029085852,0.643726270430287,-0.0684967777641143,0.997416638649655,"InhNeuron2",0.999939298369795
"Capillaries - Parenchyma","Disease_effect",-0.0466725421504588,0.304592124298221,Inf,-0.760545282938561,0.667200198637644,-0.153229641961335,0.987139228505534,"InhNeuron2",0.999939298369795
"Arteries - Capillaries","Amyloid_effect",0.0782834215044271,0.23242427165273,Inf,-0.466449480610804,0.623016323619658,0.336812592539354,0.939385559592846,"InhNeuron2",0.999974772559645
"Arteries - Parenchyma","Amyloid_effect",0.249227456479572,0.196218168384481,Inf,-0.210649180120218,0.709104093079363,1.27015484107069,0.412102145833153,"InhNeuron2",0.963899934321613
"Capillaries - Parenchyma","Amyloid_effect",0.170944034975145,0.22766017199582,Inf,-0.362623243973361,0.704511313923652,0.750873696863779,0.733096685132076,"InhNeuron2",0.999974772559645
"Arteries - Capillaries","Disease_effect",-0.0510373348267227,0.283397863094643,Inf,-0.715237073171849,0.613162403518403,-0.180090753929497,0.98227904771363,"InhNeuron3",0.999939298369795
"Arteries - Parenchyma","Disease_effect",-0.160658433849725,0.26179315050722,Inf,-0.77422319460225,0.452906326902801,-0.6136846343705,0.812636933186734,"InhNeuron3",0.999939298369795
"Capillaries - Parenchyma","Disease_effect",-0.109621099023002,0.279084494974959,Inf,-0.763711593970185,0.544469395924181,-0.392788209294242,0.918482192626209,"InhNeuron3",0.999939298369795
"Arteries - Capillaries","Amyloid_effect",-0.197487367876943,0.206803705452089,Inf,-0.682173333925346,0.287198598171458,-0.95495081891894,0.605430193487767,"InhNeuron3",0.999974772559645
"Arteries - Parenchyma","Amyloid_effect",0.347696236690422,0.182395151680829,Inf,-0.0797833875344366,0.77517586091528,1.90628003807279,0.136859479680769,"InhNeuron3",0.572321460483216
"Capillaries - Parenchyma","Amyloid_effect",0.545183604567365,0.198518367284372,Inf,0.0799159904536095,1.01045121868112,2.74626278678993,0.0166014207512821,"InhNeuron3",0.163642575976924
"Arteries - Capillaries","Disease_effect",0.0891157870647169,0.279668125410044,Inf,-0.566342562876292,0.744574137005726,0.318648351270125,0.945569243232927,"InhNeuron4",0.999939298369795
"Arteries - Parenchyma","Disease_effect",-0.140933608981229,0.263573378442008,Inf,-0.758670690991117,0.476803473028658,-0.534703503875442,0.854247472166169,"InhNeuron4",0.999939298369795
"Capillaries - Parenchyma","Disease_effect",-0.230049396045946,0.27831538883454,Inf,-0.88233733647967,0.422238544387777,-0.826578066736771,0.686502173577404,"InhNeuron4",0.999939298369795
"Arteries - Capillaries","Amyloid_effect",-0.0481854314611816,0.211678982687667,Inf,-0.544297587632794,0.447926724710431,-0.227634462568631,0.971838801629388,"InhNeuron4",0.999974772559645
"Arteries - Parenchyma","Amyloid_effect",0.162615529138012,0.179820377378854,Inf,-0.258829595041593,0.584060653317617,0.904322032399063,0.637561489481529,"InhNeuron4",0.999974772559645
"Capillaries - Parenchyma","Amyloid_effect",0.210800960599193,0.202284745006441,Inf,-0.263293915196037,0.684895836394423,1.04210013756836,0.55025544499951,"InhNeuron4",0.999974772559645
"Arteries - Capillaries","Disease_effect",-0.0803410137122123,0.260104102368058,Inf,-0.68994715134799,0.529265123923565,-0.308880225189706,0.948768890829891,"InhNeuron5",0.999939298369795
"Arteries - Parenchyma","Disease_effect",-0.139169491492138,0.244075984824265,Inf,-0.711210520617562,0.432871537633287,-0.570189203957693,0.836003034397584,"InhNeuron5",0.999939298369795
"Capillaries - Parenchyma","Disease_effect",-0.0588284777799252,0.254210415177281,Inf,-0.654621577281767,0.536964621721917,-0.231416473392325,0.97090922708826,"InhNeuron5",0.999939298369795
"Arteries - Capillaries","Amyloid_effect",0.0853191895424672,0.189566360131192,Inf,-0.358967600143477,0.529605979228412,0.450075580305602,0.894371611883072,"InhNeuron5",0.999974772559645
"Arteries - Parenchyma","Amyloid_effect",0.343132532876907,0.165984626091894,Inf,-0.0458857328773825,0.732150798631196,2.06725490761378,0.0967129501803305,"InhNeuron5",0.460220245685711
"Capillaries - Parenchyma","Amyloid_effect",0.257813343334439,0.18086378651401,Inf,-0.166077219448653,0.681703906117532,1.42545585439498,0.327728080816826,"InhNeuron5",0.863350848488663
"Arteries - Capillaries","Disease_effect",0.461248253760095,0.324516509285175,Inf,-0.29932127983552,1.22181778735571,1.42133987197171,0.329834550383163,"Microglia1",0.999939298369795
"Arteries - Parenchyma","Disease_effect",0.00775209574332773,0.282939530578076,Inf,-0.655373448413266,0.670877639899921,0.0273984187627984,0.999586218378535,"Microglia1",0.999939298369795
"Capillaries - Parenchyma","Disease_effect",-0.453496158016768,0.331186836729218,Inf,-1.22969894196449,0.322706625930952,-1.36930610677486,0.357099244920258,"Microglia1",0.999939298369795
"Arteries - Capillaries","Amyloid_effect",-0.550720635724903,0.249635052709333,Inf,-1.13579045552075,0.034349184070944,-2.20610298813341,0.0701319881882952,"Microglia1",0.403258932082698
"Arteries - Parenchyma","Amyloid_effect",0.154228848807745,0.193260835961399,Inf,-0.298716686053445,0.607174383668935,0.798034677023492,0.70423009766282,"Microglia1",0.999974772559645
"Capillaries - Parenchyma","Amyloid_effect",0.704949484532648,0.251928991720008,Inf,0.114503358528873,1.29539561053642,2.79820706509287,0.0142262950146067,"Microglia1",0.151017593231979
"Arteries - Capillaries","Disease_effect",0.0927879074314954,0.297614443132589,Inf,-0.604731237906521,0.790307052769512,0.311772192420641,0.947830850022531,"Microglia2",0.999939298369795
"Arteries - Parenchyma","Disease_effect",0.118442116641057,0.267194146232327,Inf,-0.507780960967659,0.744665194249774,0.443281105934376,0.89736712160096,"Microglia2",0.999939298369795
"Capillaries - Parenchyma","Disease_effect",0.025654209209562,0.302303142927633,Inf,-0.682853844594598,0.734162263013722,0.0848625289208563,0.996037455019675,"Microglia2",0.999939298369795
"Arteries - Capillaries","Amyloid_effect",-0.196808557610171,0.246452726343513,Inf,-0.774419957231549,0.380802842011208,-0.79856514687467,0.703902211127965,"Microglia2",0.999974772559645
"Arteries - Parenchyma","Amyloid_effect",-0.192863801353474,0.199600629226853,Inf,-0.660667913418087,0.274940310711139,-0.966248463747466,0.598255862442028,"Microglia2",0.999974772559645
"Capillaries - Parenchyma","Amyloid_effect",0.00394475625669655,0.242323770534272,Inf,-0.563989607207142,0.571879119720535,0.0162788662787773,0.99985390777704,"Microglia2",0.999974772559645
"Arteries - Capillaries","Disease_effect",-0.0802713711194847,0.278164184080932,Inf,-0.732204932883284,0.571662190644315,-0.288575509405372,0.955133367284126,"Microglia3",0.999939298369795
"Arteries - Parenchyma","Disease_effect",-0.00265480491131394,0.253006204243123,Inf,-0.59562559453881,0.590315984716182,-0.0104930427269793,0.999939298369795,"Microglia3",0.999939298369795
"Capillaries - Parenchyma","Disease_effect",0.0776165662081708,0.279860888384487,Inf,-0.578293562429367,0.733526694845709,0.277339812133867,0.958486421817431,"Microglia3",0.999939298369795
"Arteries - Capillaries","Amyloid_effect",-0.0383215128239957,0.212567912181596,Inf,-0.536517053573134,0.459874027925142,-0.180278916185891,0.982242331431477,"Microglia3",0.999974772559645
"Arteries - Parenchyma","Amyloid_effect",-0.0197208079906401,0.177718234856201,Inf,-0.436239139504049,0.396797523522768,-0.110966710909531,0.993234318108924,"Microglia3",0.999974772559645
"Capillaries - Parenchyma","Amyloid_effect",0.0186007048333556,0.206766906202683,Inf,-0.46599901479258,0.503200424459291,0.0899597772920308,0.995548241608613,"Microglia3",0.999974772559645
"Arteries - Capillaries","Disease_effect",0.652528323779852,0.359328301427927,Inf,-0.189629627526659,1.49468627508636,1.81596696165257,0.164310696640833,"Microglia4",0.999939298369795
"Arteries - Parenchyma","Disease_effect",0.243028551099031,0.308948902407087,Inf,-0.481055173104181,0.967112275302243,0.786630245990659,0.711263341854954,"Microglia4",0.999939298369795
"Capillaries - Parenchyma","Disease_effect",-0.409499772680821,0.354580392029306,Inf,-1.24053004593848,0.421530500576836,-1.15488555454859,0.480320026068754,"Microglia4",0.999939298369795
"Arteries - Capillaries","Amyloid_effect",-0.883084823397549,0.295112959504182,Inf,-1.57474124008504,-0.191428406710058,-2.99236205987435,0.0077963068042497,"Microglia4",0.118999623010807
"Arteries - Parenchyma","Amyloid_effect",-0.145504252132432,0.232058753334972,Inf,-0.689380488751443,0.398371984486579,-0.627014710892633,0.805272671376095,"Microglia4",0.999974772559645
"Capillaries - Parenchyma","Amyloid_effect",0.737580571265117,0.286531825656685,Inf,0.0660357630208707,1.40912537950936,2.57416630621991,0.0271469902579986,"Microglia4",0.197172876610727
"Arteries - Capillaries","Disease_effect",0.596531122551703,0.347157212148028,Inf,-0.217101439654098,1.4101636847575,1.71833135443357,0.19827310180242,"Microglia5",0.999939298369795
"Arteries - Parenchyma","Disease_effect",-0.0205589268481291,0.304356888497319,Inf,-0.733880345351362,0.692762491655104,-0.0675487482791445,0.997487563825243,"Microglia5",0.999939298369795
"Capillaries - Parenchyma","Disease_effect",-0.617090049399832,0.353914114010762,Inf,-1.44655876647372,0.212378667674056,-1.74361525853436,0.189040809606794,"Microglia5",0.999939298369795
"Arteries - Capillaries","Amyloid_effect",-0.561773516884161,0.269920900612635,Inf,-1.19438729033707,0.070840256568747,-2.08125238026812,0.0937157596870613,"Microglia5",0.460220245685711
"Arteries - Parenchyma","Amyloid_effect",0.160904526982983,0.207162354071921,Inf,-0.324622004046569,0.646431058012536,0.776707368980379,0.717356958050838,"Microglia5",0.999974772559645
"Capillaries - Parenchyma","Amyloid_effect",0.722678043867145,0.269916191167114,Inf,0.090075307944472,1.35528077978982,2.67741642597391,0.0202847410554633,"Microglia5",0.186619617710262
"Arteries - Capillaries","Disease_effect",0.487224129796895,0.422718425282864,Inf,-0.50350129205562,1.47794955164941,1.1525973334871,0.481712599134463,"Oligodendrocytes1",0.999939298369795
"Arteries - Parenchyma","Disease_effect",0.123383228688236,0.366115098212625,Inf,-0.734680942232544,0.981447399609015,0.337006666183921,0.939317867023319,"Oligodendrocytes1",0.999939298369795
"Capillaries - Parenchyma","Disease_effect",-0.363840901108659,0.420412937884636,Inf,-1.34916295079055,0.621481148573228,-0.865436974750049,0.662133927822571,"Oligodendrocytes1",0.999939298369795
"Arteries - Capillaries","Amyloid_effect",-0.666729204308235,0.385291059302134,Inf,-1.56973608650808,0.236277677891615,-1.73045594547629,0.193807379438484,"Oligodendrocytes1",0.636795675297875
"Arteries - Parenchyma","Amyloid_effect",-0.0999341861548636,0.301239742086721,Inf,-0.805949946783002,0.606081574473275,-0.331743034510016,0.94114171589946,"Oligodendrocytes1",0.999974772559645
"Capillaries - Parenchyma","Amyloid_effect",0.566795018153371,0.373344392067346,Inf,-0.308212453024834,1.44180248933158,1.51815597125972,0.28232625966251,"Oligodendrocytes1",0.82895795390269
"Arteries - Capillaries","Disease_effect",-0.355386133097166,0.437156081514326,Inf,-1.37994909834729,0.669176832152957,-0.81295022104255,0.694987119715466,"Oligodendrocytes2",0.999939298369795
"Arteries - Parenchyma","Disease_effect",0.338013293417943,0.375117228872354,Inf,-0.541149176422415,1.2171757632583,0.901087093317602,0.639610745001981,"Oligodendrocytes2",0.999939298369795
"Capillaries - Parenchyma","Disease_effect",0.693399426515109,0.431570404283932,Inf,-0.318072383726307,1.70487123675653,1.60668901211057,0.242751630052395,"Oligodendrocytes2",0.999939298369795
"Arteries - Capillaries","Amyloid_effect",0.176068662501467,0.447872640238726,Inf,-0.873610707731321,1.22574803273425,0.393122166175674,0.918349382622,"Oligodendrocytes2",0.999974772559645
"Arteries - Parenchyma","Amyloid_effect",0.0349484673348633,0.371417417450607,Inf,-0.835542752301219,0.905439686970945,0.094094853102873,0.995130606859312,"Oligodendrocytes2",0.999974772559645
"Capillaries - Parenchyma","Amyloid_effect",-0.141120195166603,0.430924313164791,Inf,-1.15107776127225,0.868837370939044,-0.327482555185131,0.942599507193623,"Oligodendrocytes2",0.999974772559645
"Arteries - Capillaries","Disease_effect",0.392822502990411,0.309449472674776,Inf,-0.332434408043469,1.11807941402429,1.26942372722431,0.412521425736468,"Oligodendrocytes3",0.999939298369795
"Arteries - Parenchyma","Disease_effect",0.105087895182156,0.271032475193976,Inf,-0.530131076270538,0.740306866634849,0.387731747300559,0.9204816200775,"Oligodendrocytes3",0.999939298369795
"Capillaries - Parenchyma","Disease_effect",-0.287734607808255,0.297124813349743,Inf,-0.984106207536362,0.408636991919852,-0.968396427630449,0.596892096877269,"Oligodendrocytes3",0.999939298369795
"Arteries - Capillaries","Amyloid_effect",-0.703917794508098,0.231619894875729,Inf,-1.24676547829818,-0.161070110718021,-3.03910765042775,0.00670683683602502,"Oligodendrocytes3",0.118999623010807
"Arteries - Parenchyma","Amyloid_effect",-0.140284530667712,0.187701151990807,Inf,-0.580199830938475,0.299630769603051,-0.747382363825784,0.735208975943532,"Oligodendrocytes3",0.999974772559645
"Capillaries - Parenchyma","Amyloid_effect",0.563633263840386,0.216652037196854,Inf,0.0558657568919237,1.07140077078885,2.60155995361474,0.0251541479496363,"Oligodendrocytes3",0.197172876610727
"Arteries - Capillaries","Disease_effect",0.183635377818332,0.357424765870526,Inf,-0.654061256083205,1.02133201171987,0.513773513626229,0.864633436322674,"Oligodendrocytes4",0.999939298369795
"Arteries - Parenchyma","Disease_effect",-0.104227529977093,0.317369643342895,Inf,-0.848046949662129,0.639591889707944,-0.328410521180446,0.942283400879761,"Oligodendrocytes4",0.999939298369795
"Capillaries - Parenchyma","Disease_effect",-0.287862907795425,0.351310355170448,Inf,-1.11122919374451,0.535503378153664,-0.819397730692454,0.690977279091705,"Oligodendrocytes4",0.999939298369795
"Arteries - Capillaries","Amyloid_effect",-0.292259145502622,0.292307803075764,Inf,-0.977341115419675,0.39282282441443,-0.999833539944435,0.576952396523887,"Oligodendrocytes4",0.999974772559645
"Arteries - Parenchyma","Amyloid_effect",0.102878700648309,0.234199280598692,Inf,-0.446014290977105,0.651771692273723,0.43927846569518,0.899115107113013,"Oligodendrocytes4",0.999974772559645
"Capillaries - Parenchyma","Amyloid_effect",0.395137846150931,0.27866905648068,Inf,-0.257978985352974,1.04825467765484,1.41794661790275,0.331576775144196,"Oligodendrocytes4",0.863350848488663
"Arteries - Capillaries","Disease_effect",0.234736452712373,0.404880545574681,Inf,-0.714182319981146,1.18365522540589,0.579767181402089,0.830948815083153,"Oligodendrocytes5",0.999939298369795
"Arteries - Parenchyma","Disease_effect",-0.139565387858837,0.358427699457578,Inf,-0.979612597797974,0.7004818220803,-0.389382260550863,0.919831341074011,"Oligodendrocytes5",0.999939298369795
"Capillaries - Parenchyma","Disease_effect",-0.37430184057121,0.401575451576264,Inf,-1.31547446251757,0.566870781375149,-0.932083470496017,0.619951894911053,"Oligodendrocytes5",0.999939298369795
"Arteries - Capillaries","Amyloid_effect",-0.507045790597511,0.341307334624505,Inf,-1.30696799141228,0.292876410217255,-1.48559886987294,0.297819532666266,"Oligodendrocytes5",0.856231156415515
"Arteries - Parenchyma","Amyloid_effect",0.0743619914558338,0.279296932857303,Inf,-0.580226394281092,0.728950377192759,0.266247075093469,0.961677157179201,"Oligodendrocytes5",0.999974772559645
"Capillaries - Parenchyma","Amyloid_effect",0.581407782053345,0.325917107662604,Inf,-0.182444334782867,1.34525989888956,1.78391305145979,0.17496044379027,"Oligodendrocytes5",0.619090801104032
"Arteries - Capillaries","Disease_effect",0.34454334531387,0.395834967641262,Inf,-0.58317530105918,1.27226199168692,0.870421699646616,0.658992591215814,"Oligodendrocytes6",0.999939298369795
"Arteries - Parenchyma","Disease_effect",0.176977567655919,0.340081281820496,Inf,-0.620071132481291,0.974026267793129,0.52039784932748,0.861377544378278,"Oligodendrocytes6",0.999939298369795
"Capillaries - Parenchyma","Disease_effect",-0.167565777657952,0.386695967675442,Inf,-1.07386534443827,0.738733789122369,-0.433326932952638,0.901691106876918,"Oligodendrocytes6",0.999939298369795
"Arteries - Capillaries","Amyloid_effect",-0.609299290475235,0.341087013173276,Inf,-1.40870512377523,0.190106542824757,-1.78634561546823,0.174135241366332,"Oligodendrocytes6",0.619090801104032
"Arteries - Parenchyma","Amyloid_effect",-0.00395419398162072,0.271598579775469,Inf,-0.640499945074775,0.632591557111533,-0.0145589641333532,0.999883145312998,"Oligodendrocytes6",0.999974772559645
"Capillaries - Parenchyma","Amyloid_effect",0.605345096493615,0.327594454328589,Inf,-0.162438218709781,1.37312841169701,1.84784903558359,0.154194250533109,"Oligodendrocytes6",0.607965902101973
"Arteries - Capillaries","Disease_effect",0.511938894575556,0.42794792489022,Inf,-0.491042908581155,1.51492069773227,1.19626446303457,0.455374492747945,"Oligodendrocytes7",0.999939298369795
"Arteries - Parenchyma","Disease_effect",0.424337905685582,0.372401987594359,Inf,-0.448460851575243,1.29713666294641,1.13946197877922,0.489731198604706,"Oligodendrocytes7",0.999939298369795
"Capillaries - Parenchyma","Disease_effect",-0.0876009888899731,0.427602983888006,Inf,-1.089774353617,0.914572375837058,-0.204865242270893,0.977128515871909,"Oligodendrocytes7",0.999939298369795
"Arteries - Capillaries","Amyloid_effect",-0.811139133864819,0.389313469325279,Inf,-1.7235733408007,0.10129507307106,-2.08351161153147,0.093238987909008,"Oligodendrocytes7",0.460220245685711
"Arteries - Parenchyma","Amyloid_effect",-0.388835486641923,0.309442913152385,Inf,-1.11407702411932,0.336406050835473,-1.25656613906825,0.419925446925674,"Oligodendrocytes7",0.96582852792905
"Capillaries - Parenchyma","Amyloid_effect",0.422303647222897,0.379672117931895,Inf,-0.467534118784137,1.31214141322993,1.11228511991668,0.506446652341821,"Oligodendrocytes7",0.999974772559645
"Arteries - Capillaries","Disease_effect",-0.239600292898653,0.29993274699899,Inf,-0.942552848371289,0.463352262573984,-0.798846725794366,0.703728139558439,"Oligodendrocytes8",0.999939298369795
"Arteries - Parenchyma","Disease_effect",-0.00813347315631783,0.266966577406897,Inf,-0.633823197575084,0.617556251262448,-0.030466259991494,0.999488392299425,"Oligodendrocytes8",0.999939298369795
"Capillaries - Parenchyma","Disease_effect",0.231466819742335,0.285325195240773,Inf,-0.437250008086758,0.900183647571428,0.811238627373971,0.696050183532601,"Oligodendrocytes8",0.999939298369795
"Arteries - Capillaries","Amyloid_effect",-0.163069918882896,0.229274099672616,Inf,-0.700419761076341,0.37427992331055,-0.711244397495162,0.756839792268927,"Oligodendrocytes8",0.999974772559645
"Arteries - Parenchyma","Amyloid_effect",-0.116434528118118,0.194703519229419,Inf,-0.572761280602723,0.339892224366487,-0.598009366132327,0.821178112687784,"Oligodendrocytes8",0.999974772559645
"Capillaries - Parenchyma","Amyloid_effect",0.0466353907647777,0.208710681527839,Inf,-0.442519956233475,0.53579073776303,0.223445155865476,0.97285162392346,"Oligodendrocytes8",0.999974772559645
"Arteries - Capillaries","Disease_effect",0.643290309926774,0.314546720344857,Inf,-0.0939130234681576,1.38049364332171,2.04513437374739,0.10160344377388,"OPC1",0.999939298369795
"Arteries - Parenchyma","Disease_effect",0.212940608419983,0.2887573583663,Inf,-0.463820182144183,0.88970139898415,0.737437860024541,0.741204689678685,"OPC1",0.999939298369795
"Capillaries - Parenchyma","Disease_effect",-0.430349701506791,0.314873371622916,Inf,-1.16831860769415,0.307619204680567,-1.36673895060954,0.358474184598535,"OPC1",0.999939298369795
"Arteries - Capillaries","Amyloid_effect",-0.448722626707352,0.247046999811357,Inf,-1.02772682540469,0.130281571989986,-1.81634517743584,0.164187916678251,"OPC1",0.616524786956152
"Arteries - Parenchyma","Amyloid_effect",0.0471257063870116,0.200896431981223,Inf,-0.423715379354823,0.517966792128846,0.234577119773915,0.970121330181071,"OPC1",0.999974772559645
"Capillaries - Parenchyma","Amyloid_effect",0.495848333094364,0.246346323135734,Inf,-0.081513689266387,1.07321035545511,2.01280996112598,0.109096945172956,"OPC1",0.501845947795596
"Arteries - Capillaries","Disease_effect",0.426097613447689,0.271264694780429,Inf,-0.209665611186298,1.06186083808168,1.57078168168027,0.258346965173694,"OPC2",0.999939298369795
"Arteries - Parenchyma","Disease_effect",0.0208402181253155,0.243432354753527,Inf,-0.549692334824929,0.59137277107556,0.0856098941589585,0.995967495814689,"OPC2",0.999939298369795
"Capillaries - Parenchyma","Disease_effect",-0.405257395322373,0.264603852786371,Inf,-1.02540960065896,0.214894810014217,-1.53156271556469,0.276091692325515,"OPC2",0.999939298369795
"Arteries - Capillaries","Amyloid_effect",-0.525746423638816,0.199727413186326,Inf,-0.993847679343783,-0.0576451679338499,-2.63231979652361,0.0230690144062324,"OPC2",0.197172876610727
"Arteries - Parenchyma","Amyloid_effect",0.070643905298919,0.161885748288829,Inf,-0.308767818138588,0.450055628736426,0.436381250639058,0.900372569199287,"OPC2",0.999974772559645
"Capillaries - Parenchyma","Amyloid_effect",0.596390328937735,0.19110779500282,Inf,0.148490877436944,1.04428978043853,3.12070121958623,0.00512995740199607,"OPC2",0.118999623010807
"Arteries - Capillaries","Disease_effect",0.56564682905198,0.297526899884677,Inf,-0.131667141124439,1.2629607992284,1.90116197651785,0.138316587518614,"OPC3",0.999939298369795
"Arteries - Parenchyma","Disease_effect",0.113417298004282,0.275116418603363,Inf,-0.531373214017952,0.758207810026516,0.412252015274292,0.910587108157058,"OPC3",0.999939298369795
"Capillaries - Parenchyma","Disease_effect",-0.452229531047698,0.296560956986087,Inf,-1.14727962028481,0.242820558189416,-1.52491256989339,0.279173550253328,"OPC3",0.999939298369795
"Arteries - Capillaries","Amyloid_effect",-0.399314130612626,0.226202338619695,Inf,-0.929464684620444,0.130836423395192,-1.76529620802894,0.181368942666108,"OPC3",0.625722852198073
"Arteries - Parenchyma","Amyloid_effect",0.089460354665922,0.18495300542665,Inf,-0.344014112886786,0.52293482221863,0.483692354495968,0.879040438822821,"OPC3",0.999974772559645
"Capillaries - Parenchyma","Amyloid_effect",0.488774485278548,0.223495755327395,Inf,-0.0350326478758998,1.012581618433,2.18695198288018,0.0733986322075407,"OPC3",0.405160449785625
"Arteries - Capillaries","Disease_effect",0.0841860673431097,0.381690440612317,Inf,-0.810382042716606,0.978754177402826,0.220561110223395,0.973538552326243,"Pericytes",0.999939298369795
"Arteries - Parenchyma","Disease_effect",-0.116201074482342,0.347980518270544,Inf,-0.931763219731508,0.699361070766825,-0.333929827623278,0.940387045760687,"Pericytes",0.999939298369795
"Capillaries - Parenchyma","Disease_effect",-0.200387141825452,0.414236993625801,Inf,-1.17123462731706,0.770460343666153,-0.483749990727459,0.879013442428717,"Pericytes",0.999939298369795
"Arteries - Capillaries","Amyloid_effect",-0.00448060796208943,0.326641843062213,Inf,-0.770031287580437,0.761070071656258,-0.0137171892005154,0.999896266671503,"Pericytes",0.999974772559645
"Arteries - Parenchyma","Amyloid_effect",0.36240381656345,0.270255123389283,Inf,-0.270993275007579,0.995800908134478,1.34096927384216,0.372426192671251,"Pericytes",0.934417074382636
"Capillaries - Parenchyma","Amyloid_effect",0.366884424525539,0.350584207028352,Inf,-0.454779987596014,1.18854883664709,1.04649444319056,0.547490663159494,"Pericytes",0.999974772559645
"Arteries - Capillaries","Disease_effect",-0.138208362162879,0.304226142621973,Inf,-0.851223351481199,0.574806627155441,-0.454294824802793,0.892493681995483,"SMC",0.999939298369795
"Arteries - Parenchyma","Disease_effect",-0.380158767663887,0.279753678558771,Inf,-1.03581762856987,0.275500093242092,-1.35890533994899,0.362686658021627,"SMC",0.999939298369795
"Capillaries - Parenchyma","Disease_effect",-0.241950405501008,0.320582333321079,Inf,-0.993299408576661,0.509398597574646,-0.754721581175475,0.730764408621175,"SMC",0.999939298369795
"Arteries - Capillaries","Amyloid_effect",-0.276887640493975,0.233773282789786,Inf,-0.82478222080421,0.27100693981626,-1.18442808001699,0.462462449347792,"SMC",0.999974772559645
"Arteries - Parenchyma","Amyloid_effect",0.186206474481704,0.199384867203368,Inf,-0.281091956001621,0.653504904965028,0.933904749610597,0.618795585209999,"SMC",0.999974772559645
"Capillaries - Parenchyma","Amyloid_effect",0.463094114975679,0.234836231551286,Inf,-0.0872916989717946,1.01347992892315,1.9719875077051,0.119167623646043,"SMC",0.513910376973562
"Arteries - Capillaries","Disease_effect",0.56863336920698,0.3505755062534,Inf,-0.253010650903204,1.39027738931716,1.6219997092323,0.236292401179556,"VLMC1",0.999939298369795
"Arteries - Parenchyma","Disease_effect",0.289698031414605,0.317042503384785,Inf,-0.453354670158282,1.03275073298749,0.913751400275209,0.631584436374019,"VLMC1",0.999939298369795
"Capillaries - Parenchyma","Disease_effect",-0.278935337792375,0.375797647382642,Inf,-1.15969250489531,0.601821829310564,-0.742248760031113,0.738308017558329,"VLMC1",0.999939298369795
"Arteries - Capillaries","Amyloid_effect",-0.799427825799667,0.276090743904128,Inf,-1.44650186460211,-0.152353786997222,-2.89552563224382,0.0105742006955827,"VLMC1",0.128456563623631
"Arteries - Parenchyma","Amyloid_effect",-0.0468027416737371,0.233527075992587,Inf,-0.594120286968631,0.500514803621157,-0.200416767412541,0.978100079829299,"VLMC1",0.999974772559645
"Capillaries - Parenchyma","Amyloid_effect",0.75262508412593,0.295008931636704,Inf,0.0612124776126052,1.44403769063925,2.55119422978274,0.0289221411643407,"VLMC1",0.199562774033951
"Arteries - Capillaries","Disease_effect",0.648272803976097,0.321332023608242,Inf,-0.104833248666326,1.40137885661852,2.01745470836249,0.107994419911871,"VLMC2",0.999939298369795
"Arteries - Parenchyma","Disease_effect",0.246505442438591,0.292913138192614,Inf,-0.439995251747699,0.93300613662488,0.841564990766969,0.677131836047554,"VLMC2",0.999939298369795
"Capillaries - Parenchyma","Disease_effect",-0.401767361537506,0.334874626111705,Inf,-1.18661321962902,0.383078496554006,-1.19975456546979,0.453292198011048,"VLMC2",0.999939298369795
"Arteries - Capillaries","Amyloid_effect",-0.765389995258969,0.255899277851646,Inf,-1.36514128320361,-0.165638707314333,-2.99098145834821,0.00783077964162771,"VLMC2",0.118999623010807
"Arteries - Parenchyma","Amyloid_effect",-0.182052166939953,0.210395462364807,Inf,-0.675156135776295,0.311051801896388,-0.865285614498144,0.662229266628045,"VLMC2",0.999974772559645
"Capillaries - Parenchyma","Amyloid_effect",0.583337828319016,0.261908234842166,Inf,-0.0304966556569817,1.19717231229501,2.22726035579046,0.0666621555173826,"VLMC2",0.399972933104296
