"region","celltype","contrast","full_estimate","full_p_adj","min_loo_estimate","max_loo_estimate","max_abs_delta","n_loo","any_sig_flip","any_direction_flip"
"Parenchyma","Oligodendrocytes2","AD_overall_vs_Control",-0.438972757199098,0.116844141310758,-1.43792358216899,0.504523414401095,0.998950824969894,4,TRUE,TRUE
"Arteries","Oligodendrocytes2","AD_overall_vs_Control",-0.303527098503796,0.218795000657056,-0.752474020324422,0.59009012324625,0.893617221750046,4,TRUE,TRUE
"Arteries","Astrocytes2","AD_overall_vs_Control",0.565121330791057,0.0316902466554256,-0.283022212760398,1.02419719443254,0.848143543551455,4,TRUE,TRUE
"Capillaries","Fibroblast","AD_overall_vs_Control",-1.11690407965196,3.75903759016169e-05,-1.38648876461185,-0.377392089338181,0.739511990313782,4,TRUE,FALSE
"Capillaries","Astrocytes2","AD_overall_vs_Control",0.501134546959066,0.0885171745353589,-0.229410453843507,0.779600480355287,0.730545000802573,4,TRUE,TRUE
"Parenchyma","ExNeuron11","AD_overall_vs_Control",0.741801409103572,4.15321824054603e-05,0.390850411762194,1.44191116606246,0.700109756958885,4,FALSE,FALSE
"Parenchyma","ExNeuron5","AD_overall_vs_Control",0.81297898048213,1.94624608149419e-05,0.438117744270328,1.48582438895621,0.67284540847408,4,TRUE,FALSE
"Parenchyma","VLMC1","AD_overall_vs_Control",0.704637500244147,0.000304870299452424,0.420320267808238,1.34837018234753,0.643732682103387,4,TRUE,FALSE
"Parenchyma","Pericytes","AD_overall_vs_Control",0.712007574995816,0.000260084593437855,0.455503611713054,1.31551359486104,0.603506019865226,4,TRUE,FALSE
"Arteries","Fibroblast","AD_overall_vs_Control",-1.11438146796041,7.57032930164158e-15,-1.45893648041706,-0.513067851728413,0.601313616231994,4,FALSE,FALSE
"Parenchyma","Microglia1","AD_overall_vs_Control",1.08404656293871,1.94624608149419e-05,0.504783742246405,1.4371100695098,0.579262820692309,4,FALSE,FALSE
"Capillaries","Oligodendrocytes2","AD_overall_vs_Control",0.0337986241507168,0.919938228208504,-0.52906147253749,0.604234433730461,0.570435809579744,4,FALSE,TRUE
"Parenchyma","ExNeuron3","AD_overall_vs_Control",0.588071167048051,0.0442181626082837,0.324578374013181,1.14534002656238,0.557268859514331,4,TRUE,FALSE
"Parenchyma","ExNeuron4","AD_overall_vs_Control",0.529002431676821,0.0586759780010186,0.29528291539395,1.07151223942187,0.542509807745044,4,TRUE,FALSE
"Arteries","ExNeuron3","AD_overall_vs_Control",0.181875839199613,0.517744609636631,-0.179230727390671,0.724132608347092,0.542256769147479,4,TRUE,TRUE
"Capillaries","Microglia5","AD_overall_vs_Control",0.647472922907706,0.0168106520398501,0.225135602697626,1.14653799436581,0.499065071458107,4,TRUE,FALSE
"Arteries","ExNeuron4","AD_overall_vs_Control",0.163628777381481,0.531916702560296,-0.146002370309589,0.662563202429249,0.498934425047768,4,FALSE,TRUE
"Parenchyma","Microglia3","AD_overall_vs_Control",0.784386071033374,0.000123018089544278,0.310056937732823,1.27921295474569,0.494826883712318,4,TRUE,FALSE
"Parenchyma","Fibroblast","AD_overall_vs_Control",-0.677248273354601,1.69868486558977e-06,-1.15475895950882,-0.279665859528916,0.477510686154221,4,FALSE,FALSE
"Capillaries","ExNeuron3","AD_overall_vs_Control",0.400641617609533,0.217026365234573,0.084185538337532,0.858310454485448,0.457668836875916,4,TRUE,FALSE
"Parenchyma","InhNeuron4","AD_overall_vs_Control",0.859022872196203,6.72289678595197e-05,0.414511360417549,1.05068176730808,0.444511511778654,4,TRUE,FALSE
"Parenchyma","InhNeuron1","AD_overall_vs_Control",0.771142630592875,6.66054567431822e-05,0.326649529793837,1.0546562614638,0.444493100799038,4,TRUE,FALSE
"Parenchyma","InhNeuron2","AD_overall_vs_Control",0.823673611493327,3.76461303386735e-05,0.44451654467857,1.26632199242941,0.442648380936087,4,FALSE,FALSE
"Capillaries","Astrocytes4","AD_overall_vs_Control",0.795019213707852,0.00272978238618345,0.564963590190567,1.23635312278637,0.441333909078517,4,TRUE,FALSE
"Capillaries","ExNeuron2","AD_overall_vs_Control",0.582596495413495,0.0147339055895512,0.162527396512997,0.788305721066853,0.420069098900498,4,TRUE,FALSE
"Parenchyma","SMC","AD_overall_vs_Control",0.842393694183653,1.94624608149419e-05,0.47533295970707,1.26102143662156,0.41862774243791,4,FALSE,FALSE
"Parenchyma","ExNeuron6","AD_overall_vs_Control",0.892852769373672,0.00220506188503886,0.475440025557026,1.28949186929949,0.417412743816646,4,TRUE,FALSE
"Capillaries","InhNeuron3","AD_overall_vs_Control",0.871615940415795,0.000475096359711712,0.455635742145386,1.11769251621498,0.415980198270409,4,TRUE,FALSE
"Parenchyma","OPC3","AD_overall_vs_Control",0.846164398971487,3.76461303386735e-05,0.63682676802462,1.26066625462722,0.414501855655731,4,FALSE,FALSE
"Capillaries","ExNeuron1","AD_overall_vs_Control",0.735503331912612,0.0144322938208958,0.51167945591781,1.14486997039261,0.409366638479999,4,TRUE,FALSE
"Arteries","Microglia5","AD_overall_vs_Control",1.15714848212969,6.41524698112315e-07,0.831879335957495,1.56434481421799,0.407196332088297,4,FALSE,FALSE
"Capillaries","ExNeuron4","AD_overall_vs_Control",0.581845475577718,0.0687953203712114,0.288281380239235,0.985610536811421,0.403765061233703,4,TRUE,FALSE
"Capillaries","ExNeuron10","AD_overall_vs_Control",0.666187969064107,0.00806717866835976,0.266576713086058,0.879526732193129,0.399611255978049,4,TRUE,FALSE
"Capillaries","Oligodendrocytes4","AD_overall_vs_Control",0.579619311444657,0.05662298460662,0.357998108055361,0.967341976708194,0.387722665263537,4,TRUE,FALSE
"Parenchyma","Endothelial","AD_overall_vs_Control",0.63203824049482,0.00675786478779086,0.371184893241398,1.01663845363405,0.38460021313923,4,TRUE,FALSE
"Parenchyma","ExNeuron2","AD_overall_vs_Control",0.72697565709604,0.000260084593437855,0.354913677557829,1.11064068946315,0.383665032367111,4,TRUE,FALSE
"Capillaries","ExNeuron8","AD_overall_vs_Control",0.80777575542944,0.00104078559552122,0.424562448599033,1.14956968461005,0.383213306830408,4,TRUE,FALSE
"Capillaries","VLMC1","AD_overall_vs_Control",0.708586757301778,0.00638377636059444,0.325383770092857,0.93192695042789,0.383202987208921,4,TRUE,FALSE
"Capillaries","ExNeuron5","AD_overall_vs_Control",0.625865214364078,0.00901072784494461,0.242704091869019,0.847407463961757,0.38316112249506,4,TRUE,FALSE
"Parenchyma","InhNeuron5","AD_overall_vs_Control",0.807026047582735,3.04112318694934e-06,0.424766332821729,1.08180518910197,0.382259714761006,4,FALSE,FALSE
"Parenchyma","ExNeuron10","AD_overall_vs_Control",0.691285442489661,0.000461177414971498,0.372268695435789,1.06425199289988,0.372966550410221,4,TRUE,FALSE
"Arteries","Astrocytes1","AD_overall_vs_Control",0.70038381107938,0.0048472886574423,0.512805284178367,1.06993122537574,0.369547414296358,4,TRUE,FALSE
"Capillaries","InhNeuron1","AD_overall_vs_Control",0.735426712425379,0.00272978238618345,0.366082765672486,0.987863629653607,0.369343946752893,4,TRUE,FALSE
"Capillaries","ExNeuron9","AD_overall_vs_Control",0.645277480048765,0.0572796006397044,0.282451222436558,0.994789457959624,0.362826257612206,4,TRUE,FALSE
"Capillaries","ExNeuron6","AD_overall_vs_Control",0.532996264325952,0.0680821948163233,0.207264830580599,0.894896300330543,0.361900036004591,4,TRUE,FALSE
"Capillaries","Microglia3","AD_overall_vs_Control",0.772993607128349,0.00042205634561551,0.412258808191641,1.02607416388397,0.360734798936708,4,TRUE,FALSE
"Arteries","ExNeuron10","AD_overall_vs_Control",1.00036822309508,1.37475959593539e-06,0.783978497821677,1.3606407931202,0.360272570025128,4,FALSE,FALSE
"Arteries","ExNeuron6","AD_overall_vs_Control",0.334642482648079,0.223779994232662,0.0583977863708088,0.686562656203763,0.351920173555684,4,TRUE,FALSE
"Parenchyma","ExNeuron13","AD_overall_vs_Control",0.802234742649868,3.76461303386735e-05,0.451770101499145,0.978049206386428,0.350464641150723,4,TRUE,FALSE
"Capillaries","Microglia1","AD_overall_vs_Control",0.658403273589933,0.00655006871304581,0.308749182318208,0.994449609990278,0.349654091271726,4,TRUE,FALSE
"Capillaries","InhNeuron5","AD_overall_vs_Control",0.778315747771435,0.000893398457020364,0.42920534774521,1.03828313481526,0.349110400026224,4,TRUE,FALSE
"Capillaries","ExNeuron11","AD_overall_vs_Control",0.6744609519525,0.00638377636059444,0.332196782539236,0.942628565607936,0.342264169413264,4,TRUE,FALSE
"Capillaries","Astrocytes1","AD_overall_vs_Control",0.862222180517191,0.00806717866835976,0.630312736337977,1.20122859132603,0.339006410808836,4,TRUE,FALSE
"Capillaries","ExNeuron14","AD_overall_vs_Control",0.779391652969674,0.00042205634561551,0.515363915889973,1.11805349203792,0.338661839068246,4,TRUE,FALSE
"Parenchyma","ExNeuron7","AD_overall_vs_Control",0.60899382215784,0.012820872220249,0.385214592096654,0.940004854962193,0.331011032804353,4,TRUE,FALSE
"Parenchyma","InhNeuron3","AD_overall_vs_Control",0.725649191830325,0.00027332957581325,0.395937434505825,1.04985801960162,0.3297117573245,4,TRUE,FALSE
"Capillaries","Oligodendrocytes5","AD_overall_vs_Control",0.747614958550476,0.00901072784494461,0.419227983524395,0.994924004607849,0.328386975026081,4,TRUE,FALSE
"Parenchyma","OPC1","AD_overall_vs_Control",0.779657956698198,0.00013769049425392,0.586765641333747,1.1064104225744,0.326752465876203,4,FALSE,FALSE
"Capillaries","SMC","AD_overall_vs_Control",0.782934464313625,0.000475096359711712,0.45937393067677,0.970983820794585,0.323560533636855,4,TRUE,FALSE
"Capillaries","InhNeuron2","AD_overall_vs_Control",0.771941903367639,0.00108518470878088,0.44908582577635,0.977109876507816,0.322856077591289,4,TRUE,FALSE
"Arteries","Astrocytes4","AD_overall_vs_Control",0.542533155148207,0.0159682728559171,0.32786717498321,0.863399092458388,0.320865937310181,4,TRUE,FALSE
"Capillaries","InhNeuron4","AD_overall_vs_Control",0.690439599280188,0.00272978238618345,0.372074337219867,0.960101152136121,0.318365262060321,4,TRUE,FALSE
"Capillaries","ExNeuron13","AD_overall_vs_Control",0.752173248715109,0.00272978238618345,0.439519504661467,1.00057836827599,0.312653744053642,4,TRUE,FALSE
"Parenchyma","Microglia2","AD_overall_vs_Control",0.572996400711731,0.0116574066761566,0.275439117910145,0.885450511805894,0.312454111094163,4,TRUE,FALSE
"Capillaries","ExNeuron12","AD_overall_vs_Control",0.852088820962409,0.000893398457020364,0.568482978520987,1.16389779217528,0.311808971212873,4,TRUE,FALSE
"Parenchyma","Microglia5","AD_overall_vs_Control",0.942744843745654,0.000304870299452424,0.662497218255601,1.25218644668535,0.309441602939697,4,TRUE,FALSE
"Capillaries","ExNeuron7","AD_overall_vs_Control",0.947915570364042,0.00196368220385849,0.639794632323873,1.20413413826817,0.30812093804017,4,TRUE,FALSE
"Capillaries","Oligodendrocytes3","AD_overall_vs_Control",0.774417089745281,0.0024355821587117,0.466872458212061,0.956690523273319,0.30754463153322,4,TRUE,FALSE
"Arteries","Oligodendrocytes6","AD_overall_vs_Control",0.826587486313282,0.00246246763546968,0.521783688722633,0.948894901261843,0.304803797590649,4,TRUE,FALSE
"Parenchyma","Astrocytes4","AD_overall_vs_Control",0.790268857307635,0.000623437596957928,0.486942963056751,1.05840894726665,0.303325894250885,4,TRUE,FALSE
"Parenchyma","ExNeuron12","AD_overall_vs_Control",0.759062352518194,7.80273848188213e-05,0.459678296178208,0.956366546416215,0.299384056339986,4,FALSE,FALSE
"Arteries","ExNeuron2","AD_overall_vs_Control",1.01804970661314,2.03748192276439e-07,0.79572442686097,1.31702469189744,0.298974985284304,4,FALSE,FALSE
"Arteries","Endothelial","AD_overall_vs_Control",0.435775724714456,0.0806747022173169,0.165514512152149,0.732644688272385,0.296868963557929,4,TRUE,FALSE
"Arteries","Pericytes","AD_overall_vs_Control",0.407668403498474,0.0870960600542336,0.117160264763986,0.698904692681096,0.291236289182621,4,TRUE,FALSE
"Arteries","Microglia1","AD_overall_vs_Control",1.00251794348076,8.25397888343156e-06,0.715620408472993,1.21167823685272,0.286897535007768,4,FALSE,FALSE
"Parenchyma","ExNeuron14","AD_overall_vs_Control",0.809268694194448,6.33745542158943e-05,0.523457407659556,1.05758032637618,0.285811286534893,4,FALSE,FALSE
"Parenchyma","ExNeuron1","AD_overall_vs_Control",0.7260695851745,0.00675786478779086,0.53256166487398,1.0106847423728,0.284615157198296,4,TRUE,FALSE
"Arteries","Microglia4","AD_overall_vs_Control",0.919612704205916,0.000330832692999101,0.639678427041167,1.03644200835961,0.279934277164749,4,FALSE,FALSE
"Parenchyma","Microglia4","AD_overall_vs_Control",0.856625186237129,9.12332694546939e-05,0.579183897846819,1.01572019813688,0.27744128839031,4,FALSE,FALSE
"Arteries","ExNeuron1","AD_overall_vs_Control",0.364059833877243,0.132252612096441,0.149297690663342,0.632144658529977,0.268084824652734,4,TRUE,FALSE
"Arteries","OPC3","AD_overall_vs_Control",1.10788428316459,1.68333618638099e-08,0.905510035888635,1.37488258966942,0.266998306504831,4,FALSE,FALSE
"Parenchyma","Oligodendrocytes6","AD_overall_vs_Control",0.634494964395373,0.00741800750317482,0.369656094188507,0.803092958882976,0.264838870206866,4,TRUE,FALSE
"Parenchyma","ExNeuron9","AD_overall_vs_Control",0.557075147122887,0.0271593379702034,0.29306035764141,0.749961813535514,0.264014789481477,4,TRUE,FALSE
"Parenchyma","VLMC2","AD_overall_vs_Control",0.829956239648686,7.44926136542608e-06,0.674510665164004,1.09010287541324,0.260146635764556,4,FALSE,FALSE
"Parenchyma","ExNeuron8","AD_overall_vs_Control",0.677601278910932,0.00143431769199674,0.428830655144228,0.93770584098667,0.260104562075738,4,TRUE,FALSE
"Arteries","ExNeuron9","AD_overall_vs_Control",0.576386729622681,0.00414240391257139,0.318873540233433,0.694357569918541,0.257513189389248,4,TRUE,FALSE
"Arteries","ExNeuron7","AD_overall_vs_Control",0.478692702402178,0.0266681940688382,0.225747937134319,0.667390304649414,0.252944765267859,4,TRUE,FALSE
"Arteries","InhNeuron3","AD_overall_vs_Control",0.800959465370861,1.15371735546862e-05,0.578848960562747,1.05113483318801,0.250175367817152,4,FALSE,FALSE
"Capillaries","Microglia2","AD_overall_vs_Control",0.584058759444258,0.00638377636059444,0.340567259781081,0.746419128279858,0.243491499663177,4,TRUE,FALSE
"Parenchyma","Astrocytes2","AD_overall_vs_Control",0.834410377895415,0.00236331336804187,0.654794645444526,1.07621122599522,0.2418008480998,4,TRUE,FALSE
"Parenchyma","OPC2","AD_overall_vs_Control",0.931903359358282,1.0048128820382e-08,0.773578265177038,1.17344896171731,0.241545602359023,4,FALSE,FALSE
"Capillaries","Astrocytes3","AD_overall_vs_Control",0.736162776555198,0.00934955625336608,0.550835120783195,0.977224178356229,0.241061401801031,4,TRUE,FALSE
"Arteries","InhNeuron1","AD_overall_vs_Control",0.829299354127106,6.25101439327687e-05,0.592141936656212,1.03261321026855,0.237157417470895,4,FALSE,FALSE
"Parenchyma","Oligodendrocytes3","AD_overall_vs_Control",0.868125969935411,3.76461303386735e-05,0.672796126856161,1.10326999746237,0.235144027526959,4,FALSE,FALSE
"Arteries","InhNeuron5","AD_overall_vs_Control",0.717074028217788,0.00010902293582573,0.498726122617333,0.952190146951398,0.23511611873361,4,FALSE,FALSE
"Arteries","Microglia3","AD_overall_vs_Control",0.645902213410123,0.000455847734544741,0.414695932635892,0.744860442374615,0.231206280774231,4,TRUE,FALSE
"Arteries","ExNeuron5","AD_overall_vs_Control",0.83018936361349,4.35284275447226e-05,0.643873644644155,1.05980695592447,0.229617592310981,4,FALSE,FALSE
"Arteries","SMC","AD_overall_vs_Control",0.452016851995192,0.0224066895893965,0.285046248258551,0.681267204446976,0.229250352451784,4,TRUE,FALSE
"Arteries","ExNeuron8","AD_overall_vs_Control",0.536907191386538,0.0157355869884655,0.314664704775993,0.692771215689783,0.222242486610546,4,TRUE,FALSE
"Capillaries","OPC3","AD_overall_vs_Control",0.616864934227352,0.0110618968233502,0.395125522115814,0.769263270060015,0.221739412111539,4,TRUE,FALSE
"Parenchyma","Oligodendrocytes5","AD_overall_vs_Control",0.630226115592952,0.0136313484206664,0.426371653393174,0.844699333356247,0.214473217763295,4,TRUE,FALSE
"Arteries","InhNeuron4","AD_overall_vs_Control",0.78426685947706,3.71903394082931e-05,0.574737141999139,0.919888063697155,0.209529717477921,4,FALSE,FALSE
"Arteries","Oligodendrocytes3","AD_overall_vs_Control",0.957850194370906,8.03322384202924e-06,0.74842723866448,1.11376361554237,0.209422955706426,4,FALSE,FALSE
"Arteries","OPC1","AD_overall_vs_Control",1.06709007604316,2.64401266915147e-07,0.911177077656999,1.27625614098992,0.209166064946758,4,FALSE,FALSE
"Parenchyma","Astrocytes1","AD_overall_vs_Control",0.873540051729333,0.00160259293053954,0.689344589382372,1.08233087069033,0.208790818960994,4,TRUE,FALSE
"Arteries","VLMC2","AD_overall_vs_Control",0.798090704423058,0.000330832692999101,0.592377802058434,0.993245832136372,0.205712902364623,4,FALSE,FALSE
"Capillaries","OPC2","AD_overall_vs_Control",0.73432673762568,0.00286540173002958,0.529459942409933,0.908046372221881,0.204866795215747,4,TRUE,FALSE
"Arteries","Oligodendrocytes4","AD_overall_vs_Control",0.963114371456959,5.37795217895814e-05,0.760805314969964,1.10143427330108,0.202309056486995,4,FALSE,FALSE
"Arteries","InhNeuron2","AD_overall_vs_Control",0.773007539093763,0.000330832692999101,0.593690017354693,0.969881149296101,0.196873610202338,4,FALSE,FALSE
"Capillaries","Oligodendrocytes1","AD_overall_vs_Control",0.526944817467918,0.0865651974994524,0.331776809591638,0.696996187671272,0.19516800787628,4,TRUE,FALSE
"Capillaries","Astrocytes5","AD_overall_vs_Control",0.623001380134942,0.05662298460662,0.465289346936851,0.817356852789571,0.194355472654629,4,TRUE,FALSE
"Arteries","ExNeuron12","AD_overall_vs_Control",0.651430318738199,0.000945572693154434,0.459406279570628,0.818148381837674,0.192024039167572,4,FALSE,FALSE
"Arteries","Oligodendrocytes5","AD_overall_vs_Control",0.862635521771824,0.000898141830657627,0.682523986893221,1.03289549723409,0.180111534878603,4,FALSE,FALSE
"Arteries","OPC2","AD_overall_vs_Control",1.03997175672707,3.25856946662146e-08,0.892124756779922,1.21805151799226,0.178079761265186,4,FALSE,FALSE
"Parenchyma","Astrocytes3","AD_overall_vs_Control",0.790865603655978,0.00027332957581325,0.646894978807586,0.967977611189998,0.177112007534021,4,FALSE,FALSE
"Capillaries","Oligodendrocytes7","AD_overall_vs_Control",0.537948213712613,0.0856525511300119,0.395065096489713,0.715022903242704,0.177074689530091,4,TRUE,FALSE
"Arteries","ExNeuron11","AD_overall_vs_Control",0.789510931584272,4.32464064168024e-05,0.614543241168034,0.956314995792291,0.174967690416237,4,FALSE,FALSE
"Arteries","Oligodendrocytes7","AD_overall_vs_Control",0.609140363798699,0.0258320304578818,0.434214383597846,0.714334389291635,0.174925980200853,4,TRUE,FALSE
"Arteries","ExNeuron14","AD_overall_vs_Control",0.65048275349882,5.72865576026077e-05,0.480110506270031,0.810789737559889,0.170372247228789,4,FALSE,FALSE
"Arteries","ExNeuron13","AD_overall_vs_Control",0.76076249012725,4.35284275447226e-05,0.596300526913171,0.863844886576765,0.164461963214078,4,FALSE,FALSE
"Parenchyma","Oligodendrocytes4","AD_overall_vs_Control",0.82194153133397,0.000304870299452424,0.68614740211733,0.98329239379758,0.161350862463611,4,FALSE,FALSE
"Parenchyma","Astrocytes5","AD_overall_vs_Control",0.685618392718979,0.0115310834960675,0.529831800674691,0.822825042728766,0.155786592044288,4,TRUE,FALSE
"Capillaries","Oligodendrocytes6","AD_overall_vs_Control",0.573118531338184,0.0680821948163233,0.490425336962459,0.71851389855933,0.145395367221145,4,TRUE,FALSE
"Arteries","Oligodendrocytes1","AD_overall_vs_Control",0.609373159479178,0.0224066895893965,0.472704459763279,0.736171319214909,0.136668699715899,4,TRUE,FALSE
"Capillaries","Microglia4","AD_overall_vs_Control",0.637930909967351,0.0225986884673917,0.51429825190733,0.761426056307232,0.123632658060021,4,TRUE,FALSE
"Capillaries","OPC1","AD_overall_vs_Control",0.562275577640134,0.026742814813075,0.443698719274485,0.685490884065117,0.123215306424984,4,TRUE,FALSE
"Capillaries","Oligodendrocytes8","AD_overall_vs_Control",0.943789336745348,0.00042205634561551,0.831882487687544,1.06611284409289,0.122323507347542,4,FALSE,FALSE
"Capillaries","Pericytes","AD_overall_vs_Control",0.569668664493852,0.0113612363962571,0.449608500094381,0.642006143919117,0.120060164399471,4,TRUE,FALSE
"Capillaries","VLMC2","AD_overall_vs_Control",0.60150388915537,0.0140346743088559,0.491626439168536,0.694414519226366,0.109877449986833,4,TRUE,FALSE
"Arteries","VLMC1","AD_overall_vs_Control",0.780201755797578,0.00127525748252173,0.674320354895803,0.832497547535926,0.105881400901776,4,FALSE,FALSE
"Arteries","Astrocytes5","AD_overall_vs_Control",0.587742934788409,0.0241068340048261,0.507197701973524,0.69088765565061,0.1031447208622,4,TRUE,FALSE
"Parenchyma","Oligodendrocytes8","AD_overall_vs_Control",0.71806174220187,0.00011569073696197,0.667527886361907,0.818845535400661,0.10078379319879,4,FALSE,FALSE
"Arteries","Astrocytes3","AD_overall_vs_Control",0.866346524367931,5.37795217895814e-05,0.802612686662331,0.96422491202973,0.097878387661799,4,FALSE,FALSE
"Arteries","Microglia2","AD_overall_vs_Control",0.63373473277751,0.000330832692999101,0.552624421790874,0.672711931487239,0.0811103109866359,4,FALSE,FALSE
"Arteries","Oligodendrocytes8","AD_overall_vs_Control",0.698470279235264,0.000172024021852679,0.622188673006065,0.776415936578908,0.077945657343644,4,FALSE,FALSE
"Parenchyma","Oligodendrocytes7","AD_overall_vs_Control",0.432527349823442,0.0958166411720642,0.355974756896856,0.510215168165765,0.0776878183423225,4,TRUE,FALSE
"Parenchyma","Oligodendrocytes1","AD_overall_vs_Control",0.574133988382096,0.0227573602805408,0.500931911277561,0.624240857241454,0.0732020771045353,4,TRUE,FALSE
"Capillaries","Endothelial","AD_overall_vs_Control",0.414172588967841,0.0856525511300119,0.387295103796638,0.462933707201514,0.0487611182336734,4,FALSE,FALSE
