ROI_ID,Scan Name,Segment (Name/ Label),Segment Tags,Custom Segment Name,LOT_Human_NGS_Whole_Transcriptome_Atlas_RNA_1_0,GeoMx_ROI_ID,Scan_ID,disease_status,pathology,region,Astrocytes1,Astrocytes2,Astrocytes3,Astrocytes4,Astrocytes5,Endothelial,ExNeuron1,ExNeuron10,ExNeuron11,ExNeuron12,ExNeuron13,ExNeuron14,ExNeuron2,ExNeuron3,ExNeuron4,ExNeuron5,ExNeuron6,ExNeuron7,ExNeuron8,ExNeuron9,Fibroblast,InhNeuron1,InhNeuron2,InhNeuron3,InhNeuron4,InhNeuron5,Microglia1,Microglia2,Microglia3,Microglia4,Microglia5,OPC1,OPC2,OPC3,Oligodendrocytes1,Oligodendrocytes2,Oligodendrocytes3,Oligodendrocytes4,Oligodendrocytes5,Oligodendrocytes6,Oligodendrocytes7,Oligodendrocytes8,Pericytes,SMC,VLMC1,VLMC2
2534_A_001,BRC 2534 BRC 2732,Full ROI,,,HW0110125,2534_A,BRC 2534 BRC 2732,AD-CAA,Amyloid,Arteries,0.034395397,0.08901217,0.03398579,0.08002258,0.06062023,0.84131396,0.06577792,0.025400456,0.040686216,0.0448147,0.04439726,0.059415877,0.02754749,0.12806186,0.09914362,0.030781427,0.06964341,0.04657792,0.03565108,0.03734054,3.2030203,0.035809822,0.035936438,0.036028832,0.03897155,0.05162076,0.05875124,0.1270285,0.10545653,0.037805695,0.19464873,0.030785264,0.03364774,0.03006621,0.026142213,0.0796943,0.060173884,0.055816263,0.07779187,0.055406187,0.03941819,0.09682075,0.101079255,0.4718888,0.072571635,0.076686405
2534_A_002,BRC 2534 BRC 2732,Full ROI,,,HW0110125,2534_A 002,BRC 2534 BRC 2732,AD-CAA,Amyloid,Arteries,0.05674552,0.06740236,0.040515896,0.06820809,0.10395378,0.056838136,0.039437246,0.049078945,0.049481932,0.040063288,0.04226743,0.039167836,0.04563851,0.03560094,0.0377337,0.045115076,0.042959645,0.0399506,0.036108974,0.03217173,5.202315,0.05857695,0.05563157,0.050553042,0.04326871,0.054807723,0.060246866,0.05317821,0.07726229,0.03308586,0.6440728,0.04753891,0.03844461,0.05975639,0.030409578,0.02970049,0.07157137,0.05111341,0.084881805,0.03710297,0.03420811,0.060163744,0.02944013,0.081673875,0.03548297,0.034418784
2534_A_003,BRC 2534 BRC 2732,Full ROI,,,HW0110125,2534_A 003,BRC 2534 BRC 2732,AD-CAA,Amyloid,Arteries,0.017285,0.018093342,0.013968922,0.01585211,0.020710908,0.015421976,0.012588538,0.018336099,0.01693005,0.016415887,0.016622,0.014904908,0.017247498,0.015003763,0.015619772,0.014804023,0.01499154,0.0152967675,0.015470846,0.013617792,1.8194846,0.015940478,0.014159176,0.014734992,0.015767543,0.016193094,0.018399296,0.01519194,0.019980783,0.01158531,0.07178947,0.013627003,0.011569957,0.013183016,0.009439765,0.0102040805,0.016498772,0.013739724,0.022688577,0.01273909,0.009696011,0.021201598,0.021033527,0.024448203,0.023327544,0.01744391
2534_A_004,BRC 2534 BRC 2732,Full ROI,,,HW0110125,2534_A 004,BRC 2534 BRC 2732,AD-CAA,Amyloid,Arteries,0.031010631,0.050853927,0.019646637,0.03173959,0.032570306,0.053760484,0.019162156,0.022484358,0.02531392,0.021039547,0.020160101,0.019688834,0.022889987,0.019382067,0.021193514,0.020354228,0.020658549,0.019451955,0.019320952,0.018952163,3.5155692,0.02807158,0.023087272,0.024483489,0.02662221,0.024704676,0.04518271,0.028051095,0.045366727,0.017773623,0.27137965,0.029625028,0.021166109,0.027935827,0.012973782,0.014481872,0.02571141,0.024347901,0.038445156,0.017522808,0.01522774,0.032278392,0.047273166,0.063696355,0.040258043,0.029355811
2534_A_005,BRC 2534 BRC 2732,Full ROI,,,HW0110125,2534_A 005,BRC 2534 BRC 2732,AD-CAA,Amyloid,Arteries,0.056115367,0.13034694,0.13588525,0.093620665,0.10674988,1.0931243,0.080696926,0.099273875,0.093851015,0.07550192,0.08664031,0.08357371,0.09557196,0.052432377,0.05558601,0.0729856,0.05413507,0.051306393,0.06298523,0.09179328,12.336825,0.043124165,0.04821371,0.06515787,0.040875606,0.05091508,0.26781997,0.10348031,0.26894388,0.27263215,2.3112102,0.09177408,0.14658901,0.099541165,0.24433076,0.25327522,0.26773292,0.30154103,0.27682677,0.9907749,0.28949773,0.2611847,0.5003394,0.19703153,1.5478209,0.2261354
2534_A_006,BRC 2534 BRC 2732,Full ROI,,,HW0110125,2534_A 006,BRC 2534 BRC 2732,AD-CAA,Amyloid,Arteries,0.043388676,0.058626745,0.115302265,0.08705785,0.067894615,2.3464167,0.081036754,0.14417927,0.13814189,0.07103059,0.090501845,0.12408083,0.12193091,0.056750458,0.0586217,0.082594335,0.06192391,0.04986104,0.066116564,0.10012598,16.562344,0.1541373,0.16097063,0.10177549,0.10254712,0.09742988,0.65393984,0.23239987,0.3079388,0.54746896,3.3212433,0.3677868,0.27183044,0.43266594,0.48741436,0.17528957,0.3804401,0.60744256,1.2685573,0.42382348,0.42877135,0.2846687,1.1860907,0.54374135,1.3869718,0.47793564
2534_A_007,BRC 2534 BRC 2732,Full ROI,,,HW0110125,2534_A 007,BRC 2534 BRC 2732,AD-CAA,Amyloid,Arteries,0.11321042,0.15890314,0.15559934,0.12425458,0.15947938,3.4357338,0.09316965,0.17298287,0.10538422,0.08765504,0.13859428,0.11866123,0.09890903,0.06086894,0.058031294,0.07833111,0.06447218,0.06346652,0.076965444,0.10952929,17.113283,0.091341995,0.1503986,0.07161949,0.05116523,0.106875375,0.96154684,0.46759084,0.27195597,0.3255933,3.3841221,0.15937842,0.15918516,0.14126919,0.25843272,0.37720993,0.30348927,0.27797812,0.25764906,0.6916044,0.36452,0.4897652,3.3379447,0.21495324,2.8206027,0.2644097
2534_A_008,BRC 2534 BRC 2732,Full ROI,,,HW0110125,2534_A 008,BRC 2534 BRC 2732,AD-CAA,Amyloid,Arteries,0.05984058,0.057478778,0.1711045,0.10331664,0.11322683,1.6225398,0.09214206,0.2364867,0.22388746,0.09682112,0.1644379,0.13209073,0.26303387,0.05364511,0.052815534,0.13330802,0.06127346,0.07857997,0.06416829,0.18710378,24.099588,0.25146547,0.31142017,0.1343384,0.09923362,0.14447126,1.1009672,0.50893676,0.3402099,0.91603744,4.76725,0.35459846,0.3375273,0.2902174,0.83000666,0.15517719,0.56585497,1.0512472,3.1180432,0.9012552,0.5382698,0.7999016,1.2148198,0.7149919,0.3216656,0.74340993
2534_A_009,BRC 2534 BRC 2732,Full ROI,,,HW0110125,2534_A 009,BRC 2534 BRC 2732,AD-CAA,Amyloid,Arteries,0.060983684,0.26375797,0.08212448,0.028182397,0.060308043,18.023226,0.06732268,0.07814091,0.2894116,0.16634016,0.17066695,0.061956044,0.0732806,0.33304575,0.191676,0.15799071,0.28412154,0.044712882,0.069702365,0.05076923,24.037235,0.10193688,0.0818554,0.074758366,0.08340849,0.08395145,3.3418486,0.62348896,0.06498627,0.13839126,1.8808576,0.11312173,0.06203413,0.09975663,0.20626904,0.7552541,0.031894915,0.028850991,0.0343251,0.037763156,0.1129108,0.17163122,5.8078914,0.056079775,4.427141,2.7358296
2534_A_010,BRC 2534 BRC 2732,Full ROI,,,HW0110125,2534_A 010,BRC 2534 BRC 2732,AD-CAA,Amyloid,Arteries,0.05760344,0.065174505,0.15876783,0.10994363,0.10460035,0.17996103,0.083340086,0.19572824,0.090962395,0.08892282,0.10591707,0.12688799,0.10300831,0.05647673,0.057603166,0.06152073,0.048038546,0.07695295,0.0547163,0.11148212,17.525871,0.13779408,0.2415233,0.11528701,0.22183025,0.1359931,0.8545865,0.2227347,0.32767066,1.0528966,3.1448555,0.3628328,0.41344967,0.3316533,1.0971147,0.2041999,0.45422712,1.4066082,2.1780586,1.3624446,1.8932577,0.7381467,0.57761943,0.3338777,0.32238236,0.33164874
2534_B_001,BRC 2534 BRC 2732,Full ROI,,,HW0110125,2534_B,BRC 2534 BRC 2732,AD-CAA,Amyloid,Capillaries,0.12950245,0.76727104,0.031904407,0.43677154,0.07196102,0.059864625,0.3026435,0.024073144,0.03489017,0.07345269,0.05481355,0.06459971,0.023551855,1.379448,1.0291672,0.029027581,0.077741034,0.18305375,0.051153995,0.05923271,3.4631743,0.030161824,0.03568876,0.038767442,0.031186825,0.04716967,0.03641771,0.04428147,0.07076952,0.023284424,0.13687672,0.01756435,0.022486933,0.017611617,0.019159164,0.11059905,0.06617026,0.033176254,0.057879657,0.039961535,0.044980694,0.21014749,0.04318802,0.20747823,0.04399643,0.041080084
2534_C_001,BRC 2534 BRC 2732,Full ROI,,,HW0110125,2534_C,BRC 2534 BRC 2732,AD-CAA,Amyloid,Parenchyma,0.06906674,0.075725555,0.11814297,0.06638001,0.1156533,0.5144741,0.049472935,0.03442563,0.044797555,0.042194422,0.042454746,0.06204185,0.031189626,0.043408625,0.04252539,0.03023925,0.03660976,0.04270226,0.030640027,0.044205513,5.180882,0.03515295,0.040098194,0.043314476,0.040892385,0.046083655,0.25561953,0.47598252,0.13223693,0.3677809,1.0867077,0.089651875,0.08120067,0.095231794,0.60131687,2.6546059,0.23385438,0.12880893,0.1176348,0.88851744,1.1848607,0.31600317,0.071028605,0.10781101,0.105642125,0.11326368
2534_C_002,BRC 2534 BRC 2732,Full ROI,,,HW0110125,2534_C 002,BRC 2534 BRC 2732,AD-CAA,Amyloid,Parenchyma,0.31346056,2.1411448,0.12381445,0.31737027,0.25888538,1.0013655,1.1069617,0.03170042,0.4045552,0.16697553,0.16094136,0.22278601,0.03701869,5.15261,1.7524605,0.12372832,0.81629413,0.5220962,0.11183782,0.1536695,14.690415,0.062067743,0.14050803,0.08250502,0.11229133,0.0808048,0.6754495,1.0108908,0.38536602,0.14473756,0.38936615,0.062480602,0.09046763,0.08619178,0.1564262,6.076229,0.13412876,0.07317574,0.09955956,0.118681744,0.31439242,0.9650868,0.24494347,0.33026275,0.09662476,0.21121518
2534_C_003,BRC 2534 BRC 2732,Full ROI,,,HW0110125,2534_C 003,BRC 2534 BRC 2732,AD-CAA,Amyloid,Parenchyma,0.35206422,1.0343416,0.13149795,0.21358301,0.13017164,0.4406486,1.1292725,0.034154065,0.18950205,0.20880747,0.14088337,0.23939565,0.03990661,4.1472006,1.3163205,0.13039595,0.5182392,1.3208838,0.14147617,0.15094754,11.42658,0.050541922,0.1219918,0.049803857,0.062400095,0.09256385,0.15584058,0.5694755,0.21838509,0.1378007,0.41552272,0.04818708,0.08175613,0.060939193,0.167163,3.8136184,0.19005816,0.08232483,0.15357752,0.13229616,0.2948799,0.85091615,0.13686079,0.25667018,0.13050817,0.21855976
2534_C_004,BRC 2534 BRC 2732,Full ROI,,,HW0110125,2534_C 004,BRC 2534 BRC 2732,AD-CAA,Amyloid,Parenchyma,0.06969048,0.3673479,0.08354055,0.35124013,0.074953265,0.16225553,0.4114399,0.039913774,0.08475818,0.11274601,0.13787083,0.3365671,0.035491597,1.656756,0.82212704,0.053034678,0.22153845,0.28744707,0.08156768,0.12052715,7.5500755,0.054523375,0.09532757,0.066808864,0.059881054,0.1165426,0.09088613,0.15329726,0.19626968,0.1140017,0.6224027,0.059722565,0.10020594,0.057363085,0.12500986,1.3058321,0.3979551,0.20656432,0.23316135,0.2193708,0.30008122,0.6334174,0.07565056,0.2592445,0.07797803,0.13422209
2534_C_005,BRC 2534 BRC 2732,Full ROI,,,HW0110125,2534_C 005,BRC 2534 BRC 2732,AD-CAA,Amyloid,Parenchyma,0.04098006,0.04529628,0.09746628,0.09377548,0.06220209,0.3321204,0.09912773,0.11217215,0.1047594,0.09298837,0.08261438,0.16064939,0.09251661,0.08500412,0.099762455,0.07186801,0.08493031,0.11162612,0.06647993,0.07895884,13.618222,0.11464794,0.117396824,0.1598352,0.07653608,0.25813976,1.0193259,0.16453359,0.29454204,0.9401669,2.4145942,0.112658605,0.16691144,0.12179955,0.86883056,0.27216756,0.53647935,0.92722636,0.75856185,0.95473945,0.7517851,0.6237242,0.12002724,0.2842718,0.13703527,0.29282823
2534_C_006,BRC 2534 BRC 2732,Full ROI,,,HW0110125,2534_C 006,BRC 2534 BRC 2732,AD-CAA,Amyloid,Parenchyma,0.1046005,0.12398162,0.048199665,0.092762046,0.19457583,0.06848483,0.044627946,0.06519451,0.050687816,0.052050482,0.047072705,0.041635014,0.059663672,0.042166132,0.046107557,0.046925936,0.040923536,0.039630104,0.04629721,0.041642383,4.7774415,0.04352687,0.038022324,0.045383386,0.039653834,0.04517983,0.16506635,0.09331478,0.12716332,0.040557735,1.2253258,0.04148752,0.038058642,0.045988835,0.02465569,0.0354722,0.062051274,0.046854384,0.064991035,0.046220362,0.03341113,0.05632087,0.06896206,0.12930284,0.07529781,0.042967513
2534_C_007,BRC 2534 BRC 2732,Full ROI,,,HW0110125,2534_C 007,BRC 2534 BRC 2732,AD-CAA,Amyloid,Parenchyma,0.039427508,0.040290594,0.03526108,0.038893487,0.04940761,0.060873974,0.02521081,0.024254493,0.028952934,0.021598088,0.021963418,0.028533619,0.023452235,0.02035944,0.021779569,0.024721062,0.023806717,0.024357516,0.02268171,0.024395654,2.7354317,0.027270086,0.024700908,0.027379468,0.027496945,0.023367027,0.02460053,0.024703745,0.04223273,0.02812889,0.37623796,0.02080064,0.024992013,0.022338508,0.029272228,0.035852186,0.04942315,0.038626626,0.10459392,0.031981386,0.03002477,0.060387928,0.039845623,0.04771452,0.041777745,0.037631504
2534_C_008,BRC 2534 BRC 2732,Full ROI,,,HW0110125,2534_C 008,BRC 2534 BRC 2732,AD-CAA,Amyloid,Parenchyma,0.058497746,0.040761393,0.13593404,0.09376804,0.10334406,0.105695456,0.08912744,0.13066791,0.09885381,0.07258737,0.06433186,0.11806363,0.12969477,0.056869734,0.06821648,0.07941025,0.05908356,0.07134479,0.08031954,0.09676986,12.829297,0.06361515,0.13272238,0.08211555,0.09870523,0.09923042,0.31992212,0.11643344,0.26318786,0.43676805,2.2569227,0.17617409,0.22731838,0.15291125,0.47990203,0.22892545,0.6656673,1.1327792,1.9886473,0.52896684,0.35324776,0.5102393,0.07506363,0.26536328,0.38301444,0.12673879
2534_D_001,BRC 2534 BRC 2732,Full ROI,,,HW0110125,2534_D,BRC 2534 BRC 2732,AD-CAA,AmyloidFree,Arteries,0.19398451,0.31214213,0.6419282,0.30012763,0.3676595,2.6066177,0.23194122,1.5031265,0.54981446,0.36011103,0.25897497,0.30236217,0.59626365,0.14749114,0.18908136,0.24654262,0.15990095,0.12964119,0.10423257,0.21411729,53.544334,0.27970374,1.1082202,0.22014503,0.23623598,0.28540424,2.4177327,0.6685725,0.5155959,2.8870628,9.869587,0.7974821,0.89455676,0.8857484,3.1446898,2.16888,1.71492,2.2425127,3.26761,8.585395,4.9209685,1.5188679,1.4910617,1.086904,3.522797,1.3583823
2534_D_002,BRC 2534 BRC 2732,Full ROI,,,HW0110125,2534_D 002,BRC 2534 BRC 2732,AD-CAA,AmyloidFree,Arteries,0.06328629,0.05533114,0.15766634,0.11588518,0.078835346,1.8081276,0.08418855,0.41694894,0.14759578,0.095780954,0.13496566,0.1359189,0.31622157,0.053624086,0.05754782,0.119053654,0.06646826,0.07963738,0.07690586,0.11565773,22.803968,0.13406655,0.17029895,0.23924059,0.08094231,0.10713739,0.60785884,0.43125767,0.23185918,1.633457,4.0037794,0.522719,0.38994816,0.27621758,0.94283825,0.32901764,0.60662144,1.3337876,2.5157304,1.3382796,3.6963654,0.28963256,0.28121126,0.33171734,0.59106815,0.5131854
2534_D_003,BRC 2534 BRC 2732,Full ROI,,,HW0110125,2534_D 003,BRC 2534 BRC 2732,AD-CAA,AmyloidFree,Arteries,0.1757715,0.3386038,0.392437,0.14334093,0.43536866,18.28044,0.150741,0.61183333,0.67081034,0.25024235,0.24184883,0.24985018,0.6461129,0.15040135,0.16229549,0.44596502,0.30640554,0.10527137,0.112620115,0.12402945,52.603413,0.39359412,0.2866943,0.24650542,0.47163782,0.19462705,3.2285895,0.55635536,0.23294596,0.6638809,8.88545,1.0110418,0.43619397,0.4760013,1.1431284,0.55607295,0.18660615,0.34415963,0.508379,0.26526996,0.6056772,0.8157879,6.8037977,0.4847958,3.5473146,1.1789632
2534_D_004,BRC 2534 BRC 2732,Full ROI,,,HW0110125,2534_D 004,BRC 2534 BRC 2732,AD-CAA,AmyloidFree,Arteries,0.3051803,0.8427021,0.89399666,0.35403425,0.644094,8.864838,0.27211186,0.97547877,1.5459216,0.34585497,0.3091955,0.42419702,0.6725726,0.18521404,0.23072165,0.6975025,0.3794721,0.13758741,0.18270627,0.1890979,65.766335,0.67473644,0.38607523,0.6905147,0.40378585,0.2720427,3.5037587,1.0496737,0.8764627,1.9561402,12.332611,0.8660818,0.92751986,0.92288214,2.7935853,2.2460158,1.0655549,1.11042,0.9045631,2.0841026,5.3993235,1.22715,4.916683,1.4549173,3.7691376,2.9376802
2534_D_005,BRC 2534 BRC 2732,Full ROI,,,HW0110125,2534_D 005,BRC 2534 BRC 2732,AD-CAA,AmyloidFree,Arteries,0.039793942,0.06780524,0.08807283,0.08032875,0.056202866,0.23260583,0.066761844,0.043119427,0.07051145,0.043254077,0.043715864,0.067604735,0.045070093,0.040265165,0.0412153,0.060132306,0.058760848,0.043593954,0.03934807,0.064105704,8.181803,0.060574085,0.084730476,0.05021949,0.18709472,0.051519886,0.16094413,0.2352922,0.12416257,0.26345128,2.282331,0.11168127,0.16730921,0.15603097,0.3706997,0.33031175,0.23792712,0.35642943,0.52528894,0.67850006,0.35069057,0.27865306,0.31941637,0.42970815,0.5513025,0.36499402
2534_D_006,BRC 2534 BRC 2732,Full ROI,,,HW0110125,2534_D 006,BRC 2534 BRC 2732,AD-CAA,AmyloidFree,Arteries,0.07649801,0.116784886,0.19472091,0.11398273,0.12072075,4.9264092,0.1672254,0.24318446,0.26710126,0.18511625,0.18743363,0.20834868,0.26265848,0.1271618,0.117458105,0.2644761,0.14129129,0.111432485,0.12736063,0.18030974,22.239489,0.200544,0.38024634,0.116332,0.2139781,0.14911802,1.2252824,1.5196017,0.34990987,0.9559037,2.7460082,0.19259842,0.22941427,0.19947302,2.8366008,2.6481357,0.20866196,0.28955662,0.3910342,0.91385096,5.925981,1.5808933,0.8033393,0.26962912,0.24991332,0.8138495
2534_D_007,BRC 2534 BRC 2732,Full ROI,,,HW0110125,2534_D 007,BRC 2534 BRC 2732,AD-CAA,AmyloidFree,Arteries,0.12048653,0.107536815,0.43131664,0.18644452,0.54914653,0.29145092,0.14089045,0.34175983,0.40873888,0.19755748,0.22191326,0.2261722,0.4311125,0.087303594,0.08588158,0.24102604,0.10047563,0.0943532,0.13623595,0.13907816,30.640848,0.2529956,0.42230645,0.27144262,0.2728004,0.30524796,0.643042,0.9853803,0.6536766,2.9892476,4.0473676,1.199434,1.0447402,0.9366551,6.0003695,0.8733901,0.91189045,0.6677798,1.0903552,5.406811,4.2480035,0.762802,0.17733331,0.32036448,0.48601803,0.87684023
2534_D_008,BRC 2534 BRC 2732,Full ROI,,,HW0110125,2534_D 008,BRC 2534 BRC 2732,AD-CAA,AmyloidFree,Arteries,0.036863767,0.03259357,0.061912768,0.06953124,0.050481923,1.0179108,0.08132788,0.059290968,0.10017463,0.07915873,0.057131995,0.07045465,0.06281492,0.052984033,0.06550751,0.08493836,0.07366711,0.075671084,0.04969253,0.073303916,7.903561,0.07875526,0.12756719,0.082189076,0.06878533,0.083304346,0.20696796,0.2811047,0.16439864,0.16098921,1.6282907,0.119627126,0.11143517,0.1227371,0.17623758,0.14281556,0.26130438,0.31256133,0.2891334,0.17332122,0.17709838,0.26460913,0.31043714,0.23916687,0.21270043,0.15847516
2534_E_001,BRC 2534 BRC 2732,Full ROI,,,HW0110125,2534_E,BRC 2534 BRC 2732,AD-CAA,AmyloidFree,Capillaries,1.0096539,2.9060786,0.050013237,0.5996077,0.1449439,0.9452502,2.7307138,0.024112297,0.13043343,0.20636682,0.10846034,0.09843905,0.028155716,6.062008,2.9629624,0.08030262,0.58669215,0.88558495,0.15480013,0.07955441,13.478417,0.07460645,0.13590506,0.062139492,0.09569917,0.07822522,0.10848941,0.2640667,0.25337476,0.046550643,0.44703877,0.036922187,0.038730923,0.044262134,0.039505444,0.2509241,0.107271776,0.042005535,0.06858877,0.049340453,0.101531066,0.6830393,0.09394417,0.13766906,0.05627278,0.07685304
2534_E_002,BRC 2534 BRC 2732,Full ROI,,,HW0110125,2534_E 002,BRC 2534 BRC 2732,AD-CAA,AmyloidFree,Capillaries,0.07796067,0.054841693,0.22266552,0.11898099,0.12361165,0.09727493,0.08108009,0.18466248,0.32518405,0.081988536,0.07577574,0.10680958,0.25150982,0.04406344,0.054587215,0.16207224,0.07590224,0.07001123,0.06981203,0.08440011,21.95349,0.18462306,0.2304839,0.39161858,0.18872786,0.17777616,0.35449773,0.35250574,0.2446642,1.3483027,3.7968545,0.46642342,0.4173941,0.3429965,3.823615,0.28595096,0.4820853,1.3972667,2.0892358,3.7991548,0.9792532,0.78670806,0.13645533,0.37860492,0.32956225,0.21556957
2534_E_003,BRC 2534 BRC 2732,Full ROI,,,HW0110125,2534_E 003,BRC 2534 BRC 2732,AD-CAA,AmyloidFree,Capillaries,0.055814616,0.045895323,0.18650453,0.13826191,0.16004255,0.9933916,0.101316966,0.43820086,0.41310975,0.14310089,0.13267729,0.19936241,0.47697973,0.0475747,0.0638762,0.23131557,0.07683184,0.07327405,0.07893521,0.14781418,27.849743,0.1478091,0.38627425,0.32037348,0.16716655,0.25068483,0.8152339,0.46340373,0.5438271,0.6455339,3.8774748,0.3251267,0.40356922,0.32926628,0.530462,0.16201371,0.781564,5.98829,2.8693104,3.218089,0.44225088,0.39826158,0.22888204,0.7836925,0.58640605,0.16780654
2534_E_004,BRC 2534 BRC 2732,Full ROI,,,HW0110125,2534_E 004,BRC 2534 BRC 2732,AD-CAA,AmyloidFree,Capillaries,0.21599245,0.26539704,0.7827844,0.21431082,0.40970603,1.4018853,0.1954461,0.35771728,0.3316981,0.37542957,0.38234922,0.38827738,0.41018432,0.26934662,0.3322683,0.23140304,0.24794672,0.4300718,0.18407464,0.18602918,32.954506,0.3378896,0.477019,0.24182743,0.19374572,0.33719844,0.8196187,1.2838386,0.3280875,2.6765325,1.6108732,0.26955417,0.5765223,0.36110565,6.9681315,3.6212447,0.5688568,0.6987521,0.74531394,1.6105058,11.44159,1.6491315,0.46529174,0.42122984,0.5922533,1.2118256
2534_F_001,BRC 2534 BRC 2732,Full ROI,,,HW0110125,2534_F,BRC 2534 BRC 2732,AD-CAA,AmyloidFree,Parenchyma,0.13632983,0.13982852,0.5361168,0.1659318,0.4232886,0.26002154,0.122413844,0.67027307,0.31622043,0.13849105,0.24633211,0.23973407,0.48777315,0.07009451,0.0728806,0.24847257,0.107134424,0.09543004,0.09747772,0.2139893,35.186684,0.5572275,0.30610564,0.3344431,0.1937873,0.33192715,1.205047,0.37405303,0.47910544,2.8642602,6.3059335,0.46903142,0.6659976,0.47106445,4.7585034,0.5318351,2.0586536,1.4678564,2.0512211,4.3766546,1.835448,0.81039155,0.33854344,0.5045022,0.88332504,0.55816877
2534_F_002,BRC 2534 BRC 2732,Full ROI,,,HW0110125,2534_F 002,BRC 2534 BRC 2732,AD-CAA,AmyloidFree,Parenchyma,0.042456336,0.049355984,0.10008845,0.079681724,0.06371283,0.20567945,0.13071091,0.10526697,0.24609073,0.10506481,0.17011094,0.21112818,0.09843965,0.118763655,0.10916729,0.14302166,0.11293008,0.09818974,0.07786451,0.11613632,12.839986,0.100973204,0.13560596,0.11240517,0.111609645,0.16047429,0.2614776,0.27997887,0.17098196,0.76230294,2.4820783,0.18500188,0.21442382,0.19023702,2.909293,0.72232157,0.3371903,0.49695525,0.34610876,1.7404414,2.3253667,0.661527,0.18759786,0.32454023,0.11414693,0.348488
2534_F_003,BRC 2534 BRC 2732,Full ROI,,,HW0110125,2534_F 003,BRC 2534 BRC 2732,AD-CAA,AmyloidFree,Parenchyma,0.3234063,0.54030395,0.9115355,0.41024336,1.7996801,0.90106183,0.33404523,1.210312,0.45462358,0.5524431,0.8929194,0.8169749,0.36953837,0.6647765,0.72477055,0.28241032,0.47722942,0.22698005,0.21369931,0.36488456,49.436012,0.3090936,0.411752,0.3172886,0.45959187,0.8111892,2.545978,2.8066924,0.560248,2.470634,5.9566503,0.7197858,0.9609703,0.6386158,5.213709,5.781617,1.1152972,0.82651836,0.8557334,2.7911704,18.115826,2.9452891,0.8145005,0.6798201,0.58183575,1.7636173
2534_F_004,BRC 2534 BRC 2732,Full ROI,,,HW0110125,2534_F 004,BRC 2534 BRC 2732,AD-CAA,AmyloidFree,Parenchyma,0.0490989,0.046254877,0.09157527,0.10818119,0.05149206,0.12831752,0.08570667,0.11116204,0.104539216,0.074876785,0.07371438,0.10508813,0.1095549,0.045373153,0.05562031,0.10466343,0.07117502,0.063326985,0.05385755,0.08847968,13.703489,0.06679077,0.20290859,0.088516355,0.095764466,0.09725573,0.981105,0.6248291,0.2974374,0.6756814,2.5286832,0.15995063,0.20954943,0.17734642,0.43900448,0.202134,0.7530211,1.3536546,1.6137091,1.5258467,0.35628653,0.21546291,0.42835066,0.4232251,0.19950329,0.13591056
2534_F_005,BRC 2534 BRC 2732,Full ROI,,,HW0110125,2534_F 005,BRC 2534 BRC 2732,AD-CAA,AmyloidFree,Parenchyma,0.19078009,0.08435893,0.60717314,0.17189844,0.8161319,0.1609102,0.12983671,0.61457616,0.3134098,0.12564962,0.21802817,0.22665882,0.51225144,0.084095426,0.091068074,0.23569053,0.1296136,0.07366949,0.088434614,0.15961018,29.556034,0.10396212,0.29650497,0.13915733,0.18422414,0.16860989,1.6805443,0.5574928,0.32031626,1.6235082,5.483732,1.1118727,0.57491124,0.45982525,5.424822,0.5255505,0.75701773,1.0410981,1.3722082,3.9124591,1.858582,1.3200587,0.33230886,0.38088614,0.38858405,0.45227587
2534_F_006,BRC 2534 BRC 2732,Full ROI,,,HW0110125,2534_F 006,BRC 2534 BRC 2732,AD-CAA,AmyloidFree,Parenchyma,0.16476512,0.41272566,0.2558347,0.15787038,0.21994665,0.23689117,0.22467497,0.0841738,0.1952871,0.32750204,0.41172853,0.25345287,0.06606741,0.67259115,0.55186987,0.113187425,0.20818019,0.45211604,0.106423125,0.09511667,12.057177,0.090118356,0.19255553,0.1365373,0.10252881,0.2088428,0.6790035,0.6824807,0.19150206,0.6340845,0.4641618,0.09092105,0.14335614,0.117767654,1.1928557,5.713544,0.18849131,0.14557408,0.14537385,0.348543,4.37806,1.2685587,0.12882172,0.13935179,0.22065966,0.30573338
2534_F_007,BRC 2534 BRC 2732,Full ROI,,,HW0110125,2534_F 007,BRC 2534 BRC 2732,AD-CAA,AmyloidFree,Parenchyma,0.045459256,0.035335325,0.094153374,0.078534566,0.063391685,0.3145728,0.059759498,0.073071696,0.07872237,0.052939095,0.054411344,0.08706624,0.07013189,0.037396386,0.043962438,0.05687661,0.0470788,0.04335357,0.040013544,0.05457248,11.4265175,0.08036358,0.14270495,0.110132724,0.070673026,0.07412569,0.51904505,0.14520618,0.20674995,0.4529918,2.600647,0.28615847,0.22790602,0.23858707,0.85597545,0.16996817,0.25053918,0.6108478,0.66370004,0.61195624,0.30378264,0.38978562,0.30023298,0.25222853,0.12692185,0.1951752
2845_A_001,BRC 2845 BRC 2497,Full ROI,,,HW0110125,2845_A,BRC 2845 BRC 2497,AD-CAA,Amyloid,Arteries,0.2796706,0.57329285,0.05366994,0.09145677,0.18501759,0.18088752,0.02644639,0.022078782,0.033704493,0.024787245,0.027400104,0.03282491,0.020916902,0.030203965,0.029715573,0.022966705,0.027811248,0.021668553,0.021071333,0.02495501,3.0494595,0.023055553,0.02825048,0.026622945,0.027287433,0.02792653,0.11304192,0.12061738,0.084367,0.03923058,0.1664687,0.037230216,0.035481855,0.037823595,0.028821971,0.04995959,0.04747168,0.035598483,0.061008144,0.049479067,0.035474848,0.08597153,0.10417555,0.14072631,0.06329939,0.064413756
2845_A_002,BRC 2845 BRC 2497,Full ROI,,,HW0110125,2845_A 002,BRC 2845 BRC 2497,AD-CAA,Amyloid,Arteries,0.20095566,0.3681535,0.03328271,0.11018352,0.05529147,0.2688408,0.0859099,0.06027417,0.03796121,0.23718055,0.109796755,0.062464274,0.035354342,1.5855317,2.3892345,0.031233128,0.05951197,0.057723258,0.042052977,0.040020335,6.937015,0.0796674,0.06762524,0.05208712,0.08413169,0.08409289,0.057344228,0.06666684,0.108195275,0.02347919,0.26146492,0.028236957,0.025916427,0.02774449,0.020566626,0.027918428,0.038355865,0.034201927,0.061348774,0.02145653,0.02256532,0.065868445,0.12940902,0.17978805,0.056712802,0.041452877
2845_A_003,BRC 2845 BRC 2497,Full ROI,,,HW0110125,2845_A 003,BRC 2845 BRC 2497,AD-CAA,Amyloid,Arteries,0.28165528,0.31648454,0.048527796,0.29012176,0.076339446,0.092788436,0.26272133,0.060877807,0.21286593,0.097682655,0.13061254,0.102110624,0.09934573,1.2061727,0.28738555,0.16394487,1.4139855,0.07389374,0.1569425,0.10913549,7.7618356,0.12342923,0.08547276,0.105209164,0.121747255,0.09334849,0.13798527,0.13375194,0.27163774,0.03914515,0.58732736,0.08416792,0.0516682,0.08778096,0.029197546,0.050931696,0.077355504,0.057304602,0.08895342,0.041195415,0.036024477,0.15912315,0.18086533,0.25768572,0.11378929,0.058159385
2845_A_004,BRC 2845 BRC 2497,Full ROI,,,HW0110125,2845_A 004,BRC 2845 BRC 2497,AD-CAA,Amyloid,Arteries,0.13540159,0.33002204,0.04283289,0.21401665,0.1655132,0.32198104,0.1959555,0.059417192,0.33099023,0.14029746,0.14092447,0.12207209,0.089891724,1.9330945,0.7942453,0.17584734,2.3230934,0.11413651,0.111654565,0.094608165,11.402185,0.15440229,0.18874574,0.10878507,0.13219628,0.15643333,0.13718681,0.15691982,0.2721729,0.033575717,0.59738964,0.07888951,0.05068667,0.07601164,0.022767477,0.03513237,0.0518656,0.06381359,0.087000914,0.029972037,0.022159843,0.1173793,0.3045525,0.24316517,0.094447635,0.059504308
2845_A_005,BRC 2845 BRC 2497,Full ROI,,,HW0110125,2845_A 005,BRC 2845 BRC 2497,AD-CAA,Amyloid,Arteries,0.3257894,1.5211228,0.078657195,0.20887694,0.12792313,0.43196946,0.17521062,0.06829026,0.34442362,0.11238124,0.16997357,0.12304721,0.095805556,1.1502868,0.2411735,0.22525708,1.7753956,0.09690063,0.095312476,0.07853038,10.947104,0.13327819,0.17772041,0.055382874,0.23450853,0.13423248,0.29074413,0.32751667,0.2840952,0.05573652,1.0184288,0.09778227,0.0619956,0.11436914,0.05527479,0.07517923,0.07668957,0.06721926,0.105243884,0.045230623,0.05584836,0.16512705,1.4840293,0.2762664,0.204219,0.10507901
2845_A_006,BRC 2845 BRC 2497,Full ROI,,,HW0110125,2845_A 006,BRC 2845 BRC 2497,AD-CAA,Amyloid,Arteries,0.38879135,0.6728956,0.05217033,0.22605968,0.05755129,0.420618,0.21672612,0.06335303,0.143275,0.13130422,0.113691755,0.13444912,0.10132798,1.8109509,0.67988694,0.19088979,0.8116152,0.068964556,0.10081973,0.10114155,10.229882,0.6630769,0.8885811,0.10885907,0.10682819,0.28581956,0.11186339,0.16091046,0.22687554,0.04619585,0.3721912,0.09778008,0.057053033,0.10682741,0.034184854,0.07113832,0.08154553,0.059431884,0.09685684,0.0412982,0.03808449,0.19550757,0.15794332,0.36819363,0.18574801,0.090562694
2845_A_007,BRC 2845 BRC 2497,Full ROI,,,HW0110125,2845_A 007,BRC 2845 BRC 2497,AD-CAA,Amyloid,Arteries,0.19718945,1.4196099,0.12490836,0.23250045,0.07534305,1.6735018,1.9034373,0.06666519,0.1926075,0.2672258,0.1848005,0.26316166,0.076703176,5.8381124,4.7075057,0.13456923,0.9465881,0.4079307,0.51763994,0.8022226,18.859257,0.2452903,0.15639554,0.29852477,0.110319234,0.33006576,0.18562753,0.11971024,0.21777819,0.10749287,0.9031773,0.12121477,0.115241826,0.07603475,0.16392447,0.35245082,0.124383606,0.15806384,0.13381386,0.09172532,0.113236785,0.48432547,0.7395147,0.47930402,0.5849824,0.28840843
2845_A_008,BRC 2845 BRC 2497,Full ROI,,,HW0110125,2845_A 008,BRC 2845 BRC 2497,AD-CAA,Amyloid,Arteries,0.15103509,0.377619,0.029210838,0.14498821,0.05485201,0.10691263,0.096982636,0.05509075,0.3230962,0.08806548,0.10472579,0.06439883,0.06123981,0.50058544,0.15270254,0.299004,2.8997319,0.051579338,0.09114786,0.1444569,8.445685,0.080453716,0.17910637,0.07135329,0.094889544,0.0749442,0.07107978,0.05097589,0.14700286,0.020754376,1.1800721,0.03901783,0.02628951,0.061900955,0.01576813,0.020328363,0.042256255,0.028818185,0.059928272,0.020193053,0.01949401,0.049869254,0.22235988,0.17929737,0.07644229,0.037987992
2845_A_009,BRC 2845 BRC 2497,Full ROI,,,HW0110125,2845_A 009,BRC 2845 BRC 2497,AD-CAA,Amyloid,Arteries,0.105192445,0.15005325,0.023135778,0.09404396,0.04653705,0.6574754,0.045020517,0.036809895,0.08358612,0.04637367,0.04866442,0.038734853,0.04744536,0.046096843,0.043950293,0.0873758,0.075109705,0.03286405,0.036003448,0.052908257,4.1290674,0.0805417,0.29987887,0.1825928,0.11827969,0.062410954,0.047164734,0.053119905,0.070500895,0.020769013,0.7721352,0.046776142,0.02604348,0.058394503,0.014128462,0.0187041,0.034667972,0.021574516,0.039931793,0.023181623,0.016041005,0.050882015,0.27111465,0.22394423,0.09472406,0.03392592
2845_A_010,BRC 2845 BRC 2497,Full ROI,,,HW0110125,2845_A1,BRC 2845 BRC 2497,AD-CAA,Amyloid,Arteries,0.16545275,0.30696982,0.1573976,0.07858655,0.1569909,3.7776237,0.11062635,0.30137792,0.13506429,0.24433266,0.15391473,0.13746952,0.35950416,0.4314824,0.91127115,0.17984997,0.41819793,0.08691709,0.12583712,0.05753331,12.061032,0.5050421,0.1115865,0.14933118,0.13625629,0.22171175,0.070355296,0.059467338,0.061952986,0.08074498,0.43478745,0.15235858,0.11894758,0.1225657,0.17176367,0.3102794,0.07371618,0.06926428,0.07958191,0.068898335,0.12105823,0.23546039,4.3263865,0.2048386,0.13437796,0.7424842
2845_A_011,BRC 2845 BRC 2497,Full ROI,,,HW0110125,2845_A2,BRC 2845 BRC 2497,AD-CAA,Amyloid,Arteries,0.29695812,0.23735076,0.04702213,0.16575958,0.10782821,0.46120074,0.115404926,0.060442317,0.24405503,0.1852497,0.16268826,0.08980484,0.07877727,0.46361825,0.23371367,0.27951333,1.2077413,0.04276894,0.06751684,0.09683243,7.8757067,0.11456465,0.13450558,0.05984256,0.08408229,0.092197485,0.07219062,0.061621346,0.11347448,0.029524557,0.32501146,0.029192045,0.030803187,0.036641452,0.026777402,0.03599514,0.06274619,0.04992731,0.060305387,0.033496697,0.030627185,0.095816314,1.3209057,0.25143576,0.10750494,0.052764084
2845_A_012,BRC 2845 BRC 2497,Full ROI,,,HW0110125,2845_A3,BRC 2845 BRC 2497,AD-CAA,Amyloid,Arteries,0.015196272,0.02150466,0.0139981145,0.01652392,0.023346918,0.03776259,0.011891011,0.016995175,0.020528736,0.015660407,0.015741535,0.016055116,0.016881214,0.014052171,0.014079382,0.015141685,0.015297672,0.013785418,0.014085446,0.015322142,1.8403598,0.018307606,0.021739539,0.015900312,0.023461223,0.016389545,0.031380553,0.027839504,0.026654396,0.014135862,0.14229672,0.018760802,0.014309885,0.019585796,0.009801454,0.011237342,0.019284936,0.013990661,0.027835304,0.013164354,0.012119691,0.02413462,0.03867887,0.04115124,0.037338316,0.023090657
2845_B_001,BRC 2845 BRC 2497,Full ROI,,,HW0110125,2845_B,BRC 2845 BRC 2497,AD-CAA,Amyloid,Capillaries,1.1275657,0.5001457,0.5350823,0.18457292,0.4761371,0.08736232,0.13764256,0.1459171,0.09560083,0.20591192,0.15253392,0.2312325,0.10541392,0.20093484,0.3543888,0.11017454,0.17780568,0.6761524,0.11558339,0.071021065,8.112425,0.14019333,0.10817995,0.47229934,0.08945421,0.14408389,0.0793959,0.09753033,0.07903076,0.18856134,0.35947627,0.114494145,0.17214304,0.095065355,0.54475254,2.3320363,0.15478173,0.15785508,0.23234111,0.39400858,0.3551504,0.86553466,0.12087962,0.18957937,0.14218153,0.35136253
2845_B_002,BRC 2845 BRC 2497,Full ROI,,,HW0110125,2845_B 002,BRC 2845 BRC 2497,AD-CAA,Amyloid,Capillaries,0.3322324,1.0708574,0.035999827,0.2254224,0.037226975,0.09780615,0.08690721,0.04406014,0.031848177,0.14441359,0.082074955,0.06355268,0.027776474,1.7319274,2.1156585,0.025843162,0.040493336,0.04965802,0.033658594,0.035208434,4.5697594,0.07368891,0.04761354,0.042144336,0.041765496,0.08415389,0.051005114,0.059786916,0.09573185,0.027162468,0.110557824,0.027264982,0.02695148,0.026917387,0.023725396,0.039757717,0.038273543,0.031251542,0.050618447,0.029365607,0.029432887,0.18478227,0.058048144,0.15592399,0.041989677,0.039886095
2845_B_003,BRC 2845 BRC 2497,Full ROI,,,HW0110125,2845_B1,BRC 2845 BRC 2497,AD-CAA,Amyloid,Capillaries,0.05548077,0.06363739,0.021980178,0.0446418,0.03562581,0.049190693,0.0450119,0.033834804,0.1619906,0.03974864,0.05994119,0.04524139,0.047803365,0.10091493,0.054735076,0.120177746,0.39142054,0.039288457,0.05278681,0.05996722,2.8033159,0.043891575,0.060411572,0.034727395,0.05233682,0.03827752,0.034488507,0.027852198,0.043397717,0.016106024,0.19208416,0.022202536,0.019288076,0.027462544,0.012965143,0.01685902,0.023983793,0.01934552,0.04555491,0.015646487,0.0119269295,0.0433785,0.15867023,0.09240886,0.08182411,0.033084262
2845_B_004,BRC 2845 BRC 2497,Full ROI,,,HW0110125,2845_B2,BRC 2845 BRC 2497,AD-CAA,Amyloid,Capillaries,0.01594466,0.02287528,0.016951568,0.015560812,0.021782124,0.07468377,0.011197392,0.016134672,0.019020455,0.013578977,0.014808775,0.015492845,0.016053593,0.012484072,0.01206786,0.016078291,0.013844508,0.013131452,0.013516561,0.014270371,2.3166423,0.01736669,0.015980098,0.015574634,0.018313237,0.015280605,0.01839738,0.017877696,0.016915845,0.01909247,0.104022495,0.016580718,0.01513513,0.018996028,0.015827382,0.013074271,0.019095145,0.0155036785,0.030376224,0.01520231,0.014045619,0.027773201,0.05444101,0.03592171,0.06707095,0.03548223
2845_B_005,BRC 2845 BRC 2497,Full ROI,,,HW0110125,2845_B3,BRC 2845 BRC 2497,AD-CAA,Amyloid,Capillaries,0.30538404,0.18536277,0.22874774,0.21434681,0.17687142,0.06334168,0.1684019,0.057986952,0.14411408,0.11488579,0.10243818,0.1651123,0.07293767,0.2607517,0.24629983,0.09786817,0.1808855,0.17228384,0.106341965,0.13681163,4.0448318,0.045548912,0.055102717,0.06653782,0.07640862,0.078060135,0.13714884,0.08031322,0.10512529,0.18041682,0.45841172,0.049336042,0.09641808,0.051921785,0.18590286,1.0157984,0.2653606,0.14635997,0.37569585,0.23912427,0.33263406,0.46414444,0.045952458,0.18585688,0.083461404,0.13227415
2845_C_001,BRC 2845 BRC 2497,Full ROI,,,HW0110125,2845_C,BRC 2845 BRC 2497,AD-CAA,Amyloid,Parenchyma,0.69844097,0.4486193,0.056248285,0.29632849,0.051427048,0.15248665,0.16483043,0.052499074,0.055203483,0.12855802,0.102739885,0.13387942,0.064636596,3.2373064,0.9528243,0.049494192,0.0981362,0.05404353,0.057091217,0.060193602,6.7055764,0.13926667,0.06013525,0.06956869,0.064785354,0.14135824,0.054347415,0.06480811,0.08270827,0.04155679,0.17108059,0.115894705,0.07076628,0.09589202,0.042609368,0.07587557,0.10463018,0.065787844,0.103275165,0.047433134,0.046760608,0.1820947,0.13007636,0.3539246,0.07588796,0.06711368
2845_C_002,BRC 2845 BRC 2497,Full ROI,,,HW0110125,2845_C 002,BRC 2845 BRC 2497,AD-CAA,Amyloid,Parenchyma,1.5163648,1.4476997,0.429902,0.41054583,0.9401622,0.07302521,1.0090086,0.113787375,0.32451585,0.62002116,0.4379026,0.6800077,0.09639078,2.94816,2.0882518,0.20587076,0.57243556,1.9257772,0.3300859,0.35396102,15.9277525,0.19425225,0.26427877,0.20609957,0.3754252,0.21025285,0.1753931,0.4746911,0.180008,0.23219477,0.7998196,0.16166419,0.2060852,0.12109253,0.50772005,9.190805,0.17204563,0.15367965,0.19000055,0.22867468,0.2298978,1.3769975,0.0499141,0.088645734,0.08700363,0.10687348
2845_C_003,BRC 2845 BRC 2497,Full ROI,,,HW0110125,2845_C 003,BRC 2845 BRC 2497,AD-CAA,Amyloid,Parenchyma,1.4982035,1.0939825,0.38445818,0.55635446,0.22618583,0.22554162,0.75862145,0.103026316,0.1264005,0.39386585,0.16078015,0.47577927,0.120710045,1.8109396,1.7908455,0.10546158,0.48667622,0.43199205,0.3294639,0.17647271,12.855494,0.37069437,0.2416129,0.20129012,0.21948184,0.1538778,0.19418249,0.29140344,0.20675771,0.23423335,0.75232637,0.14459339,0.23919676,0.14247333,0.50364214,1.1958584,0.23893283,0.18037416,0.35737646,0.33072364,0.37068105,0.9647331,0.2376121,0.2110352,0.13532157,0.3426225
2845_C_004,BRC 2845 BRC 2497,Full ROI,,,HW0110125,2845_C 004,BRC 2845 BRC 2497,AD-CAA,Amyloid,Parenchyma,0.34118906,0.9421342,0.5827831,0.30309376,0.49532095,0.21724866,0.42036146,0.23035365,0.4482465,0.33814618,0.44381347,0.77986413,0.19614372,1.793086,1.2470335,0.2625088,1.0408156,1.0870644,0.4737702,0.21969533,16.65018,0.23700754,0.2318015,0.21404064,0.2841646,0.30697542,0.2655932,1.3931416,0.18827993,0.87196314,1.0998793,0.09265575,0.21825714,0.07863007,1.071212,3.6954124,0.3118855,0.32266936,0.55820805,0.6618615,0.6226752,1.6296148,0.20878053,0.26125035,0.20164411,0.7039753
2845_C_005,BRC 2845 BRC 2497,Full ROI,,,HW0110125,2845_C 005,BRC 2845 BRC 2497,AD-CAA,Amyloid,Parenchyma,0.5415377,0.30039677,0.44519603,0.20128812,2.2825136,0.1839012,0.2512442,0.1951122,0.17335542,0.28100505,0.16724399,0.18831807,0.229646,0.2713032,0.38187298,0.19758192,0.612523,0.410868,0.27156273,0.20258181,11.5817795,0.100585856,0.13248254,0.0891548,0.14842013,0.103359245,0.104249604,0.12850642,0.1169729,0.20945126,0.99636334,0.10259065,0.1650653,0.07313177,0.55969125,7.8273582,0.17430139,0.17169921,0.17710428,0.36199936,0.57284933,0.42918497,0.071737476,0.1789592,0.20797083,0.24181825
2845_C_006,BRC 2845 BRC 2497,Full ROI,,,HW0110125,2845_C 006,BRC 2845 BRC 2497,AD-CAA,Amyloid,Parenchyma,0.13244165,1.1098444,0.12183547,0.3602447,0.088090725,0.058220427,7.094487,0.05280354,0.1538619,0.27517992,0.22155039,0.44025162,0.059665225,5.775902,2.5640967,0.13516468,0.9842898,0.38258496,0.971757,0.3757827,15.781387,0.14741872,0.16517374,0.10185056,0.18678126,0.13513172,0.08562188,0.15837663,0.1260141,0.12331296,0.56115854,0.08075245,0.13136245,0.09525539,0.24734621,3.2032416,0.22702144,0.18973413,0.22430024,0.23825186,0.23551568,0.8790619,0.101025894,0.2139992,0.097077325,0.17314054
2845_C_007,BRC 2845 BRC 2497,Full ROI,,,HW0110125,2845_C 007,BRC 2845 BRC 2497,AD-CAA,Amyloid,Parenchyma,0.45580742,2.0725768,0.23680729,0.35483885,0.10402852,0.07793871,1.6530348,0.05825717,0.30338994,0.31699765,0.25815234,0.5691564,0.07622648,8.905558,8.034688,0.16365567,1.1363996,0.71791667,0.42910713,4.1013403,26.573435,0.17122854,0.26391447,0.35443613,0.36468887,0.18427156,0.14133468,0.40164542,0.76462793,0.24065165,0.42342708,0.09985591,0.17717633,0.09090213,0.3119942,1.6394502,0.31386566,0.22832756,0.40700817,0.1829365,0.31269696,1.1692129,0.14712678,0.27200162,0.14007092,0.16920166
2845_D_001,BRC 2845 BRC 2497,Full ROI,,,HW0110125,2845_D,BRC 2845 BRC 2497,AD-CAA,AmyloidFree,Arteries,0.11043476,0.36611193,0.06693782,0.13496579,0.030391792,0.43726638,0.14769316,0.06308019,0.0634188,0.1584794,0.12648782,0.13973755,0.054023344,2.4576838,2.282457,0.051344022,0.11119366,0.05094816,0.058922626,0.042280372,6.4401155,0.108013466,0.07762731,0.045350797,0.07035897,0.10146595,0.0739932,0.118736476,0.12943546,0.07261428,0.22134984,0.07578848,0.078039646,0.085219346,0.0683872,0.16456646,0.10067544,0.09273303,0.13968998,0.05449464,0.07326612,0.19759488,0.094655745,0.10782913,0.070976496,0.12058722
2845_D_002,BRC 2845 BRC 2497,Full ROI,,,HW0110125,2845_D 002,BRC 2845 BRC 2497,AD-CAA,AmyloidFree,Arteries,0.20759648,0.90850013,0.11781967,0.41655722,0.13396609,0.07209136,1.7282512,0.040020317,0.09765176,0.13193132,0.13092615,0.17877005,0.04114042,2.7412364,0.9567499,0.07799589,0.7908781,0.36622956,0.1965662,0.2711877,6.6832337,0.043806437,0.0700288,0.0467295,0.05942786,0.06581722,0.09145232,0.11374338,0.20216127,0.10290369,0.17151792,0.032585155,0.06473342,0.03297272,0.15475576,0.895347,0.11289694,0.11756507,0.102104075,0.10970681,0.12506868,0.5161775,0.08071114,0.09405558,0.05480765,0.13163403
2845_D_003,BRC 2845 BRC 2497,Full ROI,,,HW0110125,2845_D 003,BRC 2845 BRC 2497,AD-CAA,AmyloidFree,Arteries,0.2867795,0.2341906,1.3151649,0.07876913,0.8748721,0.8066518,0.052522372,0.27964002,0.1822248,0.09650224,0.10679765,0.108059265,0.28355843,0.04641411,0.05455293,0.16978414,0.07062328,0.0671578,0.0714419,0.053850975,18.188742,0.19777595,0.09695723,0.12817131,0.133308,0.09963301,0.6015605,0.22513002,0.09992816,1.4282281,1.5568599,0.39131653,0.31514832,0.29242533,6.0158005,3.740504,0.20511015,0.15221356,0.1635405,0.8390731,3.2324972,0.2426654,0.8808571,0.122109644,1.0347807,1.8193488
2845_D_004,BRC 2845 BRC 2497,Full ROI,,,HW0110125,2845_D 004,BRC 2845 BRC 2497,AD-CAA,AmyloidFree,Arteries,0.10849595,0.22187178,0.30667835,0.059111174,1.3191695,1.6326694,0.037350312,0.050878048,0.088912494,0.033629116,0.049701724,0.048718575,0.06679505,0.029275518,0.024922442,0.08147938,0.04123305,0.026456142,0.030346204,0.041948,10.12035,0.06188443,0.049898535,0.07072067,0.050810795,0.041611597,0.20266905,0.15678005,0.073633075,0.51771486,1.475807,0.27547318,0.21792616,0.36643305,2.7066588,1.265727,0.12129467,0.13784297,0.1033382,0.51465684,2.3424037,0.18189916,0.5869937,0.12595429,1.0807675,0.7576424
2845_D_005,BRC 2845 BRC 2497,Full ROI,,,HW0110125,2845_D 005,BRC 2845 BRC 2497,AD-CAA,AmyloidFree,Arteries,0.096021466,0.6602027,0.046530668,0.10034429,0.046183404,0.38403893,0.1048676,0.15006484,0.0911497,0.27568904,0.35012347,0.11958048,0.056222342,2.0637581,1.7314715,0.068856694,0.13731077,0.12753709,0.062109176,0.05786371,8.429673,0.13644579,0.075963214,0.050892036,0.06511887,0.102322675,0.1494413,0.07793953,0.11682546,0.04478637,0.29910553,0.25359714,0.068565354,0.21629758,0.034944844,0.06538557,0.060442604,0.044559278,0.09961897,0.041924614,0.03798963,0.10499693,0.9593782,0.32258436,0.41419882,0.07809021
2845_D_006,BRC 2845 BRC 2497,Full ROI,,,HW0110125,2845_D 006,BRC 2845 BRC 2497,AD-CAA,AmyloidFree,Arteries,0.09060859,0.21385023,0.11279565,0.1354955,0.078931145,2.0086832,0.5029206,0.107024565,0.16844699,0.32631242,0.20041499,0.2593031,0.14993136,4.2179036,5.062615,0.1371175,0.8425294,0.34708205,0.21208858,0.26026016,18.896482,0.40243447,0.3023391,0.21709614,0.32572076,0.33442083,0.33060905,0.3021818,0.30591962,0.14814293,0.42537895,0.23770809,0.13513492,0.2492306,0.14657877,0.24284169,0.15747273,0.13926844,0.15001799,0.09051312,0.102529615,0.41718248,0.861383,0.57586324,0.4877179,0.4122729
2845_D_007,BRC 2845 BRC 2497,Full ROI,,,HW0110125,2845_D 007,BRC 2845 BRC 2497,AD-CAA,AmyloidFree,Arteries,0.21894939,1.2689527,0.1605736,0.53585875,0.24951181,0.69493836,1.8276695,0.08154234,0.1501923,0.31161964,0.25489035,0.2855047,0.06707759,2.4646833,1.484069,0.15095116,0.94896543,0.25786158,0.3995276,0.14104885,12.0490675,0.06919924,0.09798131,0.050749388,0.14634627,0.12387655,0.08536283,0.2663968,0.16831672,0.16158745,0.49373597,0.2043401,0.19647962,0.20180957,0.26652393,2.3997993,0.21494085,0.20179246,0.20427087,0.1850583,0.22820312,1.4971051,0.14185712,0.51586676,0.118398555,0.21694148
2845_D_008,BRC 2845 BRC 2497,Full ROI,,,HW0110125,2845_D 008,BRC 2845 BRC 2497,AD-CAA,AmyloidFree,Arteries,0.09654005,0.13969207,0.73332787,0.09998493,2.0064988,0.7769006,0.077083424,1.056212,0.2499997,0.15327133,0.19355232,0.17918101,0.31179184,0.06793105,0.07211038,0.14932221,0.09666918,0.09369115,0.08131609,0.09363096,26.114227,0.23842436,0.1820095,0.14823252,0.269595,0.15419193,0.9106487,0.26535323,0.18394957,1.4751209,1.4700778,1.1877453,0.69282764,0.55807394,2.6873894,0.9065629,0.24219806,0.30270848,0.42866188,1.1674438,0.5880628,0.32496268,4.48914,0.8446894,2.1166797,1.4466909
2845_D_009,BRC 2845 BRC 2497,Full ROI,,,HW0110125,2845_D 009,BRC 2845 BRC 2497,AD-CAA,AmyloidFree,Arteries,0.16477457,0.3676653,1.6795992,0.085107066,4.326168,0.65522105,0.061448604,0.47075468,0.25175482,0.10053081,0.13124469,0.12499201,0.86473966,0.050303686,0.047921408,0.23908062,0.070271365,0.034068514,0.06976291,0.093567386,32.31022,0.23902805,0.20484151,0.15422189,0.16006137,0.09240119,0.27048212,0.29934385,0.09621472,1.8100795,2.7574346,1.4069923,0.7153458,0.6259118,14.318624,8.84831,0.19047283,0.17629895,0.35494003,1.3697847,4.0087576,0.4885978,0.36548412,0.16434889,1.5611088,4.73242
2845_E_001,BRC 2845 BRC 2497,Full ROI,,,HW0110125,2845_E,BRC 2845 BRC 2497,AD-CAA,AmyloidFree,Capillaries,0.25748184,2.4339976,0.12548615,0.33635166,0.069361426,0.056126513,1.768935,0.053237233,0.14653538,0.17104414,0.11126165,0.22085197,0.051716108,6.628686,4.141684,0.089147516,1.4170781,1.286044,0.51883,0.50688344,16.485876,0.7921883,0.14808671,0.124093615,0.2701518,0.118060164,0.091300175,0.25835717,0.18644431,0.13125846,0.1605517,0.07490961,0.11290757,0.0648469,0.21058697,1.3559754,0.12680724,0.13493928,0.18837197,0.108038016,0.14020933,0.7657895,0.22835588,0.31349933,0.14842124,0.27422
2845_E_002,BRC 2845 BRC 2497,Full ROI,,,HW0110125,2845_E 002,BRC 2845 BRC 2497,AD-CAA,AmyloidFree,Capillaries,0.8964599,1.2880993,0.03834395,0.2332958,0.03079931,0.04736249,0.16336183,0.036958918,0.043037817,0.080683306,0.05343346,0.060075965,0.055707805,4.0292916,1.1984761,0.049450614,0.120853454,0.04774883,0.051428836,0.04829171,7.682458,0.17940965,0.08765247,0.076220825,0.060025953,0.090162925,0.039707057,0.041365556,0.09720213,0.026384776,0.12864468,0.02721748,0.02992756,0.028509403,0.02864629,0.054974016,0.057070225,0.037767705,0.049150705,0.03675793,0.03192129,0.109883405,0.062466227,0.11629758,0.042804703,0.048642915
2845_E_003,BRC 2845 BRC 2497,Full ROI,,,HW0110125,2845_E 003,BRC 2845 BRC 2497,AD-CAA,AmyloidFree,Capillaries,0.36460263,1.7781041,0.7336854,0.18042265,1.0023859,0.1525256,0.15485266,0.20457366,0.08475351,0.20948943,0.1759822,0.25676414,0.10785716,0.5260027,0.59225124,0.0682038,0.14924563,0.16326988,0.10239662,0.12614578,11.290581,0.12480542,0.1387876,0.17887767,0.07452703,0.60734993,0.22658083,0.3014824,0.13978276,0.2981501,0.49340138,1.0566822,0.39427215,0.38983613,2.2048395,5.133817,0.1664095,0.15419197,0.17097647,0.3289877,0.90343857,0.59745574,0.18496437,0.10572135,0.44087344,0.37688512
2845_E_004,BRC 2845 BRC 2497,Full ROI,,,HW0110125,2845_E 004,BRC 2845 BRC 2497,AD-CAA,AmyloidFree,Capillaries,0.38889524,0.93851066,0.36641338,0.20882423,0.6586638,0.16558386,0.32829395,0.20555645,0.12895237,0.3587446,0.69725037,0.31870422,0.10873347,1.0238535,0.5682897,0.12821299,0.27329287,0.44260877,0.2536069,0.14423357,9.985584,0.09715489,0.15357403,0.13967648,0.5088409,0.12718694,0.058554634,0.11527516,0.08772081,0.12658758,0.294251,0.17129149,0.20206836,0.13135989,0.5795878,6.1521273,0.11054116,0.10436805,0.10766836,0.1979806,0.43734124,0.8957085,0.2644267,0.17617577,0.113594696,0.2821595
2845_E_005,BRC 2845 BRC 2497,Full ROI,,,HW0110125,2845_E 005,BRC 2845 BRC 2497,AD-CAA,AmyloidFree,Capillaries,0.31295145,0.2596653,0.32124326,0.4685585,0.9521986,0.38810328,0.25471246,0.12181883,0.1735857,0.33501956,0.27252313,0.20892091,0.07266726,0.24695635,0.40289864,0.11825186,0.14880769,0.22652441,0.093041524,0.10949239,8.308989,0.07728982,0.10091633,0.08895641,0.06984088,0.16601591,0.25293007,0.37562114,0.21398628,0.42395863,0.64323103,0.16772255,0.22771844,0.16077413,0.4015238,2.0975668,0.26278797,0.33348477,0.18609901,0.8828701,0.41275346,1.3580575,0.109582365,0.14516744,0.14817259,0.1352746
2845_E_006,BRC 2845 BRC 2497,Full ROI,,,HW0110125,2845_E 006,BRC 2845 BRC 2497,AD-CAA,AmyloidFree,Capillaries,0.4418788,0.24602067,0.45414764,0.21478568,0.7441187,0.33963498,0.14783607,0.131983,0.107865155,0.1726017,0.1439698,0.12325074,0.109572195,0.11619562,0.1364892,0.14930122,0.13920592,0.12239278,0.10436514,0.10112158,8.649405,0.08199905,0.11263021,0.08323734,0.12131527,0.102136314,0.09394973,0.11896561,0.12223682,0.23973884,0.6981812,0.21504708,0.26359436,0.360533,0.89676505,2.3169503,0.20648022,0.22815631,0.25943,1.1366023,0.792805,0.7340618,0.14727362,0.18053778,0.09421028,0.28993043
2845_E_007,BRC 2845 BRC 2497,Full ROI,,,HW0110125,2845_E 007,BRC 2845 BRC 2497,AD-CAA,AmyloidFree,Capillaries,1.7572107,1.0607345,0.34147105,0.2980395,2.704552,0.072864324,0.26959258,0.12410962,0.10531679,0.3331903,0.16627118,0.30036172,0.08431201,1.2236063,1.6698556,0.0777368,0.16986267,0.39018804,0.13444597,0.11431925,13.006674,0.3650725,0.13972907,0.21417153,0.2589039,0.53124744,0.09960852,0.17367487,0.17777692,0.12372222,0.6857676,0.39237583,0.2202306,0.31315452,0.3756083,6.4929414,0.23059544,0.11411442,0.23347443,0.18791248,0.27451795,0.71956897,0.18603736,0.2058235,0.17684834,0.570647
2845_E_008,BRC 2845 BRC 2497,Full ROI,,,HW0110125,2845_E 008,BRC 2845 BRC 2497,AD-CAA,AmyloidFree,Capillaries,0.6428152,1.135648,0.33215728,0.30477306,1.2654239,0.11955508,0.26623008,0.10991445,0.09331985,0.5340605,0.27044863,0.32238236,0.05781249,0.86066836,1.3166548,0.063955866,0.16248107,0.36567786,0.118237175,0.12058487,8.8651905,0.09224049,0.08344567,0.100413986,0.0886589,0.13384216,0.15762928,0.32922277,0.17973988,0.20055065,0.3309188,0.17797862,0.22219828,0.21856524,0.23747508,2.092798,0.19209908,0.13448228,0.18543342,0.18100686,0.43338943,0.7468924,0.2617781,0.2618078,0.17566667,0.9003856
2845_F_001,BRC 2845 BRC 2497,Full ROI,,,HW0110125,2845_F,BRC 2845 BRC 2497,AD-CAA,AmyloidFree,Parenchyma,0.71978074,1.0313424,0.34995887,0.36176977,0.71891487,0.24704936,0.21356001,0.08267954,0.11079351,0.20978272,0.18429795,0.27501413,0.06322661,0.44256055,0.42736167,0.07218009,0.12814423,0.090469554,0.102316335,0.13639823,7.064881,0.10432123,0.2163623,0.0819807,0.35435468,0.11496904,0.11742165,0.12967192,0.1193185,0.188771,0.18256123,0.10927646,0.1852703,0.08304196,0.40998444,4.3986154,0.19831613,0.13787626,0.17397,0.4685574,0.2043296,0.3962406,0.14888838,0.20315307,0.090296924,0.2997818
2845_F_002,BRC 2845 BRC 2497,Full ROI,,,HW0110125,2845_F 002,BRC 2845 BRC 2497,AD-CAA,AmyloidFree,Parenchyma,0.26432875,1.5314922,0.34476373,0.3725568,0.2679481,0.14886463,1.1527985,0.08092061,0.20340472,0.2173393,0.38601375,0.6235633,0.0733476,1.387433,1.2484249,0.16155073,0.8835404,0.29234597,0.3768683,0.48677823,12.586901,0.10860387,0.5489637,0.10634734,0.36297017,0.18271881,0.1563278,1.3080198,0.19389348,0.3950687,0.4198373,0.13431488,0.20002717,0.09897765,0.6615898,3.7072914,0.18798831,0.18128197,0.183343,0.2250313,0.46759355,0.9308848,0.11761439,0.17385425,0.10111385,0.45355964
2845_F_003,BRC 2845 BRC 2497,Full ROI,,,HW0110125,2845_F 003,BRC 2845 BRC 2497,AD-CAA,AmyloidFree,Parenchyma,2.2286856,0.6420285,0.91645676,0.39620385,1.4054375,0.22617948,0.31644517,0.22605349,0.19496869,0.3956479,0.68122894,0.50336623,0.16572468,0.86501163,0.6898037,0.15501109,0.2882136,0.2238491,0.22424793,0.22398905,16.840246,0.2562668,0.18450099,0.9538209,0.75180197,0.2175473,0.31204164,0.35421836,0.25516427,0.60474527,1.7225152,0.38007167,0.34423068,0.52474546,1.1734074,8.555607,0.23426975,0.18570256,0.19796984,0.313637,0.6675964,1.104586,0.08107444,0.20637529,0.1259323,0.34501478
2845_F_004,BRC 2845 BRC 2497,Full ROI,,,HW0110125,2845_F 004,BRC 2845 BRC 2497,AD-CAA,AmyloidFree,Parenchyma,1.4466649,0.626548,0.53824353,0.41319752,0.36994526,0.19897167,0.5327737,0.13079503,0.119699106,0.25579467,0.18120159,0.4438945,0.100233614,1.4481815,1.4990354,0.124044396,0.7701544,0.76744276,0.5111166,0.27635336,12.825058,0.1989504,0.25019494,0.48850814,0.18062843,0.17327018,0.11851602,0.14170863,0.14379969,0.2763266,0.58595395,0.7476528,0.36683595,0.57367754,1.2214477,2.411286,0.19768941,0.25600043,0.24728039,0.34935325,0.36044005,1.4415785,0.18080962,0.29090363,0.2195736,0.31350696
2845_F_005,BRC 2845 BRC 2497,Full ROI,,,HW0110125,2845_F 005,BRC 2845 BRC 2497,AD-CAA,AmyloidFree,Parenchyma,0.38213035,3.008745,0.07924241,0.48667204,0.08815464,0.07058729,1.9222981,0.03587594,0.14021406,0.16935001,0.08650619,0.13814175,0.046169266,8.355573,5.7146387,0.09223853,1.1115037,0.73513675,0.3892051,3.9349425,19.7288,0.09297017,0.2241439,0.12199211,0.1946517,0.1170976,0.1182544,0.2967999,0.21055102,0.063694924,0.3335336,0.03568601,0.050433233,0.033200704,0.07230257,0.23166454,0.074621335,0.08653544,0.10657824,0.06163094,0.055405155,0.27456972,0.07115011,0.19361545,0.03661046,0.07460926
2845_F_006,BRC 2845 BRC 2497,Full ROI,,,HW0110125,2845_F 006,BRC 2845 BRC 2497,AD-CAA,AmyloidFree,Parenchyma,1.2847261,0.58651286,0.57673347,0.48853022,0.41463122,0.104686044,0.983583,0.15377994,0.26103514,0.44246885,0.3919567,0.5863318,0.15944707,2.737106,1.6604903,0.35162124,1.1879555,0.5295345,0.5285012,0.22173233,14.760291,0.13991232,0.23624064,0.17260326,0.1723697,0.28851554,0.11424247,0.3226298,0.15716983,0.2948379,0.9899714,0.2523602,0.34409654,0.25243148,0.8063752,6.303206,0.47410154,0.26487517,0.4052542,0.3427896,0.5978916,1.1116545,0.084749594,0.17264768,0.2086593,0.35558808
2845_F_007,BRC 2845 BRC 2497,Full ROI,,,HW0110125,2845_F 007,BRC 2845 BRC 2497,AD-CAA,AmyloidFree,Parenchyma,1.4847773,1.1655169,0.40692836,1.1129719,0.68974847,0.23124494,1.3405832,0.064646795,0.18092643,0.23085855,0.16878276,0.40990603,0.07211966,2.6370432,1.9613509,0.1154068,1.3412427,0.62717414,0.44249338,0.23283477,12.100682,0.07197676,0.2319113,0.19290295,0.24359849,0.13329601,0.07735747,0.0965778,0.12814845,0.1465268,1.611405,0.3300578,0.30887318,0.22376038,0.432914,2.2774231,0.19500037,0.24091397,0.18524931,0.24935369,0.2793082,0.8712004,0.10118832,0.19792998,0.091879256,0.14536165
2845_F_008,BRC 2845 BRC 2497,Full ROI,,,HW0110125,2845_F 008,BRC 2845 BRC 2497,AD-CAA,AmyloidFree,Parenchyma,0.19786708,0.072013445,0.4245887,0.060973026,0.61903286,0.25300875,0.03558448,0.060155496,0.070384525,0.039579105,0.036180094,0.048754808,0.060675915,0.024390018,0.027367631,0.045798697,0.0279792,0.03215834,0.031045038,0.03798206,9.621709,0.038542505,0.044505656,0.040887363,0.04642792,0.04018626,0.20546372,0.17755716,0.07806825,0.4648576,0.50089085,0.72813934,0.3140661,0.4042158,3.3217592,2.1804729,0.18992591,0.13399187,0.19957618,1.0654737,2.5102947,0.27816743,0.07398718,0.117882095,0.37988985,0.21055004
2845_F_009,BRC 2845 BRC 2497,Full ROI,,,HW0110125,2845_F 009,BRC 2845 BRC 2497,AD-CAA,AmyloidFree,Parenchyma,0.27244952,0.4502379,0.20745234,0.43434736,0.32518858,0.10534197,0.45372534,0.069893084,0.097285174,0.15001377,0.14137186,0.29088557,0.06117232,0.94962966,0.723222,0.101295054,0.30999464,0.17055249,0.108958416,0.17984849,6.378911,0.1112798,0.21692976,0.30506244,0.22580211,0.11411758,0.04876485,0.054698825,0.12257992,0.08955218,0.39848512,0.07278274,0.109328054,0.06697219,0.19275552,1.4467279,0.16422234,0.21024568,0.16137682,0.17278072,0.18422854,0.6896377,0.08009528,0.3935348,0.11272671,0.1253288
2845_F_010,BRC 2845 BRC 2497,Full ROI,,,HW0110125,2845_F 010,BRC 2845 BRC 2497,AD-CAA,AmyloidFree,Parenchyma,0.4532802,2.0546064,0.24645758,0.5087475,1.0143654,0.2910577,0.5498471,0.08389015,0.20818953,0.33046284,0.30073717,0.33569193,0.087556705,0.76826674,0.75485635,0.16587189,0.6672684,0.8803384,0.21878473,0.39768288,11.212405,0.11392339,0.13965543,0.17326882,0.13991523,0.21848723,0.109864056,0.1590651,0.16236801,0.19233775,0.4551258,0.14093824,0.20043118,0.12775072,0.46646038,2.5095315,0.2152369,0.24339,0.24468358,0.32195652,0.32470897,0.75913566,0.105125725,0.25150973,0.1162473,0.29796746
2509_A_001,BRC 2613 BRC 2509,Full ROI,,,HW0110125,2509_A,BRC 2613 BRC 2509,AD-CAA,Amyloid,Arteries,0.12990235,1.6872331,0.43380368,0.14616749,8.576024,4.1484127,0.15077612,0.35904008,0.21478961,0.25615418,0.17256011,0.1797782,0.38783312,0.10671654,0.15011604,0.29645756,0.15684624,0.10029285,0.1578172,0.09376115,30.54418,0.39308488,0.14598858,0.1757353,0.21001461,0.20271923,1.1255963,0.7751273,0.183231,0.8088806,5.129935,0.4076016,0.27694136,0.2245382,1.4202442,8.041268,0.18690886,0.23786871,0.18624867,0.55260056,0.95126253,0.5008351,3.8112447,0.28400478,1.089961,1.8496932
2509_A_002,BRC 2613 BRC 2509,Full ROI,,,HW0110125,2509_A 002,BRC 2613 BRC 2509,AD-CAA,Amyloid,Arteries,0.16700844,0.66224694,0.9901838,0.23626697,5.3581023,2.1959622,0.16330528,0.78097546,0.19306993,0.20227058,0.2254167,0.28091666,1.0051332,0.13710944,0.14075454,0.26656425,0.14134747,0.100879095,0.13156512,0.18493485,37.39385,0.36328056,0.22626068,0.44310865,0.36247188,0.43148842,1.5341792,1.3384666,0.24683647,2.3064945,1.6765475,0.5467192,0.8289961,0.41621667,4.1148844,6.179768,0.35936606,0.6115212,0.56337565,2.8220422,3.0278723,1.4338046,1.8982687,0.5891657,1.2956811,2.0870929
2509_A_003,BRC 2613 BRC 2509,Full ROI,,,HW0110125,2509_A 003,BRC 2613 BRC 2509,AD-CAA,Amyloid,Arteries,0.44001862,1.9924912,0.16499491,0.35921428,0.11090244,1.1422632,0.61286914,0.0664338,0.083914466,0.26528656,0.13524313,0.24687612,0.05163646,3.2991092,4.4319143,0.067118295,0.25089663,0.17608275,0.105912074,0.11524304,13.569218,0.123829074,0.108363,0.09038722,0.16166113,0.22836407,0.07676358,0.08244265,0.13652495,0.113359526,1.22806,0.07299344,0.105211176,0.07825665,0.17575547,1.7166855,0.20147043,0.1578392,0.19327903,0.23342094,0.21195161,0.7364613,0.12537628,0.19643368,0.11964119,0.15587078
2509_C_001,BRC 2613 BRC 2509,Full ROI,,,HW0110125,2509_C,BRC 2613 BRC 2509,AD-CAA,Amyloid,Parenchyma,0.4273471,0.6733157,0.8143544,0.16264525,2.2706168,0.33161044,0.101780266,0.20102549,0.08195211,0.10282555,0.1253553,0.099213,0.15636382,0.06739387,0.06635599,0.07814378,0.05449399,0.07520488,0.07098183,0.099327326,14.213273,0.07189512,0.07019377,0.06207131,0.060242012,0.09374222,0.16056208,0.072940685,0.10620355,0.28330374,2.303628,0.31126353,0.26557362,0.17054622,4.6574926,1.5991843,0.15527312,0.22419113,0.2458377,1.2964627,0.7069375,1.1235847,0.22776209,0.16162491,0.21358792,0.6381005
2509_C_002,BRC 2613 BRC 2509,Full ROI,,,HW0110125,2509_C 002,BRC 2613 BRC 2509,AD-CAA,Amyloid,Parenchyma,0.419501,0.9200456,0.083248034,0.5197844,0.09105603,0.13939516,1.5429199,0.03628736,0.1006018,0.09003092,0.07795968,0.1868702,0.041277774,3.8690827,1.9800296,0.06824518,0.55944145,0.12477725,0.21795388,0.6212124,10.611439,0.064523056,0.10720408,0.059701465,0.107971735,0.09185692,0.06138396,0.08597181,0.1571908,0.06104296,0.29673055,0.031897545,0.047316443,0.035981737,0.07657366,0.1663551,0.1127033,0.11679137,0.09361743,0.06990162,0.06907836,0.41164067,0.14142507,0.22441846,0.06446255,0.075120956
2509_C_003,BRC 2613 BRC 2509,Full ROI,,,HW0110125,2509_C 003,BRC 2613 BRC 2509,AD-CAA,Amyloid,Parenchyma,0.40437832,2.8488495,0.11014008,0.46968043,0.06525413,0.36776677,1.2650877,0.0365732,0.13434954,0.16423322,0.107756324,0.21030194,0.041249227,5.733699,4.2597966,0.07439112,0.9783028,0.6422763,0.2545857,2.4109902,18.739431,0.08211281,0.110291705,0.20144266,0.35657933,0.15031175,0.12953088,0.52768636,0.2686859,0.11151177,0.52200377,0.062107533,0.08434662,0.062471144,0.1287831,0.6469469,0.14017047,0.11339146,0.16045047,0.11960651,0.09882047,1.1211637,0.078906216,0.24904379,0.07980737,0.14576052
2509_C_004,BRC 2613 BRC 2509,Full ROI,,,HW0110125,2509_C 004,BRC 2613 BRC 2509,AD-CAA,Amyloid,Parenchyma,1.1643192,0.6434237,0.14664349,0.4191032,0.109851554,0.13345678,0.2821439,0.066433914,0.07158246,0.15334147,0.14356491,0.2357876,0.04419707,2.4171026,2.9098952,0.04648708,0.14505963,0.1480665,0.06392567,0.08632782,12.056366,0.17221232,0.12140632,0.09507379,0.14839795,0.2581383,0.102882154,0.16060431,0.17881833,0.109693944,1.097015,0.3079251,0.17263968,0.3069513,0.105422795,1.8330842,0.23552074,0.15520595,0.10199972,0.19983694,0.15220578,0.76691145,0.13475108,0.17756076,0.10402949,0.13961278
2509_C_005,BRC 2613 BRC 2509,Full ROI,,,HW0110125,2509_C 005,BRC 2613 BRC 2509,AD-CAA,Amyloid,Parenchyma,1.9876468,5.4811773,0.42287746,0.5096071,0.34314626,1.2568948,0.7379009,0.12834337,0.24491668,0.43811852,0.4048052,0.5546483,0.099483065,5.1493316,6.7341657,0.11579821,0.32303655,0.18123241,0.2054735,0.23525403,28.922718,0.8671918,0.22389099,0.37804157,0.4055313,0.46241376,0.635272,1.7207958,0.59689415,0.32366663,0.6518324,0.24997014,0.22393072,0.2417441,0.450412,2.4054537,0.16518353,0.17679428,0.27002507,0.1630601,0.2223701,1.5916744,0.7359009,0.40513232,0.23027778,0.7578009
2509_C_006,BRC 2613 BRC 2509,Full ROI,,,HW0110125,2509_C 006,BRC 2613 BRC 2509,AD-CAA,Amyloid,Parenchyma,1.6544198,2.9976661,0.33743662,1.4373685,0.21136928,0.21562357,1.2285076,0.06754888,0.1833415,0.15870813,0.14664581,0.6350133,0.07323353,3.506662,2.8052223,0.11862669,1.2589511,0.3355609,0.2578725,0.3952492,18.953005,0.1447766,0.13617767,0.10832617,0.15136245,0.21710038,0.15494479,0.32651532,0.34826598,0.26588959,0.7788893,0.23338377,0.28909338,0.19203204,0.3371694,2.339497,0.26755828,0.369344,0.35064125,0.36782998,0.21033864,0.7173989,0.25087306,0.8268265,0.16589946,0.279217
2509_C_007,BRC 2613 BRC 2509,Full ROI,,,HW0110125,2509_C 007,BRC 2613 BRC 2509,AD-CAA,Amyloid,Parenchyma,2.744063,2.6267023,0.08649446,0.4569555,0.05123337,0.04634662,0.2677176,0.043630462,0.18851395,0.089092426,0.099039786,0.17143512,0.06954341,2.5344005,0.6265961,0.19843982,2.606748,0.06293372,0.08692147,0.09932338,14.6946335,0.11668953,0.19080666,0.08382469,0.11985894,0.15562814,0.08204027,0.09808939,0.13959984,0.06993571,0.5602944,0.22148326,0.11955183,0.46591693,0.07063544,0.23618056,0.14915211,0.09376578,0.1280193,0.08129134,0.07838626,0.6234406,0.10748578,0.30184963,0.065942936,0.09349959
2509_D_001,BRC 2613 BRC 2509,Full ROI,,,HW0110125,2509_D,BRC 2613 BRC 2509,AD-CAA,AmyloidFree,Arteries,1.278106,1.1366298,1.2460513,0.14503641,4.5458555,4.4379478,0.15573315,0.59955144,0.14154682,0.1711658,0.26529607,0.19942035,0.4847526,0.16799614,0.1400202,0.15457709,0.13425763,0.1188719,0.13984591,0.14827254,28.12743,0.1987728,0.08020575,0.11587819,0.12660192,0.118449576,0.28535736,1.0236526,0.23248355,0.60928893,2.0195029,0.5892139,0.4211204,0.24497724,4.7925873,6.986946,0.2080924,0.19714467,0.15241654,0.5717262,1.1580148,0.37949887,0.6750858,0.14445157,1.4965427,2.4122105
2509_D_002,BRC 2613 BRC 2509,Full ROI,,,HW0110125,2509_D 002,BRC 2613 BRC 2509,AD-CAA,AmyloidFree,Arteries,0.23121361,0.515186,1.1279014,0.12148514,2.5594752,1.0905765,0.08268345,0.24528365,0.084701926,0.10229333,0.0860268,0.08467503,0.18317355,0.056757484,0.06547839,0.10616909,0.06674014,0.086612165,0.085468866,0.078368254,18.270155,0.13520728,0.097929485,0.17468068,0.147698,0.12304272,0.19338067,0.17098343,0.09368091,0.62235856,0.98572516,0.38268793,0.30526608,0.24827583,3.5803902,7.0398517,0.17026968,0.18831822,0.20927241,0.9639564,0.8665667,0.56341666,0.34648165,0.16281122,1.2029538,1.187304
2509_D_003,BRC 2613 BRC 2509,Full ROI,,,HW0110125,2509_D 003,BRC 2613 BRC 2509,AD-CAA,AmyloidFree,Arteries,0.07876362,0.094244584,0.19932716,0.075841755,0.1561474,2.8599756,0.048718065,0.07057311,0.06824396,0.049825247,0.05043449,0.066165715,0.06622007,0.034827765,0.040125508,0.0499156,0.03620062,0.032844115,0.03766582,0.049448323,11.549652,0.09912577,0.17688109,0.0690881,0.11155845,0.07705855,0.24009782,0.21054517,0.08815084,0.63694835,0.8404739,0.5213162,0.24990626,0.28838047,1.2341604,1.004369,0.24308455,0.204217,0.32582527,0.92171496,1.4153483,0.40533832,0.93188536,0.20939587,0.4075546,1.0728244
2509_D_004,BRC 2613 BRC 2509,Full ROI,,,HW0110125,2509_D 004,BRC 2613 BRC 2509,AD-CAA,AmyloidFree,Arteries,0.17223532,0.7460265,0.7725244,0.14648712,2.8645966,0.1997054,0.10825783,0.3165361,0.18115602,0.1683078,0.20182416,0.17383929,0.20192853,0.10724222,0.10829035,0.1584643,0.10478016,0.12751038,0.09912981,0.1755941,16.49151,0.091667585,0.10099899,0.07154595,0.2442426,0.12511855,0.28093293,0.41436008,0.21505235,0.7857862,1.4438424,0.25553724,0.24897684,0.1661602,2.8550956,5.3898864,0.26625007,0.1898395,0.22098362,1.3923986,1.1306949,0.83530784,0.14205486,0.1966512,0.5100171,0.46022406
2509_D_005,BRC 2613 BRC 2509,Full ROI,,,HW0110125,2509_D 005,BRC 2613 BRC 2509,AD-CAA,AmyloidFree,Arteries,0.3591841,1.8043796,0.06617496,0.79441845,0.089688264,0.076745845,0.16197588,0.049156554,0.3456218,0.11506307,0.14688005,0.19430855,0.054844372,2.494818,0.6511956,0.14624353,3.1179175,0.060112502,0.05727039,0.111979276,19.111044,0.21753006,0.5562931,0.18206406,0.23580308,0.18704756,0.14804424,0.5033563,0.3335814,0.05849299,0.7035078,0.6705062,0.09732181,0.32430953,0.036596376,0.101988584,0.15695283,0.103753015,0.20700468,0.07111339,0.056863282,0.36050057,0.16435964,0.32690465,0.08930155,0.07526757
2509_D_006,BRC 2613 BRC 2509,Full ROI,,,HW0110125,2509_D 006,BRC 2613 BRC 2509,AD-CAA,AmyloidFree,Arteries,0.6633516,1.6490583,0.09574188,0.5070068,0.075334035,2.1625366,0.36869192,0.06695597,0.12324372,0.24547319,0.15272819,0.20489708,0.051471073,3.1608057,2.603234,0.07815559,0.27195066,0.22277348,0.14302227,0.15219116,15.863169,0.12844653,0.27369687,0.13639198,0.2168451,0.15522163,0.14751624,0.5796124,0.38362232,0.08681748,1.230584,0.081657596,0.072420955,0.07316498,0.075809754,0.30829585,0.16076052,0.105638,0.1279418,0.13058019,0.107399836,1.3466929,0.9167215,0.5376912,0.3083532,0.261003
2509_D_007,BRC 2613 BRC 2509,Full ROI,,,HW0110125,2509_D 007,BRC 2613 BRC 2509,AD-CAA,AmyloidFree,Arteries,0.30796278,1.583576,0.07651295,0.36764786,0.06258456,2.3277774,0.8000178,0.04045848,0.11226676,0.107198425,0.086747125,0.14867695,0.04311817,6.0609775,2.0529463,0.07152775,0.444596,0.37764916,0.12141283,0.19056538,15.476034,0.11503797,0.14658013,0.106992856,0.06722299,0.120286986,0.19160442,0.45970476,0.35734767,0.090537824,0.31000924,0.13860957,0.086586066,0.100666635,0.098822616,0.4317962,0.11593393,0.08625347,0.11247631,0.0828786,0.116022274,0.55808634,1.3568277,0.70798767,0.40152395,0.17092831
2509_E_001,BRC 2613 BRC 2509,Full ROI,,,HW0110125,2509_E,BRC 2613 BRC 2509,AD-CAA,AmyloidFree,Capillaries,0.2956416,1.6804229,0.043721847,0.34461865,0.059427112,0.1277544,0.95689625,0.039498623,0.10378909,0.12962446,0.107229434,0.120150805,0.0421517,4.609882,2.4722688,0.06367105,0.4600856,0.16825278,0.22810774,0.6998087,13.074576,0.056397837,0.16155317,0.059570014,0.21312809,0.08085689,0.08579533,0.18859911,0.17848887,0.036165837,0.46029162,0.123021245,0.050884064,0.12572673,0.03346079,0.055919692,0.0621308,0.054220926,0.080622405,0.03452518,0.035631623,0.18819508,0.18335143,0.48437807,0.07375506,0.049596623
2509_E_002,BRC 2613 BRC 2509,Full ROI,,,HW0110125,2509_E 002,BRC 2613 BRC 2509,AD-CAA,AmyloidFree,Capillaries,0.65028,2.9988635,0.1539491,1.244516,0.091009974,0.58453363,3.501526,0.05732099,0.2941339,0.35973057,0.15539484,0.48758453,0.06286483,5.530307,5.3316646,0.1291551,1.2305486,1.5640128,0.5151515,0.40611845,24.862148,0.13531993,0.15676063,0.27299652,0.25519603,0.17008364,0.1307519,0.3878301,0.3711742,0.1444403,0.6803784,0.13364021,0.18377163,0.1268623,0.18330206,1.5585829,0.46242866,0.21788096,0.42344576,0.18558793,0.24117245,1.790131,0.14494589,0.3497519,0.14508413,0.18375808
2509_E_003,BRC 2613 BRC 2509,Full ROI,,,HW0110125,2509_E 003,BRC 2613 BRC 2509,AD-CAA,AmyloidFree,Capillaries,2.345769,3.9356358,0.32026413,1.0336485,0.24905488,1.9566782,1.3558743,0.09131099,0.2794038,0.23949923,0.17496046,0.62402886,0.094214566,3.9853954,4.5224857,0.141836,1.8524914,0.8919125,0.5184182,3.0073872,32.682354,0.4425076,0.60173935,0.5179299,0.34969664,0.33173463,0.2596719,0.49367824,0.33130455,0.24698795,1.38482,0.21528581,0.24048828,0.18542954,0.35874608,7.2057323,0.29874828,0.26449746,0.30112007,0.34291944,0.2917993,2.3263006,0.29862133,0.33694267,0.13640931,0.6623096
2509_E_004,BRC 2613 BRC 2509,Full ROI,,,HW0110125,2509_E 004,BRC 2613 BRC 2509,AD-CAA,AmyloidFree,Capillaries,2.3758955,1.9434533,0.25165287,0.48240247,0.0928477,0.2929043,0.9306976,0.073493585,0.24384435,0.24602377,0.20559406,0.4120252,0.087483145,7.1990623,5.4681554,0.13596313,0.89844185,0.36702612,0.40878206,1.039994,26.950808,0.6622687,0.20921601,0.28005886,0.14063048,0.2608793,0.2655455,0.2356083,0.37031952,0.22310027,0.7499785,0.20959914,0.20074104,0.16956788,0.2623315,3.1589034,0.19446704,0.18361415,0.3002305,0.13595665,0.19749519,1.4620786,0.38959736,0.2492352,0.18965206,0.4380624
2509_E_005,BRC 2613 BRC 2509,Full ROI,,,HW0110125,2509_E 005,BRC 2613 BRC 2509,AD-CAA,AmyloidFree,Capillaries,3.1883376,2.3358083,0.07093767,0.34202394,0.061629836,0.050717033,0.23196322,0.05597493,0.50748324,0.13500264,0.15644105,0.14894788,0.0561477,1.4974077,0.4772078,0.22952414,2.9748962,0.1064043,0.08239993,0.13459265,15.872876,0.11367573,0.79615813,0.10565475,0.28274778,0.13730234,0.12760656,0.22437881,0.29390144,0.056655623,0.43661636,0.21257728,0.08273564,0.1989336,0.05596111,0.08930568,0.08505847,0.07834538,0.11683242,0.051188193,0.053087886,0.2078752,0.11074307,0.17350087,0.118169256,0.0762909
2509_F_001,BRC 2613 BRC 2509,Full ROI,,,HW0110125,2509_F,BRC 2613 BRC 2509,AD-CAA,AmyloidFree,Parenchyma,0.42506456,2.1227264,0.3289655,0.5336824,1.8672605,0.14486194,0.31994203,0.13133712,0.111196145,0.28704536,0.27563238,0.46361795,0.0967066,1.5863922,0.97734106,0.099026605,0.24450491,0.5634496,0.11555804,0.16560958,13.584041,0.11071049,0.08099818,0.120742686,0.10586736,0.22871947,0.2018666,0.13444938,0.29740292,0.19180465,1.4612834,0.17790271,0.22262073,0.17264423,0.26698837,2.0647542,0.22734793,0.19694343,0.24987975,0.3121288,0.27575272,0.59340924,0.09076559,0.22392595,0.09900642,0.19195652
2509_F_002,BRC 2613 BRC 2509,Full ROI,,,HW0110125,2509_F 002,BRC 2613 BRC 2509,AD-CAA,AmyloidFree,Parenchyma,0.9751168,1.736755,1.0899906,0.39807692,3.6772528,0.42388934,0.41399902,0.2846539,0.2712761,0.36627796,0.5188078,0.76719385,0.31942493,0.5821467,0.43079942,0.27247155,0.29109174,0.33745152,0.4286267,0.23898585,24.153008,0.2788435,0.09397076,0.19061871,0.074848235,0.34211835,0.35259724,0.9312557,0.3015628,0.5031838,1.7457105,0.5477693,0.5996239,0.45350042,2.0266616,6.210878,0.42918035,0.3693776,0.3353863,0.70343524,0.45492038,2.0935104,0.31787014,0.48879972,0.21212736,0.6590484
2509_F_003,BRC 2613 BRC 2509,Full ROI,,,HW0110125,2509_F 003,BRC 2613 BRC 2509,AD-CAA,AmyloidFree,Parenchyma,2.0085025,1.0276314,1.819898,0.60438424,4.2086926,0.27749416,0.48195258,0.51612425,0.38321462,0.468474,0.33506784,0.57653487,0.5822353,0.8632535,0.8875844,0.25576675,0.6394171,0.3543253,0.43881208,0.28805318,30.692488,0.26323053,0.5334646,0.3158973,0.2225409,0.42024228,0.45364934,0.45126244,0.31072274,0.6768602,2.6246538,1.0017011,0.6999025,0.4760564,2.0359492,8.517219,0.48202598,0.35262412,0.4615035,1.0846759,1.041446,1.6922482,0.2688318,0.34534037,0.3050727,0.9937794
2509_F_004,BRC 2613 BRC 2509,Full ROI,,,HW0110125,2509_F 004,BRC 2613 BRC 2509,AD-CAA,AmyloidFree,Parenchyma,1.5038168,2.0932052,0.5790571,0.8051188,1.0835979,0.15589145,1.1144955,0.1662521,0.40375683,0.39971596,0.4257267,0.66174537,0.15353985,3.8334215,2.1289175,0.24181603,0.86890227,0.6442192,0.5970583,0.25774205,25.134964,0.19496028,0.2248852,0.14177653,0.31520867,0.18283443,0.3892423,0.796115,0.5688888,0.4921463,0.6521409,0.29172572,0.36547172,0.2895332,0.6124105,6.8192453,0.4251247,0.30673376,0.65775007,0.4624382,0.6254783,1.1565113,0.1271662,0.56987184,0.20375921,0.36864978
2509_F_005,BRC 2613 BRC 2509,Full ROI,,,HW0110125,2509_F 005,BRC 2613 BRC 2509,AD-CAA,AmyloidFree,Parenchyma,0.5487956,0.9767095,0.67969507,0.42351156,3.352904,0.777787,0.31949866,0.3685291,0.33857,0.3424941,0.26212373,0.46606258,0.2711489,0.337534,0.5050946,0.3060766,0.476656,0.5073898,0.44854727,0.4653649,20.5936,0.19799684,0.14874238,0.3351599,0.14008245,0.23270263,0.1119493,0.12522112,0.16639149,0.250344,1.0511458,0.5647427,0.50516397,0.7218839,0.8310537,4.4650745,0.52219987,0.26210392,0.6682196,0.8435653,0.43930465,1.9865288,0.20712326,0.55464274,0.48280928,0.5284253
2509_F_006,BRC 2613 BRC 2509,Full ROI,,,HW0110125,2509_F 006,BRC 2613 BRC 2509,AD-CAA,AmyloidFree,Parenchyma,1.9809202,1.383814,0.49036524,0.69403243,0.5050979,0.14284945,0.48607382,0.123095766,0.18875611,0.3829933,0.40160054,0.32328624,0.109941505,0.9744207,0.6856937,0.2367778,0.50770706,0.36498737,0.16628918,0.14896716,14.760414,0.10987688,0.23105976,0.1250261,0.23367162,0.23303135,0.1670842,0.16865095,0.21092652,0.27868935,0.77434856,0.15145944,0.22459336,0.18767664,0.530309,2.8104,0.24841388,0.40342993,0.2656801,0.71128744,0.40101224,0.6912656,0.6379044,0.37011307,0.09864677,0.44404975
2509_F_007,BRC 2613 BRC 2509,Full ROI,,,HW0110125,2509_F 007,BRC 2613 BRC 2509,AD-CAA,AmyloidFree,Parenchyma,0.50867254,2.308419,0.8639334,0.50887424,3.4884894,0.21912608,0.4024787,0.25291362,0.3576505,0.35801157,0.33180526,0.6898101,0.26936874,1.0606604,1.213738,0.28374085,0.42147887,0.53745896,0.32229865,0.23125634,21.889648,0.17219882,0.17268111,0.17742467,0.18806186,0.2165708,0.3182759,0.2501283,0.25224552,0.6826098,1.5362287,0.21909913,0.3627613,0.2015431,1.0861878,5.17848,0.27856815,0.3808879,0.6184361,0.6033361,0.5059538,1.3795033,0.09163341,0.20021853,0.18086453,0.34757972
2613_B_001,BRC 2613 BRC 2509,Full ROI,,,HW0110125,2613_B,BRC 2613 BRC 2509,AD-CAA,Amyloid,Capillaries,0.016964845,0.022298658,0.015547128,0.023202013,0.020070106,0.043825354,0.030258844,0.04343267,0.054370612,0.041877974,0.04944091,0.028553803,0.044419624,0.038912464,0.03176361,0.049393285,0.041369084,0.031324767,0.034463752,0.028230328,3.2141016,0.036244627,0.027267992,0.03442044,0.02878965,0.044953987,0.060629673,0.0322786,0.042257283,0.021571761,0.39139912,0.022405153,0.019380838,0.022125443,0.014426446,0.016026525,0.029232115,0.02231564,0.039237104,0.020263499,0.016142229,0.03539589,0.033186473,0.041052774,0.046043757,0.029197602
2613_B_002,BRC 2613 BRC 2509,Full ROI,,,HW0110125,2613_B 002,BRC 2613 BRC 2509,AD-CAA,Amyloid,Capillaries,0.015484824,0.012702127,0.017409666,0.017820356,0.01611276,0.029088326,0.020997083,0.032414895,0.038966767,0.02742507,0.027345533,0.02474957,0.033649094,0.025402578,0.025928108,0.032525413,0.031581018,0.030019904,0.027985305,0.030250663,3.0868027,0.03888249,0.027312016,0.037222724,0.0294672,0.03288217,0.056743115,0.02939712,0.032569278,0.022620954,0.20342404,0.026072498,0.021219227,0.0279244,0.017995384,0.014091269,0.02508099,0.019767525,0.03373483,0.017511282,0.016433416,0.040059503,0.029962415,0.03318164,0.039917342,0.02695202
2613_B_003,BRC 2613 BRC 2509,Full ROI,,,HW0110125,2613_B 003,BRC 2613 BRC 2509,AD-CAA,Amyloid,Capillaries,0.006068376,0.005751211,0.0060201776,0.0060282093,0.005973704,0.008459944,0.0057963217,0.007882287,0.00869425,0.007250092,0.007594412,0.0072482424,0.007939568,0.007238544,0.0069528464,0.007798078,0.0074499277,0.006884431,0.0071991137,0.0069905017,0.0860219,0.007967344,0.007620102,0.007214915,0.0076827933,0.007731536,0.009905803,0.009198235,0.008498726,0.006588821,0.02866126,0.0072418447,0.0066012647,0.007938992,0.005145838,0.0049929335,0.007431765,0.0056068227,0.011082119,0.0052526607,0.0051226295,0.01221279,0.01050981,0.010532989,0.012524032,0.009466473
2613_B_004,BRC 2613 BRC 2509,Full ROI,,,HW0110125,2613_B 004,BRC 2613 BRC 2509,AD-CAA,Amyloid,Capillaries,0.017399441,0.018920504,0.04852119,0.025588281,0.038901918,0.035951074,0.01790323,0.022588477,0.024704304,0.01779984,0.017946744,0.02503998,0.023132516,0.0149574885,0.01681754,0.01832755,0.017123831,0.015061595,0.01642855,0.019183192,3.8715334,0.018761951,0.020998668,0.01756544,0.019825092,0.019508414,0.055235356,0.046444584,0.036361586,0.139221,0.40412116,0.027093127,0.041641094,0.02715125,0.22881427,0.17830256,0.19474882,0.07700694,0.24694373,0.41150656,0.7389615,0.22720736,0.027730074,0.053129252,0.041205768,0.077746585
2613_B_005,BRC 2613 BRC 2509,Full ROI,,,HW0110125,2613_B 005,BRC 2613 BRC 2509,AD-CAA,Amyloid,Capillaries,0.009891233,0.0107373735,0.011680619,0.010677234,0.013180087,0.0123964865,0.008405587,0.009675312,0.011906082,0.009759839,0.009766659,0.01168463,0.009968098,0.010085329,0.010121987,0.00962341,0.009741538,0.008972096,0.009451711,0.009507608,0.50282764,0.010796807,0.01074435,0.009907107,0.011238527,0.010170078,0.01404574,0.0129544325,0.014514829,0.013024068,0.058710318,0.009811427,0.011278715,0.01000923,0.010678747,0.013569592,0.014791209,0.011636945,0.023811216,0.013560064,0.012924422,0.025057435,0.013223189,0.01915552,0.01552283,0.01597089
2613_B_006,BRC 2613 BRC 2509,Full ROI,,,HW0110125,2613_B 006,BRC 2613 BRC 2509,AD-CAA,Amyloid,Capillaries,0.031940546,0.042085715,0.017454501,0.027145175,0.05545371,0.020862734,0.015030615,0.0152950315,0.018200405,0.015370285,0.01576371,0.0148873,0.01581345,0.014725433,0.0139240865,0.016618868,0.015524259,0.014196365,0.0149004245,0.014707629,1.581339,0.014991877,0.014846248,0.015821822,0.014821174,0.01508417,0.025593724,0.020441351,0.023738183,0.013847135,0.123688206,0.015947793,0.013380967,0.017350154,0.008846413,0.011958865,0.021418799,0.013700954,0.029263688,0.013311619,0.01082262,0.029424326,0.030296808,0.03963186,0.037705004,0.019528555
2613_C_001,BRC 2613 BRC 2509,Full ROI,,,HW0110125,2613_C,BRC 2613 BRC 2509,AD-CAA,Amyloid,Parenchyma,0.08483149,0.18911967,0.24008627,0.066207655,0.2661471,0.085720465,0.048911072,0.10083728,0.113454826,0.058676835,0.060965832,0.07981818,0.10281099,0.045894034,0.052342188,0.09675734,0.08182052,0.06145901,0.06224461,0.052943915,10.026208,0.07561126,0.068829484,0.1292513,0.052481703,0.063622676,0.10545585,0.05410067,0.08150083,0.22375825,1.6175402,0.09396613,0.13061507,0.09439113,0.48324448,0.51385057,0.3682919,0.15307413,0.8023807,0.4885339,4.2719207,0.4413891,0.09531142,0.10777966,0.13783678,0.29090145
2613_C_002,BRC 2613 BRC 2509,Full ROI,,,HW0110125,2613_C 002,BRC 2613 BRC 2509,AD-CAA,Amyloid,Parenchyma,0.04902383,0.094931945,0.106062785,0.052107107,0.14997965,0.03975385,0.030023456,0.036149222,0.046426285,0.032162264,0.030980276,0.04324728,0.03346792,0.023285145,0.026388181,0.03085472,0.029174497,0.026826495,0.02628766,0.036664244,5.1669326,0.04117015,0.048046988,0.035657976,0.03493795,0.038288064,0.09686663,0.07032159,0.07057124,0.21558304,0.35686195,0.045255627,0.0776566,0.04373541,0.23376891,0.15109852,0.2507999,0.17033766,0.6382441,0.45869434,0.53599435,0.1516031,0.06330091,0.09870975,0.07250054,0.08192217
2613_C_003,BRC 2613 BRC 2509,Full ROI,,,HW0110125,2613_C 003,BRC 2613 BRC 2509,AD-CAA,Amyloid,Parenchyma,0.023206025,0.023245696,0.03134579,0.04588118,0.030036056,0.0618888,0.06785511,0.11704953,0.15044893,0.066856265,0.094623975,0.08573175,0.1628807,0.07305316,0.060599986,0.18309599,0.15907322,0.081130035,0.09276903,0.07386109,9.010699,0.07634698,0.08968282,0.07821944,0.084960625,0.093335316,0.14885467,0.06880125,0.1136792,0.054479975,1.7121062,0.047961377,0.051988535,0.06594399,0.040697422,0.03542734,0.08902662,0.10406245,0.1659999,0.05236237,0.045367073,0.06499821,0.058516648,0.11333711,0.11973041,0.05510838
2613_C_004,BRC 2613 BRC 2509,Full ROI,,,HW0110125,2613_C 004,BRC 2613 BRC 2509,AD-CAA,Amyloid,Parenchyma,0.02231507,0.018966198,0.05379754,0.025146212,0.03416149,0.057262257,0.026801147,0.089181654,0.068483405,0.03676093,0.04134813,0.050724365,0.094935775,0.023263328,0.025482064,0.04874459,0.030567387,0.02584283,0.035142977,0.039710768,9.492012,0.04085651,0.057284974,0.03653834,0.053496327,0.0359797,0.28623164,0.0742433,0.093723245,0.2606654,1.5940807,0.096569024,0.122795254,0.09532428,0.22063862,0.057687253,0.27594537,0.23256415,2.4600074,0.21494393,0.1962201,0.078668766,0.035103332,0.080447026,0.089957714,0.08434192
2613_C_005,BRC 2613 BRC 2509,Full ROI,,,HW0110125,2613_C 005,BRC 2613 BRC 2509,AD-CAA,Amyloid,Parenchyma,0.10127874,0.35577503,0.08154981,0.28845996,0.19270007,0.06252711,0.15239103,0.15670067,0.11425284,0.15201911,0.19880348,0.17465994,0.12860219,0.24180472,0.2333072,0.11160619,0.15354817,0.10905931,0.15621065,0.100594014,10.684915,0.141092,0.27039787,0.10375081,0.28178042,0.19430366,0.17640682,0.0954029,0.3315213,0.07404988,0.8261122,0.09189541,0.086375855,0.114569314,0.056978293,0.065871395,0.2047306,0.16731626,0.47123575,0.11855036,0.07918341,0.19141816,0.10034228,0.30525732,0.08701751,0.0750821
2613_C_006,BRC 2613 BRC 2509,Full ROI,,,HW0110125,2613_C 006,BRC 2613 BRC 2509,AD-CAA,Amyloid,Parenchyma,0.14788805,0.74256176,0.07218701,0.29719445,0.20248032,0.16212747,0.19489813,0.12770377,0.17451225,0.24955899,0.18222474,0.16646926,0.14614831,0.4465229,0.53976685,0.15198337,0.3687849,0.17205332,0.23022418,0.1267277,10.749207,0.09910426,0.10731788,0.07616117,0.093061715,0.13020115,0.10593894,0.070143476,0.18693915,0.056144446,0.6974631,0.06890392,0.0722905,0.108350866,0.04430851,0.04709465,0.13505569,0.12188007,0.17683029,0.05513121,0.05131153,0.12410462,0.085086346,0.5062663,0.06712645,0.06710736
2613_C_007,BRC 2613 BRC 2509,Full ROI,,,HW0110125,2613_C 007,BRC 2613 BRC 2509,AD-CAA,Amyloid,Parenchyma,0.12699956,0.32502154,0.0933642,0.21193416,0.15038408,0.2742197,0.12231331,0.14044888,0.23922043,0.1336746,0.13703907,0.13283451,0.1546677,0.1728509,0.18251185,0.18509588,0.28281766,0.09833741,0.13964652,0.11608685,13.246089,0.1254194,0.24076954,0.13294977,0.16455418,0.1663673,0.27766874,0.29479003,0.19756873,0.08020945,1.1583036,0.16331986,0.112166695,0.24711737,0.05437044,0.06349658,0.17307001,0.113638125,0.33431685,0.086021736,0.11472605,0.106180504,0.08900705,0.24219525,0.07083115,0.06392353
2613_D_001,BRC 2613 BRC 2509,Full ROI,,,HW0110125,2613_D,BRC 2613 BRC 2509,AD-CAA,AmyloidFree,Arteries,0.15060824,0.16423851,0.095065154,0.23412131,0.08871519,0.20042141,0.28429624,0.14305872,0.24787642,0.18670607,0.29603976,0.25224143,0.13149749,0.5556989,0.34836793,0.2407285,0.39558142,0.12901443,0.47697696,0.30667636,11.851473,0.0995955,0.13513,0.09507431,0.10178405,0.12827928,0.3630401,0.21287993,0.47429377,0.12169058,0.91407907,0.11119031,0.11160736,0.14585306,0.077459864,0.085655995,0.1460866,0.1545932,0.20619929,0.10774304,0.09163575,0.16664156,0.15845895,0.46740058,0.10908903,0.1488016
2613_D_002,BRC 2613 BRC 2509,Full ROI,,,HW0110125,2613_D 002,BRC 2613 BRC 2509,AD-CAA,AmyloidFree,Arteries,0.12477376,0.057035163,0.23847303,0.060444538,0.18261531,0.20373327,0.04563854,0.10941006,0.10587001,0.053256314,0.06567677,0.06176888,0.13656476,0.0393852,0.035948683,0.088264585,0.049237475,0.045010827,0.045305062,0.049793314,10.375931,0.21182409,0.074005574,0.14612977,0.07131733,0.08424716,0.4068008,0.17611429,0.084846556,0.758128,2.3004391,0.0870426,0.13792235,0.12798566,1.2080555,0.22403258,0.36937806,0.18237019,0.2663569,0.32361582,2.5139933,0.20450637,0.13773052,0.113096654,0.3737755,0.42710212
2613_D_003,BRC 2613 BRC 2509,Full ROI,,,HW0110125,2613_D 003,BRC 2613 BRC 2509,AD-CAA,AmyloidFree,Arteries,0.10054466,0.8173331,0.09814916,0.3186348,0.04996999,0.41562662,0.569421,0.052303005,0.0894485,0.14329554,0.13371652,0.259471,0.056772802,1.5716087,0.84180677,0.0755225,0.33372113,0.2186576,0.1359379,0.36085138,10.910896,0.23107132,0.13055083,0.12568012,0.08714035,0.17216164,0.10587546,0.20356579,0.3345917,0.13825846,1.2047002,0.0953138,0.121810906,0.09664626,0.1729981,0.33370578,0.21081436,0.24326879,0.23541477,0.17306258,0.29946125,0.9538214,0.09179658,0.18997085,0.10454552,0.107936904
2613_D_004,BRC 2613 BRC 2509,Full ROI,,,HW0110125,2613_D 004,BRC 2613 BRC 2509,AD-CAA,AmyloidFree,Arteries,0.054999948,0.12121156,0.2708023,0.06260087,0.32706773,0.29127228,0.045419194,0.20331933,0.11552093,0.07922298,0.072266236,0.07991393,0.2033927,0.04364923,0.05063804,0.109927796,0.062221505,0.04686547,0.049123444,0.049627505,20.038195,0.10287288,0.27906153,0.17676234,0.0951014,0.08619178,0.5385819,0.274783,0.08910559,1.0455924,2.2446694,0.49990624,0.33417666,0.4029608,4.7099204,0.64474446,0.5634675,0.18972328,0.827652,0.4960609,9.855396,0.35691714,0.55987865,0.104793474,0.45378,0.8862895
2613_D_005,BRC 2613 BRC 2509,Full ROI,,,HW0110125,2613_D 005,BRC 2613 BRC 2509,AD-CAA,AmyloidFree,Arteries,0.0387904,0.031039555,0.09653212,0.033784006,0.06951511,0.28832716,0.032152828,0.071017206,0.11007684,0.04081377,0.048079874,0.049600903,0.075746395,0.027649922,0.029243965,0.073594324,0.03888127,0.034206625,0.0328744,0.04039437,10.945111,0.04032207,0.05288021,0.044077907,0.038817726,0.04139278,0.30257663,0.10570206,0.076438606,0.40508288,1.9218999,0.05173327,0.08043026,0.05753486,0.46749344,0.14330918,0.30704796,0.13653181,0.6125209,0.21438079,3.9305987,0.13125685,0.2959621,0.13159333,0.3210296,0.5084391
2613_F_001,BRC 2613 BRC 2509,Full ROI,,,HW0110125,2613_F,BRC 2613 BRC 2509,AD-CAA,AmyloidFree,Parenchyma,0.019279253,0.014962467,0.040357612,0.022831313,0.02745061,0.038945783,0.03274194,0.10688052,0.057698872,0.039298996,0.045978375,0.056119878,0.12118951,0.024700396,0.02715204,0.052361023,0.03457448,0.031968106,0.038084436,0.046591826,8.134292,0.05521008,0.059758887,0.04233177,0.06626849,0.059904,0.101447105,0.08172247,0.073019035,0.1619643,2.1018882,0.04440535,0.05786,0.04467748,0.25336528,0.06650017,0.19206972,0.22467779,2.1322594,0.14399853,0.18254967,0.092248864,0.052211568,0.08950381,0.15044059,0.1127544
2613_F_002,BRC 2613 BRC 2509,Full ROI,,,HW0110125,2613_F 002,BRC 2613 BRC 2509,AD-CAA,AmyloidFree,Parenchyma,0.057889484,0.028765282,0.19601947,0.040386636,0.12459312,0.09472707,0.031891122,0.22390214,0.08499365,0.03966292,0.041160975,0.045932237,0.22206578,0.022605242,0.02648221,0.08281784,0.034762986,0.039642572,0.04355652,0.038416415,13.459003,0.049329914,0.09384017,0.0713423,0.08369524,0.066733055,0.38761088,0.057488453,0.098368205,0.44579402,3.2207644,0.16628431,0.18662964,0.21486798,0.655503,0.06659118,0.20423895,0.44572645,2.945396,0.24579917,0.3598188,0.10552525,0.059428185,0.079055324,0.13156885,0.094114035
2613_F_003,BRC 2613 BRC 2509,Full ROI,,,HW0110125,2613_F 003,BRC 2613 BRC 2509,AD-CAA,AmyloidFree,Parenchyma,0.04567822,0.039961945,0.12484295,0.05488554,0.094514824,0.13142796,0.05375105,0.11239801,0.12300303,0.076924145,0.11127028,0.08465859,0.0918105,0.042284545,0.047444727,0.11275712,0.06445339,0.060619064,0.056824263,0.06302488,10.166722,0.047671217,0.07259332,0.042318713,0.0446944,0.06780065,0.16684335,0.08393792,0.08294925,0.36421204,1.0071255,0.14819255,0.19323178,0.24854,1.601651,0.20192163,0.32754004,0.2593932,2.0102215,0.47891372,1.0774466,0.29610384,0.11962667,0.12748313,0.18461205,0.26104742
2495_A_001,BRC 2495 BRC 2052,Full ROI,,,HW0110125,2495_A,BRC 2495 BRC 2052,AD-CAA,Amyloid,Arteries,0.026614334,0.025510294,0.019734485,0.028308854,0.028173994,0.028040564,0.024845803,0.028549882,0.036924962,0.027959174,0.028504422,0.02691899,0.033403452,0.026609868,0.025537232,0.032910462,0.030185657,0.024255361,0.026486473,0.031709537,2.7930157,0.031401172,0.026909417,0.024038306,0.028300574,0.02578808,0.047129605,0.050994936,0.039601576,0.021260975,0.18300529,0.02372643,0.019121401,0.026207848,0.01554383,0.017195107,0.03220832,0.02263789,0.0355712,0.018676072,0.016898794,0.03648113,0.04023997,0.04794041,0.04254444,0.0283553
2495_B_001,BRC 2495 BRC 2052,Full ROI,,,HW0110125,2495_B,BRC 2495 BRC 2052,AD-CAA,Amyloid,Capillaries,0.012703557,0.011680217,0.012489949,0.013033295,0.01147877,0.019180078,0.012871474,0.017239992,0.018747386,0.015843859,0.016596625,0.015967043,0.017324591,0.015144378,0.015387203,0.016397243,0.015613888,0.015179898,0.01553624,0.01442007,0.7982032,0.017597172,0.016671928,0.015862871,0.017364008,0.017278977,0.021550324,0.017268319,0.017716736,0.01465451,0.085649274,0.015286843,0.014492518,0.016157914,0.010419643,0.012649643,0.018103698,0.013642626,0.025253566,0.012907595,0.011614726,0.027439019,0.024020912,0.028795144,0.02757555,0.02076603
2495_C_001,BRC 2495 BRC 2052,Full ROI,,,HW0110125,2495_C,BRC 2495 BRC 2052,AD-CAA,Amyloid,Parenchyma,0.95822245,1.2554612,0.15053712,0.6399409,0.17320785,0.25477493,0.59866357,0.084682554,0.44043496,0.20613062,0.27142364,0.3292479,0.1281429,2.0316796,0.6846099,0.36369672,2.1572886,0.17081282,0.16158026,0.17771709,20.475004,0.11084693,0.43644148,0.1047228,0.22633754,0.22836863,0.35323766,0.3229203,0.4620294,0.14654629,0.93940645,0.20992658,0.16113317,0.25273257,0.11552231,0.32198563,0.3097666,0.20369382,0.25873652,0.18387218,0.2515714,0.7475703,0.23311552,0.54003483,0.115806326,0.13031036
2495_C_002,BRC 2495 BRC 2052,Full ROI,,,HW0110125,2495_C 002,BRC 2495 BRC 2052,AD-CAA,Amyloid,Parenchyma,0.25632504,0.76905125,0.146325,0.33456266,0.18132722,0.2632588,0.42008793,0.11815233,0.35372537,0.27061945,0.36089376,0.2342972,0.16890992,1.1980411,0.40513405,0.38418046,1.3252102,0.24155466,0.1705081,0.19231568,18.381094,0.2735647,0.3975636,0.24472305,0.43697983,0.23813972,0.4845845,0.21483502,0.69235843,0.15863788,1.9570365,0.11980108,0.13574567,0.14661302,0.11003942,0.24917823,0.24957524,0.16819552,0.3036093,0.19681351,0.20885834,0.38957474,0.23958375,0.23643343,0.17846641,0.17677705
2495_C_003,BRC 2495 BRC 2052,Full ROI,,,HW0110125,2495_C 003,BRC 2495 BRC 2052,AD-CAA,Amyloid,Parenchyma,1.3457217,3.296419,0.33841982,0.8092885,0.28211272,0.2381806,0.48152804,0.48886526,3.4495502,0.5902949,1.0399691,1.0756698,0.6002073,1.8142452,0.869297,1.0657418,2.9209552,0.27645013,0.3162804,0.3542679,63.689995,1.1559488,1.199379,0.38686752,0.83097655,1.1938314,1.7128644,2.4847474,1.9212177,0.40901285,3.7160552,0.30586767,0.33038586,0.4204093,0.28246543,0.46298382,1.2088796,0.42755085,1.9310421,0.32868254,0.41345897,1.1513351,0.6099929,1.2927752,1.1425375,0.5201637
2495_F_001,BRC 2495 BRC 2052,Full ROI,,,HW0110125,2495_F,BRC 2495 BRC 2052,AD-CAA,AmyloidFree,Parenchyma,0.016492859,0.016459852,0.01714026,0.018313386,0.021962587,0.029317237,0.017206328,0.021736149,0.023965336,0.019972838,0.02116704,0.020149764,0.021529108,0.01805938,0.018067261,0.020632157,0.01865822,0.01816484,0.01810697,0.018736253,1.6205883,0.019230386,0.01998852,0.018850947,0.020334108,0.018270865,0.027984405,0.024044696,0.022703512,0.019266635,0.13521926,0.018203322,0.016682265,0.019926492,0.014442786,0.015633384,0.026747003,0.016102184,0.029847283,0.018325057,0.016175622,0.032517232,0.026837096,0.03472646,0.03817055,0.025708705
